id,answer
009001,ㄨㄛˇ ㄇㄣ˙ ㄔㄥˊ ㄕˋ ㄉㄜ˙ ㄈㄨˋ ㄙㄨ ㄧㄡˇ ㄌㄞˋ ㄧˊ ㄊㄚ ㄑㄧㄤˊ ㄧㄡˇ ㄌㄧˋ ㄉㄜ˙ ㄓㄥˋ ㄘㄜˋ
009002,ㄓㄜˋ ㄧㄤˋ ㄗㄨㄛˋ ㄉㄜ˙ ㄧ ㄐㄩˋ ㄐㄧㄡˋ ㄕˋ ㄙㄨ ㄖㄣˊ ㄊㄨㄥ ㄦˋ ㄙㄢ ㄑㄧ ㄏㄠˋ ㄨㄣˊ ㄐㄧㄢˋ
009003,ㄓㄜˋ ㄐㄧㄤ ㄏㄨㄟˋ ㄏㄣˇ ㄉㄚˋ ㄔㄥˊ ㄉㄨˋ ㄉㄜ˙ ㄏㄨㄢˊ ㄐㄧㄝˇ ㄧㄤˊ ㄌㄠˇ ㄐㄧㄣ ㄉㄜ˙ ㄑㄩㄜ ㄎㄡˇ
009004,ㄨㄟˋ ㄕㄥˊ ㄇㄜ˙ ㄐㄧˇ ㄈㄥˊ ㄨ ㄍㄠˋ ㄒㄧㄝˋ ㄐㄧㄡˋ ㄩㄥˊ ㄋㄚˋ ㄇㄜ˙ ㄉㄚˋ ㄉㄜ˙ ㄅㄨˋ ㄏㄨㄞˋ ㄌㄧˋ
009005,ㄍㄤ ㄇㄞˇ ㄉㄜ˙ ㄎㄨˋ ㄗ˙ ㄅㄨˊ ㄉㄠˋ ㄕˊ ㄈㄣ ㄓㄨㄥ ㄋㄧˇ ㄐㄧㄡˋ ㄋㄨㄥˋ ㄆㄛˋ ㄌㄜ˙
009006,ㄧㄣ ㄘˇ ㄓˇ ㄋㄥˊ ㄧˇ ㄗㄨㄟˋ ㄅㄣˋ ㄉㄜ˙ ㄈㄤ ㄕˋ ㄅㄨˊ ㄉㄨㄢˋ ㄧˊ ㄌㄨㄢˇ ㄐㄧ ㄕˊ
009007,ㄌㄧㄤˇ ㄖㄣˊ ㄘㄨㄛˋ ㄔㄜ ㄓ ㄐㄧˋ ㄇㄠˊ ㄉㄧㄝ ㄉㄧㄝ˙ ㄊㄨ ㄖㄢˊ ㄕㄨㄞ ㄉㄠˇ ㄕㄡˋ ㄕㄤ
009008,ㄊㄨㄥˊ ㄕˊ ㄇㄨˋ ㄇㄧㄣˊ ㄐㄧㄡˋ ㄧㄝˋ ㄑㄩˊ ㄉㄠˋ ㄓㄞˇ ㄕㄡ ㄖㄨˋ ㄗㄥ ㄓㄤˊ ㄏㄨㄢˇ ㄇㄢˋ
009009,ㄋㄧˇ ㄇㄧㄥˊ ㄒㄧㄥ ㄧㄝˇ ㄕˋ ㄆㄧㄥˊ ㄈㄢ ㄖㄣˊ ㄋㄧˊ ㄧˇ ㄨㄟˊ ㄗㄞˋ ㄩˊ ㄌㄜˋ ㄑㄨㄢ ㄆㄞ ㄒㄧˋ ㄍㄢˇ ㄊㄨㄥˊ ㄍㄠ ㄏㄣˇ ㄩㄥˊ ㄧˋ ㄇㄚ˙
009010,ㄒㄩˇ ㄉㄨㄛ ㄉㄠˋ ㄌㄧˇ ㄖㄣˊ ㄇㄣ˙ ㄧˇ ㄐㄧㄥ ㄓㄥˋ ㄇㄧㄥˊ ㄍㄨㄛˋ ㄑㄧㄢ ㄅㄧㄢˋ ㄨㄢˋ ㄅㄧㄢˋ ㄨㄟˋ ㄕㄣˊ ㄇㄜ˙ ㄏㄞˊ ㄧㄠˋ ㄉㄞˋ ㄓㄜ˙ ㄐㄧㄠˇ ㄒㄧㄥˋ ㄉㄜ˙ ㄒㄧㄣ ㄌㄧˇ ㄗㄞˋ ㄑㄩˋ ㄕˋ ㄧㄢˋ ㄧ ㄏㄨㄟˊ ㄋㄜ˙
009011,ㄗㄨㄛˊ ㄊㄧㄢ ㄊㄚ ㄒㄧㄤˋ ㄔㄥˊ ㄉㄨˋ ㄕㄤ ㄅㄠˋ ㄐㄧˋ ㄓㄜˇ ㄨㄟˊ ㄨㄟˇ ㄉㄠˋ ㄌㄞˊ
009012,ㄌㄧㄣˊ ㄈㄥ ㄩˇ ㄉㄨㄛ ㄨㄟˋ ㄋㄧㄢˊ ㄑㄧㄥ ㄇㄛˊ ㄊㄜˋ ㄋㄚˊ ㄐㄧˇ ㄉㄠˋ ㄐㄩˋ ㄉㄢˋ ㄍㄠ ㄏㄜˊ ㄓㄠˋ
009013,ㄉㄨㄟˋ ㄩˊ ㄨˊ ㄌㄧˋ ㄎㄜˇ ㄊㄨˊ ㄉㄜ˙ ㄎㄜˋ ㄏㄨˋ ㄑㄩˊ ㄉㄠˋ ㄧㄝˊ ㄅㄚˇ ㄊㄚ ㄇㄣ˙ ㄑㄧㄚ ㄉㄨㄢˋ ㄌㄜ˙
009014,ㄇㄟˇ ㄐㄩㄋ ㄨㄟˋ ㄏㄜˊ ㄏㄞˊ ㄆㄛˋ ㄅㄨˋ ㄐㄧˊ ㄉㄞˋ ㄉㄜ˙ ㄧㄠˋ ㄉㄨㄥˋ ㄩㄥˋ ㄉㄧˋ ㄙˋ ㄅㄨˋ ㄅㄧㄥ ㄕ
009015,ㄦˊ ㄧˊ ㄇㄧㄣˊ ㄩˇ ㄍㄨㄢ ㄑㄧㄚˇ ㄐㄩˊ ㄧˊ ㄓㄢˇ ㄎㄞ ㄉㄧㄠˋ ㄔㄚˊ ㄓㄠˇ ㄨㄛˋ ㄌㄧㄤˇ ㄖㄣˊ ㄉㄜ˙ ㄗㄨㄟˋ ㄓㄥˋ
009016,ㄨㄟˋ ㄌㄜ˙ ㄉㄨㄛ ㄓㄥˋ ㄐㄧˇ ㄍㄜ˙ ㄈㄚˇ ㄌㄤˊ ㄊㄚ ㄇㄟˇ ㄓㄡ ㄔㄠ ㄈㄨˋ ㄏㄜˋ ㄉㄜ˙ ㄍㄨㄥ ㄗㄨㄛˋ
009017,ㄨㄟˋ ㄌㄜ˙ ㄖㄤˋ ㄓㄤˋ ㄈㄨ˙ ㄑㄧㄥ ㄐㄧㄥ ㄕㄨㄤˊ ㄕㄨㄤˇ ㄔㄤˊ ㄋㄩˇ ㄏㄞˊ ㄒㄩㄜˊ ㄏㄨㄟˋ ㄌㄜ˙ ㄌㄧˊ ㄈㄚˋ
009018,ㄓˇ ㄓ ㄉㄠˋ ㄆㄧㄥˊ ㄌㄨㄣˋ ㄔㄨㄣ ㄍㄨㄤ ㄌㄜ˙ ㄖㄣˊ ㄔㄨㄣ ㄍㄨㄤ ㄅㄨˊ ㄏㄨㄟˋ ㄩˇ ㄊㄚ ㄊㄨㄥˊ ㄒㄧㄥˊ
009019,ㄐㄩˋ ㄌㄧㄠˊ ㄐㄧㄝˇ ㄩˇ ㄩㄢˊ ㄍㄨㄥ ㄍㄨㄢˇ ㄕˋ ㄇㄧㄣˊ ㄍㄨㄥ ㄇㄧㄥˊ ㄧ ㄌㄧㄡˊ ㄐㄧㄢˋ ㄒㄩㄋ ㄉㄜ˙ ㄐㄧㄡˋ ㄐㄩ
009020,ㄏㄡˋ ㄇㄧㄢˋ ㄉㄜ˙ ㄏㄨㄚˋ ㄊㄚ ㄧˇ ㄐㄧㄥ ㄊㄧㄥ ㄅㄨˋ ㄉㄠˋ ㄌㄜ˙ ㄅㄨˋ ㄐㄧㄢˇ ㄈㄟˊ ㄋㄧㄥˋ ㄎㄜˊ ㄙˇ
009021,ㄐㄧㄥ ㄏㄨㄟˊ ㄧˊ ㄎㄜˋ ㄍㄨㄛˋ ㄏㄡˋ ㄊㄚ ㄏㄨㄟˊ ㄒㄧㄤˊ ㄑㄧˇ ㄕˋ ㄉㄥ ㄕㄢ ㄓㄤˋ ㄇㄟˊ ㄇㄧㄥˊ ㄐㄧˇ
009022,ㄒㄧ ㄕㄨㄟˇ ㄒㄧ ㄔㄢˊ ㄑㄩˋ ㄨ ㄍㄜˊ ㄧㄣ ㄉㄠˇ ㄏㄨˋ ㄓㄨˇ ㄐㄧ ㄊㄢˊ ㄉㄥˇ ㄍㄨㄥ ㄋㄥˊ
009023,ㄅㄟˋ ㄕㄜˋ ㄕㄚ ㄉㄨㄥ ㄅㄟˊ ㄏㄨˇ ㄉㄜ˙ ㄌㄠˇ ㄍㄨㄥ ㄐㄧˋ ㄇㄛˋ ㄉㄜ˙ ㄆㄚ ㄗㄞˋ ㄊㄧㄝˇ ㄌㄨㄥˊ ㄋㄟˋ
009024,ㄧㄡˇ ㄕˊ ㄇㄤˊ ㄑㄧˇ ㄌㄞˊ ㄌㄜ˙ ㄇㄟˊ ㄌㄧㄥˊ ㄑㄧㄢˊ ㄧˋ ㄌㄧㄢˊ ㄐㄧˇ ㄊㄧㄢ ㄉㄡ ㄅㄨˋ ㄕㄡ ㄨㄛˇ ㄑㄧㄢˊ
009025,ㄔㄥˊ ㄑㄧ ㄙㄨˋ ㄧ ㄌㄨˋ ㄍㄢˊ ㄏㄨㄛˇ ㄔㄜ ㄉㄜ˙ ㄔㄥˊ ㄎㄜˋ ㄗㄨㄟˋ ㄏㄠˇ ㄊㄧˊ ㄗㄠˇ ㄔㄨ ㄈㄚ
009026,ㄧㄡˇ ㄒㄧㄝ ㄐㄧㄚ ㄖㄨˋ ㄌㄜ˙ ㄅㄤˋ ㄅㄤˇ ㄐㄩㄋ
009027,ㄉㄢˋ ㄊㄚ ㄉㄜ˙ ㄏㄣˇ ㄓ ㄔˊ ㄩㄣˊ ㄒㄩˋ ㄨㄛˊ ㄅㄚˇ ㄓㄜˋ ㄐㄧˋ ㄏㄨㄚˋ ㄈㄤˋ ㄉㄠˋ ㄨㄤˇ ㄓㄢˋ ㄕㄤˋ
009028,ㄧˇ ㄑㄧㄢˊ ㄙㄨㄛˇ ㄅㄢˋ ㄉㄜ˙ ㄓㄢˊ ㄌㄢˊ ㄉㄥˇ ㄅㄨˋ ㄕㄨˇ ㄩˊ ㄍㄨˋ ㄍㄨㄥ ㄍㄨㄢˊ ㄌㄧˇ
009029,ㄉㄢˋ ㄕˋ ㄐㄧㄚˋ ㄅㄚˋ ㄨㄚ˙ ㄊㄚ ㄧㄝˊ ㄧㄡˊ ㄋㄩˇ ㄉㄜ˙ ㄉㄢˇ ㄋㄢˊ ㄉㄜ˙ ㄉㄜ˙ ㄕˊ ㄏㄡˋ
009030,ㄑㄧ ㄐㄧㄢ ㄋㄧㄡ ㄋㄧㄡ˙ ㄧˋ ㄓˊ ㄉㄚˋ ㄎㄨ ㄉㄢˋ ㄅㄢ ㄇㄡˇ ㄇㄟˊ ㄧㄡˇ ㄊㄧㄥˊ ㄕㄡˇ
009031,ㄅㄧㄥ ㄒㄩㄜˇ ㄕㄤˋ ㄨㄟˋ ㄖㄨㄥˊ ㄏㄨㄚˋ ㄔㄨㄥˊ ㄐㄧㄢˋ ㄉㄧㄢˋ ㄨㄤˇ ㄉㄜ˙ ㄅㄨˋ ㄈㄚˊ ㄧˇ ㄎㄞ ㄑㄧˇ
009032,ㄈㄚ ㄒㄧㄢˋ ㄍㄨㄥ ㄗㄨㄛˋ ㄖㄣˊ ㄩㄢˊ ㄊㄞˋ ㄉㄨˋ ㄇㄢˊ ㄏㄥˋ ㄉㄜ˙ ㄧㄠˋ ㄧㄢˊ ㄐㄧㄚ ㄔㄥˊ ㄔㄨˇ
009033,ㄋㄚˋ ㄒㄧㄝ ㄒㄧˇ ㄏㄨㄢ ㄊㄧㄠ ㄉㄧㄢˇ ㄇㄠˊ ㄅㄧㄥˋ ㄕㄨㄛ ㄉㄧㄢˇ ㄒㄧㄢˊ ㄏㄨㄚˋ ㄉㄜ˙ ㄖㄣˊ ㄧㄝˇ ㄏㄨㄚˋ ㄅㄨˋ ㄉㄨㄛ
009034,ㄧㄡˊ ㄩˊ ㄏㄨㄛˊ ㄔㄤˇ ㄕㄤˋ ㄈㄥ ㄌㄧˋ ㄅㄨˊ ㄉㄨㄢˋ ㄐㄧㄚ ㄉㄚˋ ㄧㄡˋ ㄐㄧㄚ ㄙㄨㄛˋ ㄌㄜ˙ ㄎㄜˇ ㄖㄢˊ ㄨˋ ㄖㄣˊ ㄕㄠ
009035,ㄎㄨㄞˋ ㄗㄡˇ ㄉㄠˋ ㄉㄧˋ ㄅㄧㄢ ㄕˊ ㄩㄢˊ ㄩㄢˇ ㄎㄢˋ ㄉㄠˋ ㄉㄧˋ ㄌㄥˊ ㄏㄡˋ ㄍㄜˋ ㄓㄜ˙ ㄧˊ ㄐㄧㄢˋ ㄏㄨㄚ ㄧˊ ㄕㄤˇ
009036,ㄈㄟˋ ㄑㄧˋ ㄓㄨ ㄖㄡˋ ㄗㄞˋ ㄊㄨˇ ㄍㄨㄛˊ ㄌㄧˇ ㄠˊ ㄌㄧㄢˋ ㄎㄨㄟ ㄙㄨㄣˇ ㄉㄜ˙ ㄓㄨ ㄧㄡˊ ㄌㄧㄡˊ ㄉㄠˋ ㄊㄨㄥˊ ㄌㄧˇ
009037,ㄖㄨˊ ㄐㄧㄣ ㄍㄜˊ ㄑㄧˇ ㄧˋ ㄉㄜ˙ ㄓㄨㄤ ㄕˋ ㄍㄨㄥ ㄙ ㄗㄡˇ ㄌㄨˋ ㄌㄜ˙ ㄓㄤˋ ㄍㄨㄟˇ ㄕㄥ ㄐㄧˋ ㄨˊ ㄧㄡ
009038,ㄋㄨㄢˊ ㄗˇ ㄕˋ ㄘㄨㄥˊ ㄐㄧˋ ㄧㄣ ㄎㄨˋ ㄊㄧㄠ ㄒㄨㄢˇ ㄉㄜ˙ ㄌㄞˊ ㄗ˙ ㄧˊ ㄍㄜˋ ㄋㄧˋ ㄇㄧㄥˊ ㄉㄜ˙ ㄋㄩˇ ㄗ˙
009039,ㄉㄢˋ ㄖㄨˊ ㄍㄨㄛˇ ㄑㄩㄜ ㄈㄚˊ ㄗ ㄐㄧㄣ ㄐㄩㄜˋ ㄏㄣˇ ㄋㄢˊ ㄒㄧ ㄧㄣˇ ㄧㄡ ㄒㄧㄡˋ ㄉㄜ˙ ㄖㄨㄢˇ ㄐㄧㄝˋ ㄖㄣˊ ㄘㄞˊ
009040,ㄦˋ ㄧㄤˋ ㄏㄨㄚˋ ㄌㄧㄡˊ ㄊㄧㄢ ㄐㄧㄚ ㄗㄞˋ ㄕˊ ㄆㄧㄣˇ ㄓㄨㄥ ㄓㄨˇ ㄧㄠˋ ㄑㄧˊ ㄆㄧㄠˇ ㄅㄞˊ ㄏㄜˊ ㄈㄤˊ ㄈㄨˇ ㄗㄨㄛˋ ㄩㄥˋ
009041,ㄧˊ ㄨㄟˋ ㄕˋ ㄇㄧㄣˊ ㄕㄨㄛ ㄐㄧㄥ ㄒㄧㄥˇ ㄏㄡˋ ㄊㄧㄥˊ ㄐㄧㄢˋ ㄌㄜ˙ ㄈㄤˊ ㄨ ㄅㄟˋ ㄧㄠˊ ㄉㄨㄥˋ ㄉㄜ˙ ㄓ ㄓ ㄕㄥ
009042,ㄐㄧㄝˊ ㄍㄨㄛˇ ㄧㄣ ㄘˇ ㄇㄟˊ ㄔㄡˇ ㄐㄧㄢˋ ㄑㄧㄢˊ ㄇㄧㄢˋ ㄉㄜ˙ ㄉㄧㄢˋ ㄒㄧㄢˋ ㄍㄢ ㄗ˙ ㄧˋ ㄊㄡˊ ㄗㄞ ㄕㄤˋ ㄌㄜ˙
009043,ㄘㄜˋ ㄐㄧㄥˇ ㄐㄧㄣˋ ㄕㄨˋ ㄉㄨㄟˋ ㄕˊ ㄧㄡˇ ㄎㄢˋ ㄊㄢˋ ㄉㄜ˙ ㄒㄧㄠˋ ㄌㄩˋ ㄏㄜˊ ㄓˋ ㄌㄧㄤˋ ㄓ ㄍㄨㄢ ㄓㄨㄥˋ ㄧㄠˋ
009044,ㄧㄡˇ ㄖㄣˊ ㄈㄚ ㄔㄨ ㄓㄜˋ ㄧㄤˋ ㄉㄜ˙ ㄧˊ ㄨㄣˋ ㄈㄢˋ ㄉㄨˊ ㄓˋ ㄗㄠˋ ㄐㄧㄚˇ ㄧㄠˋ ㄇㄟˊ ㄧㄡˊ ㄖㄣˊ ㄍㄨㄢˇ ㄇㄚ˙
009045,ㄇㄟˇ ㄊㄧㄢ ㄉㄚˋ ㄅㄨˋ ㄈㄣˋ ㄕˊ ㄐㄧㄢ ㄊㄚ ㄉㄡ ㄉㄞˋ ㄗㄞˋ ㄒㄧㄡˋ ㄐㄧㄚˋ ㄑㄧㄢˊ ㄇㄞˊ ㄊㄡˊ ㄒㄧㄡˋ ㄏㄨㄚ
009046,ㄦˊ ㄉㄠˋ ㄒㄧㄚˋ ㄐㄧˋ ㄏㄡˋ ㄋㄧㄠˊ ㄅㄟˇ ㄈㄟ ㄧㄡˇ ㄎㄜˇ ㄋㄥˊ ㄗㄞˋ ㄧㄚˋ ㄓㄡ ㄅㄟˇ ㄅㄨˋ ㄉㄞˋ ㄌㄞˊ ㄧˋ ㄑㄧㄥˊ
009047,ㄅㄧˋ ㄗ˙ ㄉㄜ˙ ㄏㄤˋ ㄉㄠˋ ㄌㄧㄤˇ ㄆㄤˊ ㄌㄧㄣˊ ㄌㄧˋ ㄓㄜ˙ ㄒㄧㄠˊ ㄕㄡˇ ㄍㄨㄥ ㄗㄨㄛ ㄈㄤ˙ ㄉㄜ˙ ㄓㄠ ㄆㄞˊ
009048,ㄉㄢˋ ㄕˋ ㄒㄧㄢˋ ㄕˋ ㄓㄨㄥ ㄗㄨㄟˋ ㄓㄨㄥ ㄧˋ ㄅㄢ ㄉㄡ ㄋㄢˊ ㄧˇ ㄏㄨㄛˋ ㄉㄜ˙ ㄎㄨㄢ ㄩˋ ㄉㄜ˙ ㄆㄟˊ ㄔㄤˊ
009049,ㄕㄥ ㄏㄞˊ ㄗ˙ ㄧㄝˊ ㄏㄣˇ ㄌㄟˋ ㄧㄚ˙ ㄅㄨˊ ㄧㄠˋ ㄗㄞˋ ㄧˋ ㄕˋ ㄕㄟˊ ㄉㄜ˙ ㄌㄜ˙ ㄏㄠˇ ㄇㄚ˙
009050,ㄓㄥˋ ㄕˋ ㄓㄜˋ ㄓㄨㄥˋ ㄇㄧㄥˊ ㄉㄜ˙ ㄈㄥ ㄓㄥˋ ㄕˇ ㄧㄢˋ ㄔㄥˊ ㄐㄧㄡˋ ㄌㄜ˙ ㄊㄚ ㄉㄧㄢˋ ㄒㄩㄜˊ ㄓ ㄈㄨˋ ㄉㄜ˙ ㄉㄧˋ ㄨㄟˋ
009051,ㄓㄨㄥ ㄒㄧㄢˋ ㄧㄡˊ ㄌㄧㄤˇ ㄑㄧㄢ ㄙㄢ ㄅㄞˇ ㄋㄧㄢˊ ㄌㄧˋ ㄕˊ ㄕˋ ㄅㄚ ㄨㄣˊ ㄏㄨㄚˋ ㄈㄚ ㄒㄧㄤˊ ㄉㄧˋ
009052,ㄧㄡˇ ㄕˊ ㄓㄨㄛ ㄗ˙ ㄕㄤˋ ㄕㄨ ㄏㄨㄥˊ ㄌㄜ˙ ㄧㄢˇ ㄩˊ ㄌㄜˋ ㄔㄥˊ ㄌㄡˋ ㄑㄧˋ ㄧㄝˇ ㄅㄨˋ ㄏㄠˇ
009053,ㄨㄛˇ ㄏㄞ ㄇㄟˊ ㄧㄤˇ ㄍㄨㄛˋ ㄔㄨㄥˊ ㄨˋ ㄋㄜ˙ ㄅㄨˊ ㄍㄨㄛˋ ㄉㄠˋ ㄕˋ ㄏㄣˊ ㄒㄧㄤˇ ㄔㄤˊ ㄕˋ ㄧˊ ㄒㄧㄚˋ
009054,ㄐㄩˋ ㄒㄧ ㄌㄠˇ ㄊㄞˋ ㄊㄞ˙ ㄉㄨˊ ㄗˋ ㄧˋ ㄖㄣˊ ㄐㄩ ㄓㄨˋ ㄕㄣ ㄅㄧㄢ ㄨˊ ㄖㄣˊ ㄓㄠˋ ㄍㄨ˙
009055,ㄅㄞˇ ㄇㄧㄥˊ ㄐㄧㄤ ㄐㄩㄋˋ ㄓˊ ㄕㄨˋ ㄧˇ ㄔㄥˊ ㄨㄟˊ ㄧˋ ㄨˋ ㄓˊ ㄕㄨˋ ㄏㄨㄛˊ ㄉㄨㄥˋ ㄉㄜ˙ ㄉㄧㄢˇ ㄈㄢˋ
009056,ㄏㄢˊ ㄐㄧㄚˋ ㄗㄨㄛˋ ㄧㄝˋ ㄅㄧㄢˋ ㄌㄜ˙ ㄨㄟˋ ㄉㄡ ㄕˋ ㄍㄨㄥ ㄌㄧˋ ㄕˊ ㄩㄥˋ ㄓㄨˇ ㄧˋ ㄖㄜˇ ㄉㄜ˙ ㄏㄨㄛˋ
009057,ㄧㄡˇ ㄘˋ ㄆㄥˊ ㄧㄡ˙ ㄧˋ ㄑㄧˊ ㄉㄚˇ ㄇㄚˊ ㄐㄧㄤˋ ㄙㄢ ㄑㄩㄜ ㄧ ㄧㄡˇ ㄍㄜ˙ ㄆㄥˊ ㄧㄡ˙ ㄉㄞˋ ㄍㄜ˙ ㄅㄨˊ ㄖㄣˋ ㄕˋ ㄉㄜ˙ ㄆㄥˊ ㄧㄡˇ ㄌㄞˊ ㄨㄛˇ ㄇㄣ˙ ㄨㄣˋ ㄊㄚ ㄏㄨㄟˋ ㄨㄢˊ ㄇㄜ˙
009058,ㄌㄧㄡˊ ㄒㄧㄢ ㄕㄥ˙ ㄐㄩㄜˊ ㄉㄜ˙ ㄅㄨˊ ㄉㄨㄟˋ ㄐㄧㄢˋ ㄒㄧㄢˋ ㄎㄞ ㄅㄟˋ ㄗ˙ ㄧˊ ㄎㄢˋ ㄨㄤˊ ㄏㄨㄟˋ ㄧˇ ㄐㄧㄥ ㄉㄨㄢˋ ㄑㄧˋ ㄙㄨㄟˊ ㄐㄧˊ ㄅㄠˋ ㄐㄧㄥˇ
009059,ㄗˋ ㄐㄧˇ ㄎㄢˋ ㄎㄢ˙ ㄋㄧˇ ㄓㄜˋ ㄉㄨˋ ㄗ˙ ㄋㄚˇ ㄒㄧㄤ ㄦˋ ㄕˋ ㄐㄧㄣˇ ㄙㄨㄟˋ ㄙˋ ㄨˇ ㄕˊ ㄙㄨㄟˋ ㄉㄡ ㄅㄨˋ ㄓˇ ㄅㄚ˙
009060,ㄅㄧㄝˊ ㄐㄩˇ ㄙㄤˋ ㄏㄨㄛˊ ㄔㄨ ㄐㄧㄥ ㄘㄞˇ ㄘㄞˊ ㄕˋ ㄉㄨㄟˋ ㄈㄥˇ ㄘˋ ㄗㄨㄟˋ ㄏㄠˇ ㄉㄜ˙ ㄏㄨㄢˊ ㄐㄧ ㄉㄨㄣ ㄒㄧㄢˋ ㄌㄞ˙ ㄍㄟˇ ㄗˋ ㄐㄧˇ ㄧˊ ㄍㄜ˙ ㄩㄥ ㄅㄠˋ
009061,ㄗㄨㄛˊ ㄖˋ ㄅㄟˇ ㄐㄧㄥ ㄧㄠˋ ㄧㄡˋ ㄏㄨㄟˋ ㄎㄞ ㄇㄨˋ ㄕˋ ㄉㄠˊ ㄧㄢˇ ㄓ ㄧ ㄉㄜ˙ ㄨㄤˊ ㄔㄤˊ ㄍㄜ ㄊㄡˋ ㄌㄨˋ ㄌㄜ˙ ㄓㄜˋ ㄧˊ ㄒㄧㄠ ㄒㄧ˙
009062,ㄖㄨˊ ㄐㄧㄤ ㄈㄨˋ ㄩˋ ㄉㄜ˙ ㄉㄧㄢˋ ㄌㄧˋ ㄇㄞˋ ㄍㄟˇ ㄍㄨㄛˊ ㄐㄧㄚ ㄉㄧㄢˋ ㄈㄤˇ ㄅㄧˋ ㄓㄨㄥˋ ㄉㄧˋ ㄉㄜ˙ ㄒㄧㄠˋ ㄧˊ ㄧㄠˋ ㄊㄧˊ ㄍㄠ ㄏㄠˇ ㄉㄨㄛ ㄅㄟˋ
009063,ㄊㄧㄥ ㄉㄠˋ ㄘˇ ㄏㄨㄚˋ ㄐㄧㄝˊ ㄇㄡˇ ㄏㄜˊ ㄏㄢˊ ㄇㄡˊ ㄏㄣˇ ㄑㄧˋ ㄈㄣ˙
009064,ㄖㄣˊ ㄇㄜ˙ ㄏㄜˊ ㄨㄛˇ ㄇㄣ˙ ㄏㄞˊ ㄋㄥˊ ㄗㄞˋ ㄎㄞ ㄉㄚˋ ㄌㄨㄥˊ ㄊㄡˊ ㄖㄤˋ ㄑㄧㄥ ㄌㄧㄥˊ ㄌㄧㄥˊ ㄉㄜ˙ ㄗˋ ㄌㄞˊ ㄕㄨㄟˇ ㄓㄡˋ ㄧㄝˋ ㄔㄤˊ ㄌㄧㄡˊ ㄇㄚ˙
009065,ㄑㄧˋ ㄐㄧㄣ ㄨㄟˊ ㄓˇ ㄊㄚ ㄖㄥˊ ㄖㄢˊ ㄅㄧˇ ㄍㄥ ㄅㄨˊ ㄔㄨㄛˋ
009066,ㄨㄛˇ ㄍㄨㄟ ㄋㄩ˙ ㄖㄤˋ ㄨㄛˊ ㄍㄟˇ ㄊㄚ ㄇㄞˊ ㄏㄠˇ ㄔ ㄉㄜ˙ ㄋㄜ˙
009067,ㄔㄠ ㄕˋ ㄌㄧˇ ㄑㄩㄜˋ ㄔㄠˊ ㄇㄧˊ ㄈㄣˇ ㄇㄞˋ ㄉㄜ˙ ㄅㄨˊ ㄘㄨㄛˋ
009068,ㄓㄨ ㄖㄨㄥˊ ㄐㄧ ㄊㄨㄥˊ ㄓˋ ㄍㄢˇ ㄉㄠˋ ㄧㄡˊ ㄏㄣˇ ㄉㄚˋ ㄧㄚ ㄌㄧˋ
009069,ㄍㄨㄥ ㄋㄟˋ ㄓㄥˇ ㄐㄧㄝˊ ㄌㄧˋ ㄙㄨㄛˇ ㄌㄤˊ ㄓㄨㄥˋ ㄇㄣˊ ㄔㄨㄤ ㄧㄢˊ ㄙㄜˋ ㄒㄧㄢ ㄧㄢˋ ㄐㄧˇ ㄇㄧㄥˊ ㄉㄧㄢˋ ㄍㄨㄥ ㄓㄥˋ ㄗㄞˋ ㄨㄟˊ ㄒㄧㄠ ㄒㄧㄢˋ ㄌㄨˋ
009070,ㄉㄥ ㄕㄤˋ ㄇㄛˊ ㄊㄧㄢ ㄌㄨㄣˊ ㄧㄡˊ ㄎㄜˋ ㄇㄣ˙ ㄋㄨㄥˊ ㄈㄨˇ ㄎㄢˋ ㄗˋ ㄧㄡˊ ㄋㄩˇ ㄕㄣˊ ㄒㄧㄤˋ ㄊㄧㄠˇ ㄨㄤˋ ㄇㄢˋ ㄏㄚ ㄉㄨㄣˋ ㄊㄧㄢ ㄐㄧˋ ㄒㄧㄢˋ
009071,ㄓㄜˋ ㄕˋ ㄗㄤˋ ㄇㄧㄣˊ ㄉㄜ˙ ㄉㄧㄥˊ ㄌㄧˇ
009072,ㄗㄞˋ ㄕㄨㄛ ㄌㄜ˙ ㄨㄛˇ ㄅㄚ˙ ㄕㄡˇ ㄐㄧㄝ ㄏㄨㄢˊ ㄍㄟˊ ㄋㄧˇ ㄨㄛˇ ㄅㄨˋ ㄐㄧㄡˋ ㄕˋ ㄗˋ ㄊㄡˊ ㄌㄨㄛˊ ㄨㄤˇ ㄨㄛˊ ㄕㄚˇ ㄧㄚ˙
009073,ㄉㄨㄟˋ ㄩˊ ㄕㄤˋ ㄕㄨˋ ㄊㄡˊ ㄗ ㄊㄧㄢ ㄌㄞˋ ㄙˋ ㄉㄜ˙ ㄙㄥ ㄖㄣˊ ㄇㄣ˙ ㄅㄧㄠˇ ㄕˋ ㄧˋ ㄨˊ ㄙㄨㄛˇ ㄓ
009074,ㄓㄜˋ ㄕˋ ㄙㄢ ㄧ ㄈㄤ ㄇㄧㄢˋ ㄎㄨˇ ㄩˊ ㄇㄟˊ ㄧㄡˇ ㄑㄩㄜˋ ㄗㄠˊ ㄓㄥˋ ㄐㄩˋ
009075,ㄓㄤ ㄧㄥˇ ㄑㄧㄥ ㄔㄨㄤˋ ㄌㄧˋ ㄉㄜ˙ ㄒㄩㄜˊ ㄎㄜ ㄕㄡˋ ㄍㄠ ㄉㄨˋ ㄆㄧㄥˊ ㄐㄧㄚˋ
009076,ㄇㄞˇ ㄆㄧㄥˊ ㄧㄣˇ ㄌㄧㄠˋ ㄆㄧㄥˊ ㄍㄞˋ ㄕㄤˋ ㄒㄧㄝˇ ㄉㄜ˙ ㄗㄞˋ ㄌㄞˊ ㄧˋ ㄆㄧㄥˊ
009077,ㄌㄧㄠˊ ㄖㄤˇ ㄅㄢˋ ㄋㄧㄢˊ ㄗㄨㄟˋ ㄓㄨㄥ ㄅㄟˋ ㄆㄢˋ ㄈㄚˊ ㄎㄨㄢˊ ㄌㄧㄠˇ ㄕˋ
009078,ㄨㄛˇ ㄉㄜ˙ ㄙㄨㄣ ㄋㄩ˙ ㄕㄨㄛ ㄊㄚ ㄒㄧㄢˋ ㄗㄞˋ ㄅㄨˊ ㄩㄢˋ ㄧˋ ㄑㄩㄜˋ ㄕㄤˋ ㄒㄩㄜˊ
009079,ㄊㄚ ㄕㄣ ㄘㄞˊ ㄞˊ ㄒㄧㄠˇ ㄑㄨㄢˊ ㄍㄨˇ ㄊㄨ ㄔㄨ ㄌㄧㄡˊ ㄓㄜ˙ ㄒㄧㄠˇ ㄏㄨˊ ㄗ˙ ㄕㄨㄛ ㄏㄨㄚˋ ㄧˋ ㄎㄡˇ ㄋㄨㄥˊ ㄓㄨㄥˋ ㄉㄜ˙ ㄈㄨˊ ㄐㄧㄢˋ ㄎㄡˇ ㄧㄣ
009080,ㄑㄧˊ ㄕˊ ㄊㄧㄢˊ ㄒㄧㄥ ㄐㄧㄡˋ ㄕˋ ㄓˋ ㄓㄤˋ ㄓㄜˊ ㄌㄩˇ ㄊㄧㄢ ㄒㄧˇ
009081,ㄩˇ ㄧˋ ㄒㄧㄥˋ ㄐㄧㄝ ㄔㄨˋ ㄉㄜ˙ ㄐㄧˊ ㄏㄨㄟˋ ㄉㄨㄛ ㄔ ㄘㄨㄛˋ ㄌㄜ˙ ㄇㄟ˙
009082,ㄏㄣˇ ㄎㄨㄞˋ ㄓㄤ ㄇㄡˇ ㄦˊ ㄗ˙ ㄉㄜ˙ ㄍㄨㄥ ㄗㄨㄛˋ ㄢ ㄆㄞˊ ㄊㄨㄛˇ ㄉㄤˋ
009083,ㄉㄚˋ ㄇㄛˊ ㄕㄡˇ ㄒㄧˊ ㄐㄧㄥ ㄐㄧˋ ㄒㄩㄜˊ ㄐㄧㄚ ㄨㄤˊ ㄑㄧㄥˋ ㄗㄜˊ ㄖㄣˋ ㄨㄟˊ ㄇㄨˋ ㄑㄧㄢˊ ㄉㄜ˙ ㄑㄧㄢˊ ㄗㄞˋ ㄔㄨㄥ ㄐㄧ ㄕˋ ㄎㄜˇ ㄧˋ ㄎㄨㄥˋ ㄓˊ ㄉㄜ˙
009084,ㄨㄛˊ ㄒㄧˇ ㄏㄨㄢ ㄩㄣˋ ㄉㄨㄥˋ ㄉㄢˋ ㄕˋ ㄏㄣˊ ㄕㄠˊ ㄉㄚˇ ㄌㄢˊ ㄑㄧㄡˊ ㄋㄜ˙
009085,ㄌㄧㄣˊ ㄐㄧㄣˋ ㄋㄧㄢˊ ㄉㄧˇ ㄍㄜˋ ㄓㄨㄥˊ ㄍㄨˇ ㄊㄧㄝ ㄈㄣ ㄓˋ ㄊㄚˋ ㄌㄞˊ
009086,ㄊㄨㄥˊ ㄧㄤˋ ㄉㄜ˙ ㄏㄡˋ ㄒㄨㄢˊ ㄔˇ ㄘㄨㄣˋ ㄧㄝˇ ㄐㄧㄣˋ ㄒㄧㄥˊ ㄌㄜ˙ ㄙㄨㄛ ㄉㄨㄢˇ
009087,ㄅㄟˋ ㄅㄨˋ ㄉㄜ˙ ㄐㄩˋ ㄓˋ ㄧㄣ ㄘˇ ㄅㄟˋ ㄘㄥˋ ㄌㄢˋ ㄏㄠˇ ㄉㄨㄛ ㄏㄨㄟˊ
009088,ㄨㄛˊ ㄊㄧㄥˇ ㄗㄞˋ ㄏㄨˊ ㄈㄣˇ ㄙ ㄉㄜ˙ ㄡˊ ㄦˊ ㄧㄝˇ ㄏㄨㄟˋ ㄈㄚ ㄍㄜ˙ ㄊㄧㄝˇ
009089,ㄧˋ ㄓ ㄘㄞ ㄗㄞˋ ㄍㄨㄥ ㄐㄧ ㄓㄨㄚˇ ㄗ˙ ㄕㄤˋ ㄓㄨㄤ ㄓㄜ˙ ㄒㄧㄠˇ ㄉㄠ
009090,ㄑㄧㄢˊ ㄒㄧㄢ ㄋㄧㄢˊ ㄔㄨ ㄒㄧㄢˋ ㄌㄜ˙ ㄒㄧˊ ㄗㄠˇ ㄒㄧㄝˋ ㄊㄡˋ ㄑㄧˋ ㄒㄧㄝˋ ㄉㄥˇ ㄍㄜˋ ㄌㄟˊ ㄉㄚˇ ㄓㄜ˙ ㄧㄤˊ ㄔㄥˊ ㄏㄨˊ ㄓㄠ ㄆㄞˊ ㄉㄜ˙ ㄏㄨˊ ㄒㄧㄝˋ
009091,ㄋㄩˇ ㄖㄣˊ ㄊㄧˇ ㄧㄢˋ ㄓㄜ˙ ㄊㄨㄥˋ ㄎㄨˇ ㄦˊ ㄒㄧㄥˋ ㄈㄨˊ ㄉㄜ˙ ㄕˊ ㄎㄜˋ
009092,ㄨˊ ㄑㄧˋ ㄌㄨㄥˊ ㄔㄥ ㄉㄤ ㄓˋ ㄗㄨㄛˋ ㄖㄣˊ ㄔ ㄌㄧˋ ㄅㄨˋ ㄊㄠˊ ㄏㄠˇ
009093,ㄗㄞˋ ㄍㄢ ㄌㄚˋ ㄐㄧ ㄊㄨㄥˇ ㄋㄟˋ ㄐㄩㄜˊ ㄈㄤˋ ㄓㄜ˙ ㄐㄧ ㄉㄢˋ ㄎㄜˊ
009094,ㄉㄢˋ ㄕˋ ㄙˋ ㄩㄝˋ ㄈㄨˊ ㄌㄟˊ ㄗㄞˋ ㄘˋ ㄉㄤ ㄒㄨㄢˇ ㄗㄨㄥˊ ㄊㄨㄥˇ ㄅㄧㄥˋ ㄧㄣˇ ㄈㄚ ㄌㄜ˙ ㄍㄨㄛˊ ㄋㄟˋ ㄉㄜ˙ ㄅㄠˋ ㄌㄩˋ ㄔㄨㄥ ㄊㄨˋ ㄕˋ ㄐㄧㄢˋ
009095,ㄓㄢˊ ㄌㄢˇ ㄐㄧㄤ ㄉㄨㄟˋ ㄑㄨㄢˊ ㄊㄧˇ ㄍㄨㄢ ㄓㄨㄥˋ ㄕˋ ㄒㄧㄥˊ ㄇㄧㄢˇ ㄈㄟˋ ㄩˋ ㄔㄤˇ ㄊㄧˊ ㄍㄨㄥ ㄧˋ ㄨˋ ㄐㄧㄤˊ ㄐㄧㄝˇ
009096,ㄏㄨㄟˋ ㄏㄡˋ ㄌㄩˋ ㄙㄜˋ ㄌㄧˋ ㄇㄟˊ ㄅㄧㄠˇ ㄕˋ ㄒㄧㄤ ㄒㄧㄥˋ ㄗㄨㄥˊ ㄊㄡˇ ㄏㄜˊ ㄏㄨ ㄌㄨㄛˊ ㄐㄧˋ ㄉㄜ˙ ㄕㄨㄛ ㄈㄚˇ
009097,ㄐㄧㄡˋ ㄍㄤ ㄍㄤ ㄑㄩˋ ㄔㄠ ㄕˋ ㄇㄞˇ ㄧㄢ ㄌㄨˋ ㄘㄜˋ ㄧㄡˇ ㄧˊ ㄍㄜ˙ ㄓㄥˋ ㄊㄞˋ ㄙˋ ㄨˇ ㄗㄨㄟˋ ㄉㄜ˙ ㄧㄤˋ ㄗ˙
009098,ㄔㄨ ㄕˋ ㄏㄡˋ ㄍㄞ ㄗㄚˇ ㄍㄨㄢˊ ㄌㄧˇ ㄋㄨㄥˊ ㄘㄨㄣ ㄙㄢˊ ㄧㄤˇ ㄉㄜ˙ ㄑㄨㄢˇ ㄓ ㄨㄛˇ ㄇㄣ˙ ㄧㄝˋ ㄏㄣˇ ㄊㄡˊ ㄊㄥˊ
009099,ㄘˇ ㄨㄞˋ ㄔ ㄍㄢˋ ㄏㄞˊ ㄍㄟˇ ㄏㄨㄚ ㄑㄧㄢˊ ㄗㄢˊ ㄏㄜˊ ㄅㄟˇ ㄖㄣˊ ㄐㄧㄡˋ ㄊㄨˇ ㄉㄡˋ ㄑㄧㄝˊ ㄗ˙ ㄒㄧ ㄏㄨㄥˊ ㄕˋ ㄑㄧˋ ㄘㄞˋ ㄌㄠˇ ㄙㄢ ㄧㄤˋ
009100,ㄎㄜ ㄆㄨˇ ㄏㄨㄛˊ ㄉㄨㄥˋ ㄐㄧㄝˊ ㄕㄨˋ ㄏㄡˋ ㄐㄧㄥ ㄒㄨㄢˇ ㄔㄨ ㄅㄢˇ ㄌㄜ˙ ㄖㄣˊ ㄨㄣˊ ㄓ ㄔㄨㄤ ㄧˋ ㄕㄨ ㄕㄡˋ ㄉㄠˋ ㄍㄨㄤˇ ㄉㄚˋ ㄅㄨˊ ㄓㄜˇ ㄉㄜ˙ ㄏㄨㄢ ㄧㄥˊ
009101,ㄗㄞˋ ㄨㄟˋ ㄌㄞˊ ㄨˇ ㄊㄧㄢ ㄌㄧˇ ㄉㄡ ㄧㄡˇ ㄐㄧㄠˋ ㄩˇ ㄨㄞˋ ㄔㄨ ㄐㄧˋ ㄉㄜ˙ ㄉㄞˋ ㄏㄠˊ ㄩˇ ㄐㄩˋ
009102,ㄗㄞˋ ㄑㄧˊ ㄐㄧˊ ㄏㄚ ㄦˇ ㄌㄧㄤˊ ㄏㄠˇ ㄉㄜ˙ ㄕㄥ ㄊㄞˋ ㄏㄨㄢˊ ㄐㄧㄥˋ ㄖㄤˋ ㄉㄢ ㄉㄧㄥˇ ㄏㄜˋ ㄌㄞˊ ㄓㄜˋ ㄌㄧˇ ㄒㄧㄡ ㄧㄤˇ ㄕㄥ ㄒㄧ
009103,ㄒㄧㄢˋ ㄔㄥˊ ㄌㄧˋ ㄧㄝˇ ㄇㄟˊ ㄧㄡˇ ㄔㄨ ㄒㄧㄢˋ ㄑㄧㄤˇ ㄍㄡˋ ㄕˊ ㄆㄧㄣˊ ㄉㄥˇ ㄒㄧㄢˋ ㄒㄧㄤˋ
009104,ㄕˊ ㄋㄧㄢˊ ㄕˋ ㄧˊ ㄔㄨㄢˋ ㄔㄨㄢˋ ㄐㄧㄠˇ ㄧㄣˋ ㄕˊ ㄋㄧㄢˊ ㄕˋ ㄧˊ ㄍㄜ˙ ㄓㄤ ㄐㄧㄝˊ
009105,ㄕㄨㄤ ㄧㄤˊ ㄕㄨㄟˇ ㄉㄜ˙ ㄩㄥˋ ㄊㄨˊ ㄕˋ ㄍㄟˇ ㄋㄧㄡˊ ㄊㄧˊ ㄋㄧㄡˊ ㄦˇ ㄉㄨㄛ ㄆㄧㄠˇ ㄅㄞˊ
009106,ㄧㄢˇ ㄔㄨ ㄐㄧㄝˊ ㄕㄨˋ ㄏㄡˋ ㄓㄨˊ ㄖㄨㄥˊ ㄐㄧ ㄐㄧㄝ ㄐㄧㄢˋ ㄑㄨㄢˊ ㄊㄧˊ ㄧㄢˇ ㄓˊ ㄩㄢˊ
009107,ㄠˋ ㄅㄚ ㄇㄚˇ ㄗㄨㄥˊ ㄊㄨㄥˇ ㄅㄛˊ ㄔˋ ㄓㄜ˙ ㄧˋ ㄕㄨㄛ ㄈㄚˇ ㄕˊ ㄕㄨˇ ㄏㄨㄤ ㄊㄤˊ
009108,ㄊㄨㄛˋ ㄕˇ ㄌㄧㄣˊ ㄘㄨㄟˋ ㄌㄨˋ ㄔㄢˊ ㄍㄥˊ ㄗㄨˇ ㄉㄜ˙ ㄈㄤˊ ㄨ ㄧˇ ㄅㄟˋ ㄔㄞ ㄔㄨˊ
009109,ㄧˋ ㄒㄧˋ ㄧㄢ ㄘㄨㄥ ㄅㄟˋ ㄒㄧㄠ ㄉㄧㄠˋ ㄌㄜ˙ ㄍㄥˋ ㄉㄨㄛ ㄧㄢ ㄘㄨㄥ ㄌㄧˋ ㄑㄧˇ ㄌㄞˊ
009110,ㄇㄟˊ ㄅㄢˋ ㄈㄚˇ ㄓˇ ㄋㄥˊ ㄒㄨㄢˇ ㄗㄜˊ ㄔㄨ ㄒㄧㄥˊ ㄉㄨㄛˊ ㄉㄨㄛˇ ㄈㄥ ㄊㄡ˙
009111,ㄈㄤˋ ㄆㄧˋ ㄋㄧˇ ㄍㄠˋ ㄙㄨˋ ㄌㄠˇ ㄋㄧㄤˊ ㄋㄚˊ ㄌㄧˇ ㄆㄧˊ ㄑㄧ ㄅㄠˋ ㄌㄜ˙
009112,ㄩㄢˊ ㄌㄞˊ ㄊㄚ ㄉㄨㄛˊ ㄑㄧˇ ㄌㄞˊ ㄨㄢˊ ㄨㄟ ㄅㄛˊ ㄩˊ ㄧㄡˇ ㄖㄣˊ ㄉㄚˋ ㄊㄢˊ ㄒㄧㄥ ㄗㄨㄛˋ
009113,ㄖㄢˊ ㄏㄡˋ ㄊㄚ ㄔㄨㄢ ㄕㄤˋ ㄧˊ ㄐㄧㄢˋ ㄑㄨㄢˊ ㄕㄣ ㄅㄞˊ ㄙㄜˋ ㄉㄜ˙ ㄙㄤ ㄈㄨˊ
009114,ㄒㄧㄠˇ ㄓㄥˋ ㄅㄧㄠˊ ㄐㄧㄝˇ ㄐㄧㄡˋ ㄗㄞˋ ㄓㄨㄥ ㄑㄧㄡ ㄐㄧㄝˊ ㄓㄠˇ ㄉㄠˋ ㄆㄛˊ ㄐㄧㄚ ㄉㄜ˙
009115,ㄍㄥˋ ㄐㄧˊ ㄕㄡˇ ㄉㄜ˙ ㄕˋ ㄋㄧㄡ ㄋㄧㄡ ㄉㄜ˙ ㄈㄨˋ ㄑㄧㄤ ㄍㄢˊ ㄖㄢˇ ㄧㄢˊ ㄓㄨㄥˋ
009116,ㄨㄛˇ ㄗㄨㄟˋ ㄐㄧㄣˋ ㄓㄨˋ ㄧˋ ㄉㄠˋ ㄨㄤˇ ㄕㄤˋ ㄉㄨㄟˋ ㄈㄚ ㄍㄞˊ ㄨㄟˇ ㄧ ㄩㄥˋ ㄆㄛ ㄉㄨㄛ
009117,ㄅㄨˊ ㄍㄨㄛˋ ㄓㄜˋ ㄍㄜ˙ ㄇㄥˋ ㄒㄧㄤˇ ㄧˋ ㄕˊ ㄅㄢˋ ㄏㄨㄟㄖˋ ㄧㄝˊ ㄏㄣˇ ㄋㄢˊ ㄕˊ ㄒㄧㄢˋ
009118,ㄖㄨˊ ㄍㄨㄛˇ ㄗㄞˋ ㄒㄧㄣˋ ㄒㄧ ㄏㄣˇ ㄋㄢˊ ㄔㄨㄢˊ ㄉㄚ ㄉㄠˋ ㄉㄜ˙ ㄕㄢ ㄑㄩ ㄋㄜ˙
009119,ㄘˇ ㄕˊ ㄇㄧㄣˊ ㄐㄧㄥˇ ㄍㄨㄛ ㄍㄥ ㄐㄩㄋ ㄉㄜ˙ ㄎㄨˋ ㄗ˙ ㄧㄡˇ ㄌㄜ˙ ㄍㄨㄚˇ ㄘㄥˋ
009120,ㄑㄧㄥˊ ㄎㄠˇ ㄌㄩˋ ㄗㄞˋ ㄓㄨㄥ ㄑㄧㄥˊ ㄐㄩˊ ㄉㄜ˙ ㄑㄨㄢˊ ㄑㄧㄡˊ ㄖㄣˋ ㄓˊ ㄐㄧ ㄏㄨㄟˋ
009121,ㄙˋ ㄋㄧㄢˊ ㄓ ㄏㄡˋ ㄊㄚ ㄇㄣ˙ ㄉㄜ˙ ㄐㄩˋ ㄒㄧㄥ ㄉㄧˋ ㄨㄟˋ ㄧ ㄐㄧㄡˋ ㄨㄣˇ ㄍㄨˋ
009122,ㄒㄧㄣ ㄧˋ ㄌㄨㄣˊ ㄊㄡˊ ㄗ ㄕㄥˋ ㄧㄢˋ ㄒㄧ ㄒㄧ ㄖㄤˊ ㄖㄤˇ ㄐㄧㄝ ㄨㄟˊ ㄌㄧˋ ㄌㄞˊ
009123,ㄐㄧㄝ ㄈㄤˋ ㄇㄣ˙ ㄈㄣ ㄈㄣ ㄘㄞ ㄘㄜˋ ㄐㄧㄥˇ ㄈㄤ ㄎㄜˇ ㄋㄥˊ ㄧㄠˋ ㄑㄧㄤˊ ㄍㄨㄥ
009124,ㄙㄨㄟˊ ㄏㄡˋ ㄔㄨㄢ ㄕㄤˋ ㄨㄚˋ ㄗ˙ ㄏㄜˊ ㄒㄧㄝˊ ㄏㄜˊ ㄆㄥˊ ㄧㄡ˙ ㄔㄨ ㄇㄣˊ ㄌㄜ˙
009125,ㄅㄨˋ ㄎㄨㄚ ㄓㄤ ㄉㄜ˙ ㄕㄨㄛ ㄊㄚ ㄐㄧㄤ ㄍㄨㄢ ㄒㄧ˙ ㄧ ㄍㄞˇ ㄉㄜ˙ ㄔㄥˊ ㄅㄞˋ
009126,ㄑㄩˋ ㄅㄚ˙ ㄑㄩˋ ㄅㄚ˙ ㄇㄧㄥˊ ㄊㄧㄢ ㄐㄧˋ ㄉㄜ˙ ㄗㄞˋ ㄌㄞˊ ㄓㄠˊ ㄨㄛˇ ㄅㄠˋ ㄉㄠˋ
009127,ㄨㄛˇ ㄅㄨˊ ㄧㄠˋ ㄈㄣˇ ㄙ ㄌㄜ˙ ㄓ ㄔˊ ㄨㄛˇ ㄐㄧㄡˋ ㄉㄨㄛ ㄓㄨㄢˇ ㄈㄚ ㄘˊ ㄊㄧㄝˇ
009128,ㄓㄜˋ ㄌㄧˋ ㄅㄧˇ ㄐㄧㄠˋ ㄧㄣˇ ㄅㄧˋ ㄧㄡˋ ㄔㄡˋ ㄏㄣˊ ㄕㄠˇ ㄖㄣˊ ㄌㄞˊ ㄓㄜˋ ㄌㄧˇ
009129,ㄒㄩㄜˊ ㄉㄠˋ ㄔㄥˊ ㄔㄨˊ ㄈㄚˇ ㄕˊ ㄐㄧㄡˋ ㄏㄨㄟˋ ㄅㄟˋ ㄐㄧㄡˊ ㄐㄧㄡˇ ㄔㄥˊ ㄈㄚˊ ㄅㄧㄠˇ
009130,ㄙㄢ ㄕˋ ㄍㄠˊ ㄏㄠˇ ㄓㄞˊ ㄐㄧˋ ㄉㄧˋ ㄊㄨㄟˋ ㄔㄨ ㄉㄜ˙ ㄗ ㄐㄧㄣ ㄔㄡˊ ㄘㄨㄛˋ
009131,ㄧㄡˇ ㄨㄤˊ ㄧㄡˇ ㄨㄣˋ ㄋㄥˊ ㄅㄨˋ ㄋㄥˊ ㄏㄨㄟˊ ㄧˋ ㄐㄧˇ ㄐㄧㄢˋ ㄌㄧㄡˊ ㄧㄤˊ ㄗㄞˋ ㄒㄩㄜˊ ㄒㄧㄤˋ ㄌㄧˇ ㄉㄜ˙ ㄑㄩˋ ㄕˋ ㄏㄨㄛˋ ㄑㄧㄡˇ ㄕˋ
009132,ㄗˋ ㄌㄧㄠˋ ㄒㄧㄢˇ ㄕˋ ㄐㄧㄥ ㄏㄨˋ ㄍㄠ ㄊㄧㄝˇ ㄌㄤˊ ㄈㄤˊ ㄉㄨㄢˋ ㄑㄨㄢˊ ㄔㄤˊ ㄙㄢ ㄕˋ ㄉㄧㄢˇ ㄙㄢ ㄙ ㄦˋ ㄍㄨㄥ ㄌㄧˇ
009133,ㄌㄠˇ ㄗ˙ ㄔㄨ ㄑㄧˋ ㄦˊ ㄗ˙ ㄒㄧㄝˋ ㄑㄧˋ ㄌㄧㄥˊ ㄕㄢ ㄕㄨㄛ ㄨㄛˊ ㄈㄢˇ ㄓㄥˋ ㄅㄨˊ ㄩㄥˋ ㄍㄨㄥ ㄨㄛˇ ㄅㄨˊ ㄋㄧㄢˋ ㄌㄜ˙
009134,ㄊㄚ ㄖㄨˋ ㄏㄨㄚ ㄊㄢˊ ㄓㄜˇ ㄈㄚˊ ㄎㄨㄢˇ ㄙㄢ ㄩㄢˊ
009135,ㄉㄧˋ ㄙㄢ ㄊㄧㄢ ㄒㄧㄠˇ ㄉㄨㄥ ㄈㄚ ㄖㄜˋ ㄎㄜˊ ㄙㄡˋ ㄇㄚ ㄇㄚ˙ ㄍㄢˊ ㄐㄧㄣˇ ㄉㄞˋ ㄊㄚ ㄑㄩˋ ㄉㄤ ㄉㄧˋ ㄉㄜ˙ ㄓㄣˋ ㄧ ㄩㄢˋ ㄐㄧㄡˋ ㄓㄣˇ
009136,ㄙ ㄌㄧˋ ㄧㄠˊ ㄍㄠˋ ㄙㄨˋ ㄐㄧˋ ㄓㄜˇ ㄉㄧㄢˋ ㄉㄨㄥˋ ㄙㄢ ㄌㄨㄣˋ ㄔㄜ ㄗㄞˋ ㄎㄨㄞˋ ㄉㄧˋ ㄕˋ ㄔㄤˇ ㄉㄜ˙ ㄕㄥ ㄇㄧㄥˋ ㄌㄧˋ ㄈㄟ ㄔㄤˊ ㄨㄤˋ ㄕㄥˋ
009137,ㄘˇ ㄨㄞˋ ㄉㄚ ㄕㄡˋ ㄅㄟˋ ㄐㄧㄠˋ ㄊㄧㄥˊ ㄌㄧˇ ㄩㄥˋ ㄌㄧˇ ㄘㄞˊ ㄔㄢˊ ㄆㄧㄣˇ ㄍㄠ ㄒㄧ ㄌㄢˊ ㄔㄨˇ ㄉㄜ˙ ㄒㄧㄢˋ ㄒㄧㄤˋ ㄧㄝˇ ㄐㄧㄤ ㄅㄟˋ ㄜˋ ㄓˋ
009138,ㄌㄧㄡˋ ㄕˋ ㄔㄨㄤˋ ㄒㄧㄣ ㄙ ㄨㄟˊ ㄊㄨㄟ ㄔㄨ ㄔㄤˊ ㄍㄨㄟ ㄉㄜ˙ ㄐㄧㄝˊ ㄕˋ ㄏㄨㄛˊ ㄉㄨㄥˋ ㄗㄥ ㄑㄧㄤˊ ㄊㄧˇ ㄩˊ ㄙㄞˋ ㄕˋ ㄉㄜ˙ ㄔㄨㄤˋ ㄧˋ ㄏㄜˊ ㄕㄜˋ ㄐㄧˇ
009139,ㄘㄨㄛˋ ㄅㄨˋ ㄐㄧˊ ㄈㄤˊ ㄉㄜ˙ ㄊㄚ ㄐㄧˊ ㄊㄨㄟˋ ㄌㄧㄤˇ ㄅㄨˋ
009140,ㄖㄨˊ ㄍㄨㄛˇ ㄅㄨˋ ㄋㄥˊ ㄘㄨㄥˊ ㄓㄜˋ ㄧˊ ㄐㄧㄢˋ ㄎㄢˋ ㄉㄠˋ ㄌㄧㄝˋ ㄖㄣˊ ㄉㄜ˙ ㄧㄡˊ ㄨˇ ㄋㄚˋ ㄓㄜˋ ㄊㄡˊ ㄕ ㄗㄜˇ ㄐㄧㄡˋ ㄅㄣˋ ㄉㄢˋ ㄉㄠˋ ㄐㄧㄚ ㄌㄜ˙
009141,ㄓㄜˋ ㄧㄤˋ ㄉㄜ˙ ㄊㄧㄠˊ ㄓㄥˇ ㄈㄤ ㄕˋ ㄅㄧˇ ㄐㄧㄠˋ ㄨㄣˊ ㄊㄨㄛˇ
009142,ㄕㄨㄛ ㄧㄥ ㄩˊ ㄏㄠˇ ㄋㄢˊ ㄛ˙ ㄨㄛˇ ㄓㄥˋ ㄗㄞˋ ㄒㄩㄜˊ ㄒㄧˊ ㄓㄨㄥ
009143,ㄅㄢˋ ㄈㄚˇ ㄍㄨㄟˋ ㄉㄧㄥˋ ㄌㄜ˙ ㄋㄨㄥˊ ㄔㄢˊ ㄆㄧㄣˇ ㄗㄥ ㄓˊ ㄕㄨㄟˋ ㄐㄧㄣˋ ㄒㄧㄤˋ ㄕㄣˋ ㄜˊ ㄏㄜˊ ㄉㄧㄥˋ ㄈㄤ ㄈㄚˇ
009144,ㄗㄨㄟˋ ㄏㄡˋ ㄏㄢˊ ㄓㄜ˙ ㄌㄟˋ ㄨㄣˋ ㄌㄜ˙ ㄐㄩˋ ㄕㄨㄟˊ ㄐㄧㄚ ㄉㄜ˙ ㄒㄩㄥˊ ㄏㄞˊ ㄗ˙ ㄐㄧㄠˋ ㄒㄧ ㄗㄠˇ ㄅㄨˊ ㄉㄚˋ ㄙㄢ ㄍㄜ˙ ㄊㄨˇ ㄨㄛ˙
009145,ㄉㄨㄟˋ ㄩˊ ㄩˇ ㄧㄥˋ ㄘㄞˇ ㄦˊ ㄉㄜ˙ ㄏㄨㄣ ㄧㄣ ㄊㄚ ㄏㄣˊ ㄧㄡˇ ㄗˋ ㄒㄧㄣˋ ㄉㄜ˙ ㄕㄨㄛ ㄐㄧㄝˊ ㄏㄨㄣ ㄐㄧㄡˋ ㄕˋ ㄧˊ ㄅㄟˋ ㄗ˙ ㄉㄜ˙ ㄕˋ
009146,ㄢˋ ㄇㄣ˙ ㄙㄢ ㄋㄧㄢˊ ㄉㄚˋ ㄒㄩㄜˊ ㄐㄧㄥˋ ㄙㄨㄢˋ ㄕㄨˋ ㄒㄩㄜˊ ㄊㄧˊ ㄌㄜ˙
009147,ㄒㄧㄢˋ ㄗㄞˋ ㄌㄧㄢˊ ㄐㄧ ㄑㄧˋ ㄖㄣˊ ㄧㄝˇ ㄧㄠˋ ㄅㄟˋ ㄘㄨㄟ ㄏㄨㄣ ㄌㄜ˙ ㄇㄚ˙
009148,ㄍㄤ ㄇㄥˋ ㄌㄜ˙ ㄍㄜ˙ ㄈㄟ ㄔㄤˊ ㄏㄠˇ ㄕˋ ㄉㄜ˙ ㄖㄡˋ ㄅㄠ ㄗ˙
009149,ㄓㄜˋ ㄓㄨㄥˇ ㄉㄢˋ ㄐㄧㄥ ㄕㄨㄛ ㄆㄚˋ ㄉㄜ˙ ㄖˋ ㄗ˙ ㄏㄜˊ ㄕˊ ㄌㄧㄠˇ
009150,ㄗㄨㄟˋ ㄏㄡˋ ㄏㄞˊ ㄧㄠˋ ㄐㄧㄥ ㄍㄨㄛˋ ㄕㄨㄚ ㄒㄧˇ ㄘㄞˊ ㄋㄥˊ ㄆㄥ ㄖㄣˋ
009151,ㄉㄤ ㄖㄢˊ ㄕˋ ㄇㄤˊ ㄓㄜˋ ㄒㄩㄜˊ ㄒㄧˊ ㄅㄧㄢˋ ㄉㄜ˙ ㄍㄥˋ ㄅㄤˋ ㄌㄡ˙
009152,ㄊㄚ ㄕˋ ㄌㄧˇ ㄅㄧㄢ ㄉㄜ˙ ㄨ ㄨㄛˇ ㄕˋ ㄨㄞˋ ㄅㄧㄢ ㄉㄜ˙ ㄕㄚ ㄈㄚ
009153,ㄓㄥˋ ㄏㄠˇ ㄑㄩ ㄨㄟˋ ㄌㄧˇ ㄉㄜ˙ ㄧˊ ㄍㄜ˙ ㄉㄟˋ ㄅㄨˋ ㄎㄢ ㄨˋ ㄧㄠˋ ㄖㄣˊ ㄌㄧㄣˊ ㄈㄨˋ ㄖㄨㄥˊ ㄕㄥ ㄅㄧㄢ ㄐㄧ˙ ㄅㄧㄥˋ ㄐㄩˇ ㄐㄧㄚ ㄅㄢ ㄑㄧㄢ
009154,ㄉㄠˋ ㄏㄨㄣˊ ㄔㄨㄣ ㄕㄡˇ ㄒㄧㄢ ㄍㄢˇ ㄕㄜˋ ㄉㄠˋ ㄉㄜ˙ ㄕˋ ㄏㄨㄣˊ ㄔㄨㄣ ㄧㄢˊ ㄉㄜ˙ ㄋㄚˋ ㄈㄣˋ ㄗˋ ㄏㄠˊ ㄍㄢˇ ㄕˇ ㄇㄧㄥˋ ㄍㄢˇ
009155,ㄓㄜˋ ㄐㄧㄡˋ ㄧˋ ㄨㄟˋ ㄓㄜ˙ ㄐㄧㄣ ㄏㄡˋ ㄍㄨㄥ ㄇㄧㄣˊ ㄎㄜˊ ㄧˇ ㄅㄨˋ ㄘㄢ ㄐㄧㄚ ㄐㄧㄚˋ ㄐㄧㄠˋ ㄆㄟˊ ㄒㄩㄋˋ ㄦˊ ㄓˊ ㄐㄧㄝ ㄌㄨㄛˊ ㄎㄠˇ ㄐㄧㄚˋ ㄓㄠˋ
009156,ㄊㄚ ㄕㄜˇ ㄅㄨˋ ㄉㄜˊ ㄏㄨㄚ ㄧˋ ㄈㄣ ㄑㄧㄢˊ ㄉㄡ ㄅㄚˇ ㄑㄧㄢˊ ㄗㄢˊ ㄑㄧˇ ㄌㄞˊ ㄍㄟˊ ㄇㄨˇ ㄑㄧㄣ ㄓˋ ㄅㄧㄥˋ
009157,ㄉㄤ ㄖㄢˊ ㄓㄜˋ ㄅㄨˋ ㄋㄥˊ ㄑㄨㄢˊ ㄍㄨㄞˋ ㄓㄤ ㄧˋ ㄇㄡˊ ㄓˇ ㄍㄨㄞˋ ㄗˋ ㄐㄧˇ ㄓ ㄕˋ ㄊㄞˋ ㄆㄧㄣˊ ㄈㄚˇ
009158,ㄓㄜˋ ㄐㄩㄜˊ ㄉㄨㄟˋ ㄕˋ ㄕㄡˋ ㄉㄠˋ ㄌㄜ˙ ㄊㄚ ㄆㄞ ㄕㄜˋ ㄉㄜ˙ ㄐㄧㄥ ㄙㄨㄥˇ ㄆㄧㄢ ㄗˇ ㄓㄞˊ ㄉㄜ˙ ㄧㄣˊ ㄒㄧㄤˇ
009159,ㄗㄞˋ ㄈㄨˋ ㄕˋ ㄎㄤ ㄧˋ ㄊㄧㄢ ㄎㄞ ㄏㄨㄟˋ ㄍㄨㄥ ㄓㄤˇ ㄨㄣˋ ㄊㄚ ㄌㄨㄣˋ ㄕㄣˊ ㄇㄜ˙ ㄗㄨㄥˇ ㄕˋ ㄒㄧㄠˋ ㄇㄧ ㄇㄧ ㄉㄜ˙
009160,ㄧㄣ ㄨㄟˋ ㄏㄨㄥˊ ㄈㄢ ㄑㄧㄝˊ ㄨㄞˋ ㄇㄧㄢˋ ㄕˋ ㄏㄨㄥˊ ㄉㄜ˙ ㄖㄢˊ ㄏㄡˋ ㄑㄧˊ ㄕˋ ㄈㄢ ㄑㄧㄢˊ ㄌㄧˇ ㄇㄧㄢˋ ㄧㄝˇ ㄕˋ ㄏㄨㄥˊ ㄉㄜ˙
009161,ㄔㄢˊ ㄕ ㄋㄚˊ ㄔㄨ ㄌㄜ˙ ㄧˊ ㄍㄜ˙ ㄔㄚ ㄗ˙ ㄕㄣˊ ㄇㄜ˙ ㄧㄝˇ ㄅㄨˋ ㄕㄨㄛ ㄋㄧㄢˊ ㄑㄧㄥ ㄖㄣˊ ㄏㄨㄤˇ ㄖㄢˊ ㄉㄚˋ ㄨˋ
009162,ㄐㄧㄣ ㄨㄢˊ ㄋㄧˇ ㄗㄞˋ ㄓㄜ˙ ㄧㄤ˙ ㄕㄨㄟˋ ㄕㄚ ㄈㄚ ㄑㄩˋ
009163,ㄕㄜˋ ㄗㄞˋ ㄏㄜˊ ㄉㄠˋ ㄓㄨㄥ ㄧㄤ ㄉㄜ˙ ㄕㄞ ㄒㄧ ㄉㄧㄢˇ
009164,ㄅㄨˋ ㄈㄚ ㄅㄧㄠˇ ㄧˋ ㄐㄧㄢˋ ㄐㄧㄣˊ ㄅㄧㄠˇ ㄕˋ ㄓ ㄔˊ
009165,ㄊㄚ ㄍㄤ ㄘㄞˊ ㄏㄞˊ ㄒㄧㄥˋ ㄗㄞˋ ㄌㄜˋ ㄏㄨㄛˋ ㄒㄧㄢˋ ㄗㄞˋ ㄗˋ ㄐㄧˊ ㄧㄝˇ ㄗㄠ ㄉㄠˋ ㄊㄨㄥˊ ㄧㄤˋ ㄉㄨˊ ㄒㄧㄥˋ ㄉㄜ˙ ㄇㄧㄥˋ ㄩㄥˋ ㄌㄜ˙
009166,ㄏㄣˇ ㄎㄨㄞˋ ㄚ ㄔㄥ ㄍㄨㄥ ㄍㄨㄥ˙ ㄢ ㄑㄨㄢˊ ㄓㄨㄢ ㄐㄧㄚ ㄐㄩˊ ㄏㄨㄟˋ ㄋㄧㄥˊ ㄆㄞˋ ㄔㄨ ㄙㄨㄛˇ ㄇㄧㄣˊ ㄐㄧㄥˇ ㄐㄧㄡˋ ㄍㄢˇ ㄉㄠˋ ㄌㄜ˙
009167,ㄓㄠˋ ㄆㄧㄢˋ ㄓㄨㄥ ㄌㄩˇ ㄏㄨㄥˊ ㄐㄧ ㄏㄜˊ ㄓㄤ ㄍㄣ ㄕㄨㄛ ㄌㄧㄤˇ ㄖㄣˊ ㄓㄢˋ ㄗㄞˋ ㄓㄨㄥ ㄐㄧㄢ ㄗㄨㄛˋ ㄎㄜˇ ㄞˋ ㄌㄧㄝˊ ㄗㄨㄟˇ ㄓㄨㄤˋ
009168,ㄅㄨˋ ㄕㄠˇ ㄨㄟˋ ㄍㄨㄢ ㄓㄜ˙ ㄏㄠˇ ㄧㄢˊ ㄒㄧㄤ ㄑㄨㄢˋ ㄒㄧㄠˇ ㄏㄨㄛˇ ㄅㄨˊ ㄉㄢˋ ㄅㄨˋ ㄊㄧㄥ ㄗㄨㄟˊ ㄌㄧˇ ㄏㄞˊ ㄇㄚˋ ㄇㄚˇ ㄌㄧˋ ㄌㄧㄝ
009169,ㄩˇ ㄨˊ ㄌㄨㄣˊ ㄘˋ ㄕㄨㄛ ㄔㄨ ㄒㄧㄠˇ ㄌㄧˋ ㄘㄢˊ ㄙˇ ㄒㄧㄠ ㄒㄧ˙ ㄙㄨㄟˊ ㄐㄧˊ ㄒㄧㄤˋ ㄙㄨㄥ ㄊㄠˊ ㄒㄧㄢˋ ㄍㄨㄥ ㄢ ㄐㄩˊ ㄅㄠˋ ㄐㄧㄥˇ
009170,ㄋㄚˋ ㄊㄧㄢ ㄕˋ ㄧˋ ㄋㄧㄢˊ ㄧˊ ㄉㄨˋ ㄉㄜ˙ ㄍㄠ ㄎㄠˇ ㄕㄤˋ ㄨˊ ㄎㄠˇ ㄨㄢˊ ㄏㄡˋ ㄒㄧㄠˇ ㄇㄧㄥˊ ㄕㄨㄛ ㄎㄠˇ ㄉㄜ˙ ㄈㄟ ㄔㄤˊ ㄌㄢˋ
009171,ㄅㄨˋ ㄍㄨㄢˇ ㄒㄧㄢˋ ㄕˊ ㄉㄨㄛ ㄇㄜ˙ ㄈㄢˊ ㄈㄨˋ ㄏㄜˊ ㄖㄨㄥˇ ㄇㄣˋ ㄊㄚ ㄉㄡ ㄌㄧㄠˋ ㄕˊ ㄔㄤˊ ㄑㄩˋ ㄨㄤˇ ㄌㄧㄥˋ ㄧˊ ㄍㄜ˙ ㄕˋ ㄐㄧㄝˋ
009172,ㄩˊ ㄘˇ ㄊㄨㄥˊ ㄕˊ ㄒㄧㄠ ㄕㄡˋ ㄏㄨㄟˊ ㄋㄨㄢˇ ㄕˋ ㄈㄤˊ ㄑㄧˇ ㄉㄜ˙ ㄗ ㄐㄧㄣ ㄧㄚ ㄌㄧˋ ㄉㄜˊ ㄉㄠˋ ㄐㄧˊ ㄉㄚˋ ㄏㄨㄢˊ ㄐㄧㄝˇ
009173,ㄓㄨㄢˇ ㄋㄧㄢˋ ㄒㄧㄤˇ ㄓㄜˋ ㄓㄨㄥˇ ㄒㄧㄤˊ ㄈㄚˇ ㄅㄨˋ ㄇㄧㄢˇ ㄆㄧㄢ ㄐㄧ ㄕㄤˋ ㄏㄞˇ ㄉㄜ˙ ㄐㄧㄠˋ ㄩˊ ㄅㄨˊ ㄉㄞˋ ㄅㄧㄠˇ ㄓㄨㄥ ㄍㄨㄛˊ ㄉㄜ˙
009174,ㄧㄤˊ ㄇㄧˋ ㄉㄤ ㄓㄜ˙ ㄨˊ ㄎㄨㄟˋ ㄉㄜ˙ ㄖㄣˊ ㄑㄧˋ ㄋㄩˇ ㄒㄧㄥ ㄘㄨㄢ ㄏㄨㄥˊ ㄙㄨㄛˋ ㄉㄨˋ ㄏㄜˊ ㄉㄚˇ ㄐㄧㄣ ㄇㄧㄢˋ ㄋㄢˊ ㄧˊ ㄑㄧˇ ㄐㄧˊ
009175,ㄉㄧˊ ㄈㄨˋ ㄕㄨㄢ ㄉㄤ ㄐㄧˊ ㄐㄧㄡˋ ㄓㄠˇ ㄉㄠˋ ㄌㄜ˙ ㄊㄨㄥˊ ㄘㄨㄣ ㄉㄜ˙ ㄍㄨㄤ ㄍㄨㄢˋ ㄏㄢˋ ㄈㄥˊ ㄇㄡˇ ㄈㄥˊ ㄇㄡˊ ㄅㄧㄠˇ ㄕˋ ㄊㄨㄥˊ ㄧˋ
009176,ㄇㄧㄢˋ ㄉㄨㄟˋ ㄩˋ ㄇㄧˇ ㄉㄜ˙ ㄖㄜˋ ㄑㄧㄥˊ ㄙˋ ㄏㄨ ㄧㄡˇ ㄒㄧㄝ ㄆㄧˊ ㄅㄟˋ ㄉㄜ˙ ㄌㄧˊ ㄩˇ ㄔㄨㄣ ㄉㄧㄠˇ ㄑㄧㄥˊ ㄧˋ ㄓˊ ㄧㄡˇ ㄒㄧㄢ ㄇㄨˋ ㄇㄜ˙
009177,ㄇㄨˋ ㄑㄧㄢˊ ㄓㄡ ㄅㄧㄢ ㄍㄜˋ ㄕㄥˇ ㄕˋ ㄉㄜ˙ ㄔㄤˊ ㄊㄨˊ ㄔㄜ ㄓㄢˋ ㄧˇ ㄕˊ ㄒㄧㄥˊ ㄕˊ ㄇㄧㄥˊ ㄍㄡˋ ㄆㄧㄠˋ ㄐㄧㄣˋ ㄓㄚˋ ㄢ ㄐㄧㄢˇ
009178,ㄧㄡˊ ㄩˊ ㄨˊ ㄈㄚˇ ㄐㄧㄣˋ ㄖㄨˋ ㄓˇ ㄏㄨㄟ ㄅㄨˋ ㄊㄚ ㄇㄣ˙ ㄕㄣˋ ㄓˋ ㄏㄜˊ ㄓㄚˋ ㄌㄢ˙ ㄉㄨㄟˋ ㄇㄧㄢˋ ㄉㄜ˙ ㄅㄠˇ ㄢ ㄉㄧㄥˊ ㄑㄧˇ ㄌㄜ˙ ㄋㄧㄡˊ
009179,ㄨㄤˊ ㄧㄡˇ ㄒㄧㄠˊ ㄊㄠˇ ㄧㄢˋ ㄓㄡ ㄕㄨㄛ ㄏㄞˊ ㄏㄠˇ ㄨㄛˇ ㄇㄣ˙ ㄉㄜ˙ ㄇㄟˇ ㄘˋ ㄐㄧㄚˋ ㄑㄧ ㄏㄨㄟˊ ㄌㄞ˙ ㄉㄡ ㄏㄨㄟˋ ㄔㄞ ㄒㄧㄚˋ ㄌㄞˊ ㄒㄧˇ ㄧㄡˊ
009180,ㄓㄜˋ ㄘˋ ㄠˋ ㄩㄣˋ ㄍㄨㄥ ㄔㄥˊ ㄐㄧㄢˋ ㄕㄜˋ ㄎㄜˊ ㄧˇ ㄕㄨㄛ ㄕˋ ㄨㄛˇ ㄇㄣ˙ ㄍㄜˋ ㄒㄧㄤˋ ㄏㄨㄢˊ ㄅㄠˇ ㄒㄧㄣ ㄐㄧˋ ㄕㄨ ㄧㄥˋ ㄩㄥˋ ㄉㄜ˙ ㄉㄚˋ ㄑㄨㄢˊ
009181,ㄕˋ ㄏㄡˋ ㄓㄤ ㄐㄧㄢˋ ㄅㄟˋ ㄓㄣˇ ㄉㄨㄢˋ ㄧㄡˋ ㄍㄨˊ ㄍㄨˊ ㄐㄧㄥˇ ㄔㄨ ㄍㄨˇ ㄓㄜˊ ㄗㄞˋ ㄧ ㄩㄢˋ ㄐㄧˋ ㄒㄧㄥˊ ㄌㄜ˙ ㄕㄡˇ ㄕㄨˋ ㄓˋ ㄌㄧㄠˇ
009182,ㄋㄧˇ ㄓㄜˋ ㄍㄜˋ ㄩㄝˋ ㄍㄨㄥ ㄗ ㄉㄡ ㄇㄟˊ ㄕㄤˋ ㄐㄧㄠ ㄋㄧˇ ㄕˋ ㄅㄨˊ ㄕˋ ㄧㄤˊ ㄒㄧㄠˇ ㄙㄢ ㄌㄜ˙
009183,ㄨㄛˇ ㄇㄣ˙ ㄌㄠˇ ㄅㄢ ㄇㄟˊ ㄋㄚˋ ㄇㄜ˙ ㄧㄢˊ ㄏㄞˊ ㄊㄜˋ ㄅㄧㄝˊ ㄏㄠˇ ㄊㄚ ㄏㄨㄟˋ ㄅㄤ ㄋㄧˇ ㄒㄧㄚˋ ㄧˋ ㄒㄧㄝ ㄈㄨˋ ㄧㄡˇ ㄐㄧㄠˋ ㄩˋ ㄧˋ ㄧˊ ㄉㄜ˙ ㄉㄧㄢˋ ㄧㄥˇ
009184,ㄨㄛˇ ㄇㄣ˙ ㄌㄧㄢˊ ㄒㄧˋ ㄏㄠˇ ㄌㄜ˙ ㄌㄚ ㄙㄚˋ ㄋㄚˋ ㄅㄧㄢ ㄧㄡˊ ㄌㄧㄤˇ ㄍㄜ˙ ㄌㄩˊ ㄧㄡˇ ㄏㄨㄟˋ ㄗㄨㄛˋ ㄏㄠˇ ㄐㄧㄝ ㄧㄥˋ
009185,ㄊㄚ ㄉㄥˋ ㄉㄚˋ ㄧㄢˇ ㄐㄧㄥ˙ ㄆㄠˊ ㄒㄧㄠˋ ㄓㄜ˙ ㄈㄚ ㄔㄨ ㄨ ㄨ ㄨ ㄕㄥ ㄩㄥˋ ㄓㄨㄚˇ ㄗ˙ ㄅㄠˇ ㄏㄨˋ ㄕˊ ㄨˋ
009186,ㄧㄡˇ ㄨㄢˊ ㄇㄟˊ ㄨㄢˊ ㄎㄞ ㄓㄜ˙ ㄔㄜ ㄋㄜ˙ ㄅㄧㄢˊ ㄖㄨㄥˊ ㄨㄛˇ ㄧㄠˋ ㄔㄨ ㄌㄜ˙ ㄕˋ ㄍㄨㄛˋ ㄗㄣˇ ㄇㄣ˙ ㄅㄢˋ
009187,ㄗㄨㄛˊ ㄗㄠˇ ㄕㄤˋ ㄌㄧㄡˊ ㄓˋ ㄇㄧㄣˇ ㄅㄧㄢˋ ㄒㄧㄢˋ ㄕㄣ ㄌㄧㄥˊ ㄊㄤˊ ㄉㄚˊ ㄉㄧㄢˇ ㄦˊ ㄗ˙ ㄩˇ ㄒㄧˊ ㄈㄨˋ ㄧㄝˇ ㄉㄠˋ ㄔㄤˇ
009188,ㄗㄞˋ ㄒㄧㄣ ㄋㄧㄢˊ ㄉㄜ˙ ㄉㄧ ㄧ ㄔㄤˇ ㄍㄠ ㄎㄠˇ ㄐㄧㄠˋ ㄌㄧㄤˋ ㄓㄨㄥ ㄎㄠˇ ㄕㄥ ㄐㄧㄤ ㄧㄥˊ ㄌㄞˊ ㄧˋ ㄔㄤˇ ㄏㄢ ㄓㄢˋ
009189,ㄓㄨˋ ㄇㄧㄥˊ ㄉㄜ˙ ㄆㄧㄥ ㄊㄢˊ ㄌㄠˇ ㄐㄧㄤˋ ㄓㄨㄤ ㄗㄜˊ ㄉㄨㄥˋ ㄕˋ ㄉㄤ ㄋㄧㄢˊ ㄆㄧㄥ ㄆㄤ ㄨㄞˋ ㄐㄧㄠ ㄉㄜ˙ ㄍㄨㄥ ㄔㄣˊ
009190,ㄋㄧㄣˊ ㄏㄞˊ ㄐㄧˋ ㄉㄜ˙ ㄋㄚˋ ㄒㄧㄝ ㄅㄟˋ ㄊㄧㄢˊ ㄔㄨㄢ ㄔㄥ ㄨㄟˊ ㄑㄧㄣ ㄒㄩㄥ ㄉㄧˋ ㄉㄜ˙ ㄈㄤˊ ㄅㄠˋ ㄉㄨㄟˋ ㄩㄢˊ ㄇㄚ˙
009191,ㄔㄨㄥ ㄊㄨ ㄓㄨㄥ ㄑㄧˊ ㄓㄨㄥ ㄧˋ ㄈㄤ ㄉㄜ˙ ㄅㄤ ㄕㄡˇ ㄨˇ ㄐㄧㄤ ㄧˋ ㄇㄧㄥˊ ㄎㄢˋ ㄖㄜˋ ㄋㄠˋ ㄉㄜ˙ ㄕˋ ㄇㄧㄣˊ ㄉㄚˇ ㄕㄤ
009192,ㄉㄢˋ ㄨㄛˇ ㄇㄣ˙ ㄗㄨㄥˇ ㄅㄨˋ ㄋㄥˊ ㄌㄩˇ ㄧㄡˊ ㄉㄜ˙ ㄕˊ ㄏㄡˋ ㄧㄝˇ ㄔㄨㄞ ㄍㄜ˙ ㄏㄨˋ ㄎㄡˇ ㄅㄨˋ ㄅㄚˇ ㄊㄞˋ ㄇㄚˇ ㄈㄢˋ ㄌㄜ˙
009193,ㄓㄠˋ ㄆㄧㄢˋ ㄓㄨㄥ ㄌㄧㄥˊ ㄉㄠˇ ㄓㄢˋ ㄗㄞˋ ㄕˊ ㄊㄡˋ ㄧㄣ ㄧㄥˇ ㄒㄧㄚˋ ㄉㄢˋ ㄌㄧㄢˇ ㄕㄤˋ ㄍㄨㄤ ㄒㄧㄢˋ ㄖㄥˊ ㄇㄧㄥˊ ㄏㄨㄤˊ ㄏㄨㄤˇ ㄉㄜ˙
009194,ㄐㄧㄝˋ ㄕˊ ㄋㄢˊ ㄐㄧㄥ ㄐㄧㄤ ㄔㄥˊ ㄨㄟˊ ㄑㄨㄢˊ ㄍㄨㄛˊ ㄗㄨㄟˋ ㄉㄚˋ ㄉㄜ˙ ㄅㄟˊ ㄉㄡ ㄔㄢˇ ㄧㄢˊ ㄧㄥˋ ㄩㄥˋ ㄈㄚ ㄓㄢˇ ㄐㄧ ㄉㄧˋ
009195,ㄊㄚ ㄅㄧㄥˋ ㄅㄨˋ ㄓ ㄉㄠˋ ㄧˇ ㄐㄧㄥ ㄏㄨㄞˊ ㄩㄣˋ ㄧˋ ㄓˊ ㄧˇ ㄨㄟˊ ㄕˋ ㄓㄤˇ ㄆㄤˋ ㄌㄜ˙
009196,ㄐㄩˋ ㄇㄧㄣˊ ㄐㄧㄥˇ ㄐㄧㄢˋ ㄕㄠˋ ㄑㄧˊ ㄏㄨㄛˇ ㄉㄧˋ ㄉㄧㄢˇ ㄌㄟˊ ㄌㄢˊ ㄎㄠˇ ㄖㄣˊ ㄩㄢˊ ㄌㄧˊ ㄏㄞˋ ㄐㄧㄚ
009197,ㄘㄨㄥˊ ㄉㄧˋ ㄦˋ ㄊㄧㄢ ㄎㄞ ㄕˇ ㄊㄚ ㄊㄧㄢ ㄊㄧㄢ ㄕㄤˋ ㄕㄢ ㄆㄟˊ ㄋㄩˇ ㄦˊ ㄕㄨㄛ ㄏㄨㄢㄖˋ ㄏㄨㄚˋ
009198,ㄓㄜˋ ㄧˋ ㄨㄟˋ ㄓㄜ˙ ㄐㄧㄡˋ ㄙㄨㄢˋ ㄍㄨㄛˊ ㄇㄟˊ ㄉㄧㄢˋ ㄑㄧˋ ㄗㄥ ㄈㄚ ㄏㄨㄛˋ ㄉㄜ˙ ㄊㄨㄥˊ ㄧˋ ㄏㄨㄤˊ ㄐㄧㄚ ㄧㄝˊ ㄧㄡˇ ㄑㄧㄢˊ ㄎㄤˇ ㄍㄨㄛˋ ㄑㄩˋ
009199,ㄔㄨˊ ㄌㄜ˙ ㄓㄤˋ ㄆㄥ˙ ㄒㄧㄠˊ ㄅㄢˇ ㄉㄥˋ ㄩˊ ㄙㄢˇ ㄇㄧㄢˊ ㄠˇ ㄕㄡˇ ㄊㄠˋ ㄧˇ ㄐㄧˊ ㄇㄧㄢˊ ㄇㄠˋ ㄉㄥˇ ㄧㄝˇ ㄉㄡ ㄈㄣ ㄈㄣ ㄕㄤˋ ㄓㄣˋ
009200,ㄓㄜˋ ㄏㄞˊ ㄗ˙ ㄙㄨㄟˊ ㄕㄡˇ ㄘㄨㄥˊ ㄉㄡ ㄌㄧˇ ㄋㄚˊ ㄔㄨ ㄧˋ ㄩㄢˊ ㄑㄧㄢˊ ㄕㄨㄛ ㄨㄛˇ ㄍㄟˊ ㄋㄧˇ ㄧˋ ㄩㄢˊ ㄑㄧㄢˊ ㄋㄧˇ ㄗㄞˋ ㄧㄠˋ ㄨㄛˇ ㄎㄢˋ ㄏㄨㄚˋ ㄒㄧㄥˊ ㄇㄚ˙
009201,ㄦˊ ㄑㄧㄝˇ ㄅㄠˋ ㄇㄧㄥˊ ㄉㄨㄥˋ ㄗㄨㄛˋ ㄧㄠˋ ㄎㄨㄞˋ ㄧˋ ㄉㄧㄢˇ ㄉㄜ˙ ㄓㄜˋ ㄍㄜ˙ ㄅㄢ ㄏㄣˇ ㄉㄨㄛ ㄖㄣˊ ㄅㄠˋ ㄉㄜ˙
009202,ㄨㄤˊ ㄔㄠˊ ㄓㄨˋ ㄔㄨㄣˊ ㄆㄨˇ ㄉㄜ˙ ㄐㄧㄣˋ ㄏㄨ ㄇㄨˋ ㄇㄜ˙ ㄑㄧㄣˊ ㄈㄢˋ ㄉㄜ˙ ㄗㄨˊ ㄅㄨˋ ㄔㄨ ㄏㄨˋ
009203,ㄈㄚ ㄙㄨㄢˋ ㄨㄢˊ ㄅㄧˋ ㄏㄡˋ ㄗˇ ㄒㄧˋ ㄉㄨˊ ㄌㄜ˙ ㄧˊ ㄅㄧㄢˋ ㄍㄢˇ ㄐㄩㄜˊ ㄇㄧㄥˊ ㄋㄧㄢˊ ㄨㄛˊ ㄎㄜˇ ㄋㄥˊ ㄧㄡˋ ㄧㄠˋ ㄧˊ ㄍㄜ˙ ㄖㄣˊ ㄍㄨㄛˋ ㄑㄧㄥˊ ㄖㄣˊ ㄐㄧㄝˊ ㄌㄜ˙
009204,ㄧㄠˋ ㄏㄨㄟˊ ㄉㄚˇ ㄓㄜˋ ㄍㄜ˙ ㄨㄣˋ ㄊㄧˊ ㄕㄡˇ ㄒㄧㄢ ㄅㄧˋ ㄒㄩ ㄋㄨㄥˋ ㄑㄧㄥ ㄔㄨˇ ㄆㄧㄥˊ ㄓㄨㄣˇ ㄐㄧㄝ ㄐㄧㄣ ㄖㄨˋ ㄕˋ ㄍㄢ ㄩˋ ㄉㄜ˙ ㄇㄨˋ ㄉㄧˇ
009205,ㄐㄧㄥ ㄐㄧㄣ ㄍㄠ ㄙㄨˋ ㄗㄨㄟˋ ㄊㄨ ㄔㄨ ㄉㄜ˙ ㄧㄡ ㄕˋ ㄏㄜˊ ㄌㄧㄤˋ ㄉㄧㄢˇ ㄗㄞˋ ㄩˊ ㄓˇ ㄊㄨㄥ ㄊㄧㄢ ㄐㄧㄣ ㄍㄤˇ ㄐㄧˊ ㄓㄨㄤ ㄒㄧㄤ ㄇㄚˇ ㄊㄡˊ
009206,ㄨㄛˇ ㄋㄥˊ ㄍㄠˋ ㄙㄨˋ ㄋㄧˇ ㄇㄣ˙ ㄗㄠˇ ㄔㄣˊ ㄨㄛˇ ㄅㄚ˙ ㄔㄨ ㄇㄣˊ ㄍㄣ ㄨㄛˇ ㄕㄨㄛ ㄖㄤˋ ㄨㄛˇ ㄓㄨㄥ ㄨˇ ㄗˋ ㄐㄧˇ ㄔ ㄆㄠˋ ㄇㄧㄢˋ ㄇㄚ˙
009207,ㄨㄤ ㄧㄤˊ ㄑㄧㄤˊ ㄉㄧㄠˋ ㄧㄠˋ ㄗㄞˋ ㄉㄨㄟˋ ㄨˊ ㄅㄠˇ ㄓㄤˋ ㄕㄤˋ ㄍㄨㄥ ㄍㄨㄢ
009208,ㄋㄚˋ ㄌㄜ˙ ㄅㄢˋ ㄊㄧㄢ ㄋㄧㄣˊ ㄍㄢˇ ㄑㄧㄥˊ ㄕˋ ㄧㄝˋ ㄔㄚ
009209,ㄅㄚ ㄕˊ ㄖㄣˊ ㄉㄜ˙ ㄨㄟ ㄈㄥ ㄌㄨㄛˊ ㄅㄨˇ ㄅㄧㄠˊ ㄧㄢˇ ㄓㄢˇ ㄕˋ ㄌㄜ˙ ㄘㄠˇ ㄩㄢˊ ㄖㄣˊ ㄇㄧㄣˊ ㄉㄜ˙ ㄈㄥ ㄘㄞˇ
009210,ㄨㄛˇ ㄌㄩㄝˋ ㄉㄨㄥˇ ㄉㄢˋ ㄕˋ ㄏㄞˊ ㄅㄨˊ ㄊㄞˋ ㄏㄨㄟˋ
009211,ㄎㄜˇ ㄐㄧㄢˋ ㄏㄠˊ ㄏㄠˇ ㄒㄩㄜˊ ㄕㄥ ㄧㄝˇ ㄅㄨˋ ㄋㄥˊ ㄧㄠˋ
009212,ㄐㄧㄥˇ ㄔㄚˊ ㄐㄧㄤ ㄐㄧㄣˊ ㄒㄧˇ ㄙㄨㄥˋ ㄏㄨㄟˊ ㄐㄧㄚ ㄉㄢˋ ㄐㄩㄜˊ ㄐㄧㄤˋ ㄉㄜ˙ ㄨˊ ㄏㄞˇ ㄋㄢˊ ㄅㄨˊ ㄩㄢˋ ㄧˋ ㄎㄞ ㄇㄣˊ
009213,ㄗㄞˋ ㄌㄧㄢˊ ㄆㄨˇ ㄙㄨㄛˊ ㄧㄡˇ ㄩㄢˊ ㄍㄨㄥ ㄓㄨㄥ ㄍㄨㄥ ㄔㄥˊ ㄕ ㄏㄨㄛˋ ㄉㄜ˙ ㄉㄜ˙ ㄏㄨㄟˊ ㄅㄠˋ ㄗㄨㄟˋ ㄨㄟˊ ㄈㄥ ㄏㄡˋ
009214,ㄨㄛˇ ㄇㄣ˙ ㄕˋ ㄌㄧㄣ ㄕㄨㄟˇ ㄉㄠˋ ㄓㄜˋ ㄌㄞˊ ㄒㄧˊ ㄗㄠˇ
009215,ㄐㄩㄜˊ ㄐㄧㄤˋ ㄉㄜ˙ ㄈㄨˋ ㄑㄧㄣ˙ ㄧ ㄖㄢˊ ㄗㄞˋ ㄌㄨˋ ㄕㄤˋ
009216,ㄔㄨㄣ ㄌㄟˇ ㄏㄥ ㄧˋ ㄕㄥ ㄕㄨㄛ ㄘㄞˊ ㄈㄨˋ ㄉㄜ˙
009217,ㄦˊ ㄑㄧㄡ ㄧˊ ㄎㄜˇ ㄔㄣˊ ㄑㄧˊ ㄉㄥˇ ㄌㄠˊ ㄓㄨˇ ㄌㄧˋ ㄍㄥˋ ㄕˋ ㄒㄧㄢˇ ㄉㄜ˙ ㄘㄨㄛ ㄊㄨㄛ ㄌㄜ˙ ㄒㄩˇ ㄉㄨㄛ
009218,ㄧㄡˊ ㄒㄧㄥˊ ㄗˋ ㄧˋ ㄐㄧㄡˇ ㄦˋ ㄙˋ ㄋㄧㄢˊ ㄐㄩˇ ㄅㄢˋ ㄌㄧˇ ㄌㄞˊ ㄐㄧㄣ ㄋㄧㄢˊ ㄧˇ ㄕˋ ㄅㄧˋ ㄅㄚ ㄕˊ ㄌㄧㄡˋ ㄐㄧㄝˋ
009219,ㄛˋ ㄓㄜˋ ㄎㄜˇ ㄕˋ ㄍㄜ˙ ㄋㄢˊ ㄠˊ ㄉㄜ˙ ㄖˋ ㄗ˙
009220,ㄧㄣ ㄨㄟˋ ㄨㄛˇ ㄓㄣ ㄐㄧˋ ㄅㄨˋ ㄑㄧㄥ ㄔㄨˇ ㄕㄨㄟˊ ㄗㄞˋ ㄋㄚㄖˋ
009221,ㄑㄧㄤˇ ㄐㄧㄝˊ ㄉㄜ˙ ㄓㄨˊ ㄧˋ ㄕˋ ㄉㄨㄥˊ ㄇㄡˇ ㄔㄨ ㄉㄜ˙
009222,ㄏㄨㄛˋ ㄓㄜˇ ㄉㄧㄢˋ ㄉㄨㄥˋ ㄔㄜ ㄧㄝˇ ㄎㄜˊ ㄧˋ ㄖㄠˋ ㄒㄧㄥˊ
009223,ㄨㄛˊ ㄧㄝˇ ㄕˋ ㄧˊ ㄍㄜ˙ ㄨˊ ㄔˇ ㄉㄜ˙ ㄊㄞˊ ㄨㄢ ㄖㄢˊ ㄋㄚ˙
009224,ㄊㄚ ㄓˇ ㄔㄥ ㄊㄞˋ ㄊㄞ˙ ㄧˋ ㄏㄣˇ ㄒㄧㄣ ㄖㄣˊ ㄊㄚ
009225,ㄏㄡˋ ㄌㄞˊ ㄋㄩˇ ㄑㄧㄥ ㄋㄧㄢˊ ㄅㄟˋ ㄇㄧㄣˊ ㄐㄧㄥˇ ㄌㄚ ㄕㄤˋ ㄐㄧㄥˇ ㄔㄜ ㄉㄞˋ ㄨㄤˇ ㄆㄞˋ ㄔㄨ ㄙㄨㄛˇ ㄒㄧㄥˊ ㄐㄧㄡˇ
009226,ㄓ ㄉㄠˋ ㄨㄛˊ ㄗㄡˇ ㄉㄠˋ ㄌㄜ˙ ㄊㄚ ㄇㄣ˙ ㄎㄞ ㄕˇ ㄎㄜˊ ㄙㄡˋ ㄉㄜ˙ ㄉㄧˋ ㄈㄤ˙ ㄨㄛˊ ㄧㄝˇ ㄎㄜˇ ㄙㄡˋ ㄌㄜ˙
009227,ㄌㄨㄥˊ ㄏㄨˊ ㄨㄤˇ ㄐㄧˋ ㄓㄜˇ ㄐㄧㄤ ㄐㄧˋ ㄒㄩˋ ㄍㄨㄢ ㄓㄨˋ
009228,ㄨㄤˊ ㄈㄟ ㄉㄠˋ ㄒㄧㄤ ㄍㄤˇ ㄉㄚˋ ㄔㄨ ㄒㄧㄝˇ ㄗㄞˋ ㄇㄧㄥˊ ㄉㄧㄢˋ ㄎㄨㄤˊ ㄙㄤ ㄌㄧㄤˇ ㄉㄚˋ ㄉㄞˋ ㄓㄢˋ ㄌㄧˋ ㄆㄧㄣˇ
009229,ㄋㄧˊ ㄅㄛˊ ㄦˇ ㄈㄚ ㄕㄥ ㄒㄩㄜˇ ㄅㄤ ㄉㄜ˙ ㄉㄧˋ ㄉㄧㄢˇ
009230,ㄨㄛˇ ㄇㄣ˙ ㄔㄨ ㄌㄞ˙ ㄎㄢˋ ㄊㄚ ㄏㄞˊ ㄏㄡˊ ㄨㄛˇ ㄇㄣ˙
009231,ㄐㄧㄠˇ ㄕㄤˋ ㄕˋ ㄇㄧㄢˊ ㄅㄨˋ ㄨㄚˋ ㄗ˙ ㄏㄜˊ ㄆㄧˊ ㄒㄧㄝˊ
009232,ㄞˋ ㄈㄨ˙ ㄌㄨㄥˊ ㄉㄜ˙ ㄦˊ ㄗ˙ ㄕㄨㄛ ㄊㄚ ㄉㄜ˙ ㄇㄨˇ ㄑㄧㄣ ㄧㄣ ㄈㄟˋ ㄧㄢˊ ㄅㄧㄥˋ ㄕˋ ㄗㄞˋ ㄇㄚˋ ㄏㄚ ㄉㄨㄣˋ
009233,ㄒㄩㄥ ㄇㄟˋ ㄌㄧㄚˇ ㄕㄡ ㄕˋ ㄏㄠˇ ㄆㄨ ㄍㄞˋ ㄩㄥˋ ㄐㄧㄚˋ ㄗˇ ㄔㄜ ㄌㄚ ㄓㄜ˙ ㄈㄨˋ ㄑㄧㄣ ㄑㄧˋ ㄕㄤˋ ㄒㄩㄜˊ
009234,ㄅㄨˊ ㄕˋ ㄌㄟˋ ㄌㄜ˙ ㄅㄨˊ ㄕˋ ㄍㄡˋ ㄌㄜ˙ ㄓˇ ㄓ ㄉㄠˋ ㄈㄨˋ ㄇㄨˊ ㄧㄡˇ ㄉㄨㄛ ㄅㄨˋ ㄖㄨㄥˊ ㄧˋ ㄌㄜ˙
009235,ㄕㄣ ㄓㄣˋ ㄕˋ ㄖㄣˊ ㄉㄞˋ ㄉㄞˋ ㄅㄧㄠˇ ㄨㄥ ㄒㄧㄠˇ ㄅㄛ ㄗㄜˊ ㄅㄧㄠˇ ㄉㄚˇ ㄌㄜ˙ ㄅㄨˋ ㄊㄨㄥˊ ㄉㄜ˙ ㄍㄨㄢ ㄉㄧㄢˇ
009236,ㄆㄧㄠˊ ㄗ ㄐㄧㄡˋ ㄕˋ ㄕㄡˋ ㄏㄨㄟˋ ㄕㄨˋ ㄌㄜ˙ ㄉㄚˋ ㄒㄧㄠˇ
009237,ㄨㄟˋ ㄏㄜˊ ㄇㄟˊ ㄧㄡˇ ㄧˋ ㄐㄧㄚ ㄓㄨㄥ ㄍㄨㄛˊ ㄑㄧˇ ㄧㄝˋ ㄗㄨˋ ㄨㄟˊ ㄅㄣˇ ㄐㄧㄝ ㄧㄚˋ ㄩㄣˋ ㄏㄨㄟˋ ㄉㄜ˙ ㄗㄢˋ ㄓㄨˋ ㄕㄤ ㄋㄜ˙
009238,ㄍㄞˊ ㄗㄨˇ ㄍㄨㄟ ㄇㄛˊ ㄩˋ ㄐㄧˋ ㄐㄧㄣˇ ㄒㄧㄢˋ ㄕㄨˋ ㄖㄣˊ
009239,ㄉㄚˊ ㄙㄠˇ ㄨ ㄗ˙ ㄕˋ ㄉㄨㄟˋ ㄗˋ ㄐㄧˇ ㄈㄨˋ ㄗㄜˊ ㄍㄨㄛˊ ㄍㄨㄛˊ ㄧㄡˊ ㄕㄡˇ ㄨㄛˇ ㄧˊ ㄉㄧㄥˋ ㄌㄞˊ ㄅㄤ ㄋㄧˇ
009240,ㄍㄨㄥˇ ㄌㄧˋ ㄓㄤ ㄍㄨㄛˊ ㄖㄨㄥˊ ㄍㄚ ㄋㄚˋ ㄐㄧㄡˋ ㄓㄠˋ
009241,ㄉㄚˋ ㄖㄣˊ ㄇㄣ˙ ㄅㄨˋ ㄉㄨㄥˊ ㄨㄛˇ ㄇㄣ˙ ㄉㄜ˙ ㄕˋ ㄐㄧㄝˋ
009242,ㄅㄧㄝˊ ㄨㄛˊ ㄒㄧㄥˇ ㄌㄜ˙ ㄓㄡ ㄗ˙ ㄖㄨㄟˋ ㄐㄧˊ ㄉㄠˋ
009243,ㄓㄜˋ ㄌㄧˇ ㄗˋ ㄩㄢˊ ㄈㄨˋ ㄖㄠˊ ㄐㄧㄥˇ ㄙㄜˋ ㄧˊ ㄖㄣˊ
009244,ㄐㄧㄡˋ ㄕˋ ㄍㄨㄛˋ ㄧˋ ㄅㄞˇ ㄋㄨㄥˋ ㄕˋ ㄍㄨˋ ㄧˋ ㄩㄢ ㄨㄤˋ
009245,ㄅㄧㄥ ㄇㄧㄢˋ ㄕㄤˋ ㄧㄝˇ ㄓㄨˊ ㄐㄧㄢˋ ㄖㄜˋ ㄋㄠˋ ㄑㄧˇ ㄌㄞˊ
009246,ㄧㄝˊ ㄒㄩˇ ㄕˋ ㄐㄩㄜˊ ㄉㄜ˙ ㄋㄚˋ ㄍㄜ˙ ㄍㄨ ㄋㄧㄤ˙ ㄅㄧˇ ㄐㄧㄠˋ ㄞˊ ㄒㄧㄠˇ ㄌㄧㄣˊ ㄩㄥˇ ㄧㄝˋ ㄖㄨㄥˊ ㄇㄟˊ ㄧㄡˇ ㄏㄨㄟˊ ㄒㄧㄣˋ
009247,ㄨㄛˇ ㄕㄨㄛ ㄨㄛˇ ㄑㄩˋ ㄘㄜˋ ㄙㄨㄛˊ ㄌㄥˇ ㄐㄧㄥ ㄌㄤˇ ㄐㄧㄥˋ
009248,ㄓㄨˇ ㄧㄠˋ ㄩㄥˋ ㄗㄨㄛˋ ㄆㄧㄠˇ ㄅㄞˊ ㄐㄧˋ ㄈㄤˊ ㄈㄨˇ ㄐㄧˋ
009249,ㄅㄨˋ ㄊㄨㄛˇ ㄉㄤˋ ㄔㄨˋ ㄍㄜˋ ㄨㄟˋ ㄆㄥˊ ㄧㄡˊ ㄏㄞˇ ㄏㄢˊ
009250,ㄓㄜˋ ㄇㄜ˙ ㄐㄧㄢˇ ㄉㄢ ㄧㄡˇ ㄕㄣˊ ㄇㄜ˙ ㄅㄨˊ ㄏㄨㄟˋ ㄉㄜ˙
009251,ㄑㄩˇ ㄉㄧㄠˋ ㄕˋ ㄒㄧㄢˋ ㄔㄥˊ ㄉㄜ˙ ㄉㄨㄥ ㄅㄟˋ ㄖㄣˊ ㄉㄡ ㄋㄥˊ ㄏㄥ ㄏㄥˋ ㄐㄧˇ ㄐㄩˋ ㄉㄜ˙ ㄦˋ ㄖㄣˊ ㄓㄨㄢˋ
009252,ㄕㄤˋ ㄏㄞˇ ㄉㄜ˙ ㄏㄨˊ ㄆㄛ ㄉㄚˇ ㄉㄨㄛ ㄓㄢ ㄖㄢˇ ㄌㄜ˙ ㄕㄤˋ ㄏㄞˇ ㄖㄣˊ ㄉㄜ˙ ㄒㄧㄠˇ ㄑㄧˋ ㄏㄜˊ ㄒㄧㄚˊ ㄞˋ
009253,ㄍㄨㄟˋ ㄗㄨˊ ㄔㄠˊ ㄊㄧㄥˊ ㄇㄧㄥˋ ㄍㄨㄢ ㄉㄜ˙ ㄙˇ ㄒㄧㄥˊ ㄔㄨˊ ㄈㄚˇ ㄗㄜˊ ㄉㄨㄛ ㄕˋ ㄘˋ ㄙˊ ㄇㄧㄢˇ ㄒㄧㄥˊ
009254,ㄓㄜˋ ㄎㄜˇ ㄕˋ ㄎㄞ ㄊㄧㄢ ㄆㄧˋ ㄉㄧˋ ㄊㄡˊ ㄧˋ ㄏㄨㄟˊ
009255,ㄏㄨㄢˋ ㄓㄜ˙ ㄕㄨˋ ㄏㄡˋ ㄕㄤˋ ㄕˊ ㄊㄧㄢ ㄖㄣˊ ㄗㄢˋ ㄌㄧㄡˊ ㄒㄧㄝˇ ㄧㄥ ㄍㄞ ㄕˋ ㄑㄧˊ ㄓˋ ㄔㄨㄤ ㄙㄨㄛˇ ㄓˋ
009256,ㄉㄢˋ ㄩㄢˋ ㄊㄚ ㄉㄜ˙ ㄔㄢˋ ㄏㄨㄟˇ ㄕˋ ㄓㄣ ㄔㄥˊ ㄉㄜ˙
009257,ㄋㄧˊ ㄓㄤˇ ㄍㄣ ㄧㄢˇ ㄐㄧㄥ ㄕˋ ㄔㄨ ㄑㄧˋ ㄉㄜ˙ ㄇㄚ˙
009258,ㄏㄣˊ ㄞˇ ㄉㄜ˙ ㄉㄞˋ ㄓㄜ˙ ㄧˊ ㄍㄜ˙ ㄒㄧㄠˇ ㄏㄞˊ ㄗ˙
009259,ㄍㄞ ㄔㄜ ㄑㄧㄢˊ ㄏㄡˋ ㄔㄜ ㄆㄞˊ ㄧˇ ㄅㄟˋ ㄓㄞ ㄉㄧㄠˋ ㄐㄧㄠ ㄐㄧㄥˇ ㄓㄥˋ ㄐㄧㄢˇ ㄔㄚˊ ㄔㄜ ㄌㄧㄤˋ ㄑㄧㄥˊ ㄎㄨㄤˋ
009260,ㄓㄣ ㄕˋ ㄉㄜ˙ ㄈㄟ ㄧㄠˋ ㄨㄛˇ ㄈㄤˋ ㄒㄧㄚˋ ㄕㄣ ㄉㄨㄢˋ
009261,ㄍㄨㄟˊ ㄕˇ ㄕㄣˊ ㄔㄞ ㄓㄜˋ ㄘˋ ㄚ ㄅㄧㄥ ㄋㄚˊ ㄔㄨ ㄌㄜ˙ ㄓㄣ ㄕˋ ㄕㄣ ㄈㄣˋ ㄓㄥˋ ㄩㄥˋ ㄩˊ ㄉㄥ ㄐㄧˋ
009262,ㄑㄧˊ ㄓㄨㄥ ㄗㄨㄟˋ ㄎㄨㄞˋ ㄒㄧㄥˊ ㄉㄨㄥˋ ㄉㄜ˙ ㄉㄤ ㄕㄨˇ ㄊㄧㄢ ㄇㄠ ㄉㄜ˙ ㄌㄠˇ ㄩㄢ ㄐㄧㄚˋ ㄐㄧㄥ ㄉㄨㄥ ㄕㄤ ㄔㄥˊ
009263,ㄓㄥˇ ㄍㄜˋ ㄔㄜˋ ㄒㄧㄤ ㄉㄡ ㄕˋ ㄋㄚˋ ㄍㄜ˙ ㄨㄟㄖˋ ㄢˊ ㄓˇ ㄗㄨㄛˋ ㄌㄜ˙ ㄧˊ ㄓㄢˋ ㄍㄢˊ ㄐㄧㄣˋ ㄏㄨㄢˋ ㄔㄜ ㄌㄜ˙
009264,ㄇㄨˇ ㄏㄜˊ ㄇㄚˇ ㄗㄞˋ ㄕㄨㄟˇ ㄓㄨㄥ ㄌㄧㄝˇ ㄓㄜ˙ ㄉㄚˋ ㄗㄨㄟˇ ㄏㄠˇ ㄒㄧㄤˋ ㄗㄞˋ ㄒㄧㄠˇ ㄧㄡˊ ㄎㄜˋ ㄇㄣ˙ ㄆㄠˊ ㄒㄧㄠˋ
009265,ㄉㄞˋ ㄔㄜ ㄙˋ ㄐㄧㄣ ㄕˋ ㄒㄧ ㄢ ㄖㄣˊ ㄌㄩˊ ㄇㄡˇ
009266,ㄧㄢˊ ㄐㄧㄣˋ ㄐㄧˇ ㄓㄢˋ ㄋㄨㄛˊ ㄩㄥˋ ㄐㄧㄠˋ ㄕˋ ㄅㄧㄢ ㄓˋ
009267,ㄓㄜˋ ㄍㄜ˙ ㄈㄣ ㄒㄧ ㄐㄧ ㄅㄣˇ ㄍㄨㄥ ㄩㄣˇ ㄓㄨㄥ ㄌㄧˋ
009268,ㄨㄛˇ ㄇㄣ˙ ㄕˋ ㄒㄧㄥ ㄒㄧㄥˋ ㄧㄡˋ ㄦˊ ㄩㄢˊ ㄉㄜ˙ ㄒㄧㄠˇ ㄆㄥˊ ㄧㄡ˙
009269,ㄔㄨㄢˊ ㄕㄨㄛ ㄕˋ ㄨㄣˊ ㄕㄨ ㄆㄨˇ ㄙㄚˋ ㄉㄜ˙ ㄅㄧㄢˋ ㄕㄣ
009270,ㄉㄧˋ ㄦˋ ㄊㄧㄢ ㄕㄡ ㄕㄤˋ ㄗㄨㄛˋ ㄧㄝˋ ㄌㄠˇ ㄕˋ ㄉㄧㄥ ㄓㄜ˙ ㄊㄚ ㄉㄜ˙ ㄗㄨㄛˋ ㄨㄣˊ ㄐㄧㄡˊ ㄐㄧㄡˇ ㄅㄨˋ ㄋㄥˊ ㄧㄢˊ ㄩˇ
009271,ㄇㄟˊ ㄒㄧㄤˇ ㄉㄠˋ ㄋㄢˊ ㄈㄤ ㄉㄜ˙ ㄓㄜˋ ㄐㄩˋ ㄏㄨㄚˋ ㄧˊ ㄒㄧㄚˋ ㄗ˙ ㄖㄜˇ ㄋㄨˋ ㄌㄜ˙ ㄋㄩˇ ㄈㄤ
009272,ㄊㄨㄥˊ ㄕˊ ㄏㄞˊ ㄎㄜˊ ㄧˇ ㄍㄨㄢ ㄎㄢˋ ㄒㄧㄣ ㄅㄢˇ ㄉㄜ˙ ㄉㄧㄢˋ ㄧㄥˇ ㄌㄨˊ ㄕㄢ ㄌㄧㄝˋ ㄦˋ ㄌㄧㄥˊ ㄧ ㄌㄧㄥˊ
009273,ㄨㄛˇ ㄅㄨˊ ㄕˋ ㄏㄣˇ ㄕㄤˋ ㄒㄧㄤˋ ㄅㄨˊ ㄍㄨㄛˋ ㄨㄛˇ ㄗㄨㄟˋ ㄇㄢˇ ㄧˋ ㄨㄛˇ ㄉㄜ˙ ㄧㄢˇ ㄐㄧㄥ ㄌㄚ˙ ㄋㄧˇ ㄋㄜ˙
009274,ㄌㄥˇ ㄇㄛˋ ㄍㄨㄛˋ ㄏㄜˊ ㄔㄞ ㄑㄧㄠˊ ㄒㄧㄣ ㄨㄣˊ ㄘㄨㄥˊ ㄏㄨㄟˊ ㄧˋ ㄌㄧˇ ㄓㄨㄢˋ ㄔㄨ ㄓㄜ˙ ㄒㄧㄝ ㄗˋ ㄧㄢˇ
009275,ㄧㄡˇ ㄨㄟ ㄒㄧㄢˇ ㄉㄜ˙ ㄉㄧˋ ㄈㄤ ㄅㄨˊ ㄧㄠˋ ㄖㄤˋ ㄒㄩㄜˊ ㄕㄥ ㄑㄧㄥ ㄙㄠˇ ㄅㄧˇ ㄖㄨˊ ㄘㄚ ㄔㄨㄤ ㄏㄨˋ
009276,ㄩㄢˊ ㄌㄧˇ ㄧㄡˊ ㄖㄣˊ ㄒㄧ ㄕㄠˇ ㄗㄨㄟˋ ㄉㄚˋ ㄉㄜ˙ ㄘㄢ ㄍㄨㄢ ㄊㄨㄢˊ ㄐㄧㄡˋ ㄕˋ ㄓㄤ ㄏㄨㄚˊ ㄙㄢ ㄖㄣˊ
009277,ㄔㄣˊ ㄏㄨㄥˊ ㄓˊ ㄏㄠˊ ㄑㄧㄥˇ ㄌㄜ˙ ㄌㄧㄤˇ ㄍㄜ˙ ㄅㄤˋ ㄅㄤ˙ ㄅㄚˊ ㄇㄨˇ ㄑㄧㄢ ㄊㄞˊ ㄏㄨㄟˇ ㄌㄜ˙ ㄐㄧㄚ
009278,ㄒㄧㄝˋ ㄇㄡˇ ㄏㄜˊ ㄩㄢˊ ㄇㄡˇ ㄐㄧㄥ ㄒㄧㄥˇ ㄇㄥˇ ㄉㄜ˙ ㄓㄢˋ ㄑㄧˇ ㄌㄞˊ ㄍㄨㄛˋ ㄌㄞˊ ㄑㄧㄤˇ ㄆㄧㄥˊ ㄗ˙
009279,ㄑㄧㄥˊ ㄒㄧㄝˇ ㄐㄧㄚˋ ㄋㄧㄣˊ ㄉㄜ˙ ㄒㄧㄥˋ ㄇㄧㄥˊ ㄒㄧㄤˊ ㄒㄧˋ ㄊㄨㄥ ㄒㄩㄋˋ ㄉㄧˋ ㄓˇ ㄧㄡˊ ㄓㄥˋ ㄅㄧㄢ ㄇㄚˇ
009280,ㄆㄧㄣˊ ㄍㄨㄢˇ ㄅㄨˋ ㄉㄨㄟˋ ㄕㄥ ㄔㄢˇ ㄅㄨˋ ㄇㄣ˙ ㄉㄜ˙ ㄔㄢˊ ㄆㄧㄣˇ ㄐㄩˋ ㄧㄡˇ ㄧˊ ㄆㄧㄠˋ ㄈㄡˇ ㄐㄩㄜˊ ㄑㄨㄢˊ
009281,ㄏㄞˊ ㄗㄞˋ ㄏㄣˋ ㄐㄧㄚˋ ㄉㄜ˙ ㄋㄩˇ ㄊㄨㄥˊ ㄒㄩㄜˊ ㄇㄣ˙ ㄕˋ ㄕˊ ㄏㄡˋ ㄒㄩㄜˊ ㄍㄞˇ ㄐㄧˋ ㄋㄥˊ ㄌㄜ˙
009282,ㄇㄛˋ ㄇㄧㄥˊ ㄅㄟˋ ㄘˋ ㄕㄤ ㄉㄠˇ ㄇㄟˊ ㄉㄜ˙ ㄒㄩˇ ㄎㄨㄟˋ ㄓㄣ ㄓㄥˋ ㄕˋ ㄊㄤˇ ㄓㄜ˙ ㄧㄝˇ ㄞˊ ㄉㄠ
009283,ㄅㄟˋ ㄓˊ ㄅㄞˇ ㄆㄞ ㄉㄜ˙ ㄊㄧㄠ ㄕㄣˊ ㄌㄠˇ ㄖㄣˊ ㄨㄟˋ ㄑㄧㄡˊ ㄓㄥˋ ㄈㄨˇ ㄒㄧㄡ ㄌㄨˋ ㄏㄨㄚˋ ㄇㄧㄢˋ
009284,ㄐㄧˋ ㄓㄜˇ ㄌㄧㄠˊ ㄐㄧㄝˇ ㄉㄠˋ ㄐㄧㄡˊ ㄅㄞˇ ㄅㄚ ㄕˋ ㄐㄧㄡˇ ㄏㄠˋ ㄑㄧˇ ㄧㄝˋ ㄨㄟˊ ㄍㄨㄟˋ ㄓㄡ ㄇㄠˊ ㄊㄞˊ
009285,ㄧㄡˇ ㄅㄠˋ ㄉㄠˋ ㄕㄨㄛ ㄊㄨㄛ ㄉㄜˊ ㄏㄞˊ ㄕˋ ㄎㄢˊ ㄊㄚˇ ㄐㄧ ㄓㄡ ㄉㄜ˙ ㄧˋ ㄇㄧㄥˊ ㄊㄨㄥ ㄐㄧ ㄈㄢˋ
009286,ㄚ ㄐㄧㄝˊ ㄖㄤˋ ㄚ ㄩㄝˋ ㄎㄢˋ ㄒㄧㄚˋ ㄕㄥˋ ㄒㄧㄚˋ ㄉㄜ˙ ㄏㄜˊ ㄈㄢˋ ㄏㄜˊ ㄅㄨˋ ㄏㄜˊ ㄊㄚ ㄉㄜ˙ ㄨㄟˋ ㄎㄡˇ
009287,ㄐㄧㄢˋ ㄐㄧㄢˋ ㄉㄜ˙ ㄌㄧˇ ㄑㄧㄤˊ ㄉㄜ˙ ㄆㄧㄥˊ ㄐㄧㄚˋ ㄅㄧㄢˋ ㄔㄥˊ ㄌㄜ˙ ㄅㄨˋ ㄎㄞ ㄑㄧㄠˋ ㄨㄛ ㄋㄤ˙ ㄈㄟˋ
009288,ㄓㄨ ㄖㄨㄥˊ ㄐㄧ ㄘㄢ ㄐㄧㄚ ㄑㄧㄥ ㄏㄨㄚˊ ㄉㄚˋ ㄒㄩㄜˊ ㄅㄞˇ ㄋㄧㄢˊ ㄒㄧㄠˋ ㄑㄧㄥˋ ㄕˊ ㄘㄨㄣˊ ㄒㄧㄤˋ ㄍㄨㄤˇ ㄉㄚˋ ㄊㄨㄥˊ ㄒㄩㄜˇ ㄊㄨㄟ ㄐㄧㄢˋ ㄍㄨㄛˋ ㄘˇ ㄕㄨ
009289,ㄍㄨㄛˊ ㄑㄧㄤˊ ㄘㄞˊ ㄋㄥˊ ㄍㄨㄛˊ ㄋㄧㄥˊ ㄗㄟˊ ㄘㄞˊ ㄅㄨˊ ㄍㄢˇ ㄉㄧㄢˋ ㄐㄧ˙
009290,ㄧㄣ ㄨㄟˋ ㄐㄧㄚ ㄊㄧㄥˊ ㄅㄨˋ ㄎㄜˇ ㄋㄥˊ ㄍㄜ ㄕㄜˇ ㄕˋ ㄧㄝˋ ㄎㄜˊ ㄧˊ ㄉㄥˇ ㄉㄞˋ ㄒㄧㄚˋ ㄧˋ ㄅㄛ
009291,ㄊㄚ ㄕㄨㄛ ㄨㄞˋ ㄉㄧㄢˋ ㄖㄨˊ ㄑㄧˇ ㄎㄜˊ ㄧˇ ㄉㄠˋ ㄕㄨㄤ ㄔㄥˊ ㄐㄧㄥ ㄧㄥˊ ㄘㄢ ㄩˋ ㄐㄧㄥˋ ㄓㄥ
009292,ㄧㄡˇ ㄖㄣˊ ㄕㄣˋ ㄓˋ ㄎㄤˊ ㄌㄞˊ ㄌㄡˊ ㄊㄧ ㄉㄚˋ ㄗㄞˋ ㄨㄟˊ ㄑㄧㄤˊ ㄕㄤˋ ㄙˋ ㄔㄨˇ ㄓㄤ ㄨㄤˋ
009293,ㄉㄧˋ ㄙˋ ㄐㄧㄡˋ ㄕˋ ㄒㄨㄢˇ ㄗㄜˊ ㄊㄨㄟˊ ㄈㄟˋ
009294,ㄧㄡˇ ㄦˊ ㄧㄡˊ ㄋㄩˇ ㄌㄜ˙ ㄏㄣˊ ㄇㄢˇ ㄗㄨˊ ㄌㄜ˙
009295,ㄗㄡˇ ㄅㄚ˙ ㄉㄞˋ ㄕㄤˋ ㄨㄛˇ ㄊㄚ ㄕㄢ ㄑㄩˋ
009296,ㄍㄞ ㄒㄧㄠ ㄒㄧ˙ ㄧˋ ㄔㄨ ㄔㄥˊ ㄊㄡˊ ㄓㄞˋ ㄕˋ ㄔㄤˇ ㄙㄨㄟˊ ㄐㄧˊ ㄐㄧㄣˋ ㄖㄨˋ ㄍㄨㄞˊ ㄉㄧㄢˇ
009297,ㄋㄢˊ ㄉㄠˋ ㄋㄧˇ ㄧㄠˋ ㄆㄠ ㄑㄧˋ ㄨㄛˇ ㄇㄣ˙ ㄇㄚ˙
009298,ㄉㄚˋ ㄇㄧㄢˋ ㄐㄧ ㄍㄢ ㄌㄨㄛˇ ㄉㄜ˙ ㄏㄜˊ ㄉㄠˋ
009299,ㄅㄨˊ ㄘㄨㄛˋ ㄇㄚ˙ ㄏㄞˊ ㄗㄞˋ ㄓ ㄏㄠˇ
009300,ㄘㄥˊ ㄐㄧㄥ ㄧㄝˊ ㄧㄡˊ ㄕㄠˇ ㄌㄧㄤˋ ㄉㄜ˙ ㄈㄢ ㄑㄧㄝˊ
009301,ㄌㄧˋ ㄨㄟˊ ㄈㄡˇ ㄖㄣˋ ㄌㄜ˙ ㄓㄜˋ ㄧˊ ㄅㄠˋ ㄉㄠˋ
009302,ㄙㄨㄛˊ ㄧˊ ㄏㄣˇ ㄇㄧㄣˊ ㄍㄢˇ ㄏㄣˇ ㄈㄨˋ ㄗㄚˊ
009303,ㄑㄧㄢˊ ㄊㄧㄢ ㄋㄚˋ ㄋㄚˋ ㄧㄣ ㄊㄧㄠˋ ㄌㄡˊ ㄏㄡˋ ㄕㄤ ㄕˋ ㄍㄨㄛˋ ㄓㄨㄥˋ ㄧˇ ㄅㄨˊ ㄓˋ ㄕㄣ ㄨㄤˇ
009304,ㄊㄚ ㄅㄨˋ ㄐㄧㄣˇ ㄗˋ ㄐㄧˇ ㄒㄧ ㄉㄨˊ ㄦˊ ㄐㄧㄝ ㄅㄚˇ ㄦˊ ㄗ˙ ㄧㄝˇ ㄉㄞˋ ㄌㄜ˙ ㄐㄧㄣˋ ㄌㄞˊ
009305,ㄌㄧˋ ㄖㄨˊ ㄈㄣˋ ㄋㄨˋ ㄉㄜ˙ ㄒㄧㄠˊ ㄋㄧㄠˇ ㄐㄧㄡˋ ㄕˋ ㄋㄧˇ ㄏㄨㄚˋ ㄨㄛˇ ㄘㄞ ㄉㄜ˙ ㄇㄨˊ ㄅㄢˇ
009306,ㄍㄨㄥ ㄙ ㄈㄨˋ ㄗㄜˊ ㄖㄣˊ ㄉㄜ˙ ㄋㄧㄢˊ ㄉㄨˋ ㄒㄧㄣ ㄔㄡˊ ㄗㄥ ㄓㄤˇ ㄌㄩˋ ㄧㄥ ㄉㄧ ㄩˊ ㄍㄨㄥ ㄙ ㄒㄧㄣ ㄔㄡˇ ㄗㄥ ㄓㄤˇ ㄌㄩˋ
009307,ㄊㄚ ㄇㄟˊ ㄒㄧㄚˋ ㄔㄜ ㄧㄡˋ ㄎㄢˋ ㄐㄧㄢˋ ㄨㄞˋ ㄍㄨㄛˊ ㄖㄣˊ ㄔㄠˇ ㄌㄨˋ ㄖㄣˊ ㄖㄤ ㄖㄤ˙
009308,ㄒㄧㄢˋ ㄗㄞˋ ㄧˇ ㄐㄧㄥ ㄐㄧㄢˋ ㄍㄜˊ ㄨˇ ㄕˋ ㄐㄧㄡˇ ㄋㄧㄢˊ ㄇㄧㄥˊ ㄒㄧㄢˇ ㄔㄠ ㄑㄧ ㄌㄜ˙
009309,ㄓㄜˋ ㄧˋ ㄏㄨㄢˊ ㄐㄧㄝˊ ㄉㄜ˙ ㄕㄨㄟˋ ㄕㄡ ㄗㄚˊ ㄈㄟˋ ㄏㄜˊ ㄈㄢˊ ㄖㄨㄥˇ ㄉㄜ˙ ㄕㄡˇ ㄒㄩˋ ㄖㄤˋ ㄅㄨˋ ㄕㄠˇ ㄉㄞˋ ㄍㄡˋ ㄓㄜ˙ ㄊㄧㄥˇ ㄦˊ ㄗㄡˊ ㄒㄧㄢˇ
009310,ㄋㄢˊ ㄐㄧㄥ ㄒㄧㄢˋ ㄗㄞˋ ㄐㄧˊ ㄏㄡˊ ㄏㄡˇ ㄧㄠˋ ㄔㄞ ㄅㄠˋ ㄊㄧㄥˊ ㄔㄥˊ ㄕˋ ㄍㄨㄢˊ ㄌㄧˊ ㄓㄜˇ ㄉㄜ˙ ㄕㄨㄟˇ ㄆㄧㄥˊ ㄖㄤˋ ㄖㄣˊ ㄅㄨˋ ㄍㄢˇ ㄍㄨㄥ ㄨㄟˊ
009311,ㄊㄡˊ ㄗ ㄕˊ ㄅㄧˋ ㄒㄩˋ ㄊㄨㄥˊ ㄕˊ ㄧㄡˊ ㄩㄢˇ ㄐㄧㄢˋ ㄓㄨㄛˊ ㄕˊ ㄍㄜˊ ㄕˊ ㄗㄞˋ ㄉㄜ˙ ㄕㄨˋ ㄐㄩˋ ㄓ ㄔㄥ
009312,ㄅㄨˋ ㄒㄧˇ ㄏㄨㄢ ㄐㄧㄠˋ ㄩˋ ㄉㄢˋ ㄙ ㄒㄧㄤˇ ㄐㄩㄜˊ ㄨˋ ㄏㄞˊ ㄇㄟˊ ㄉㄠˋ ㄊㄨㄟ ㄈㄢ ㄒㄧㄢˋ ㄒㄧㄥˊ ㄐㄧㄠˋ ㄩˋ ㄊㄧˇ ㄓˋ ㄉㄜ˙ ㄍㄠ ㄉㄨˋ
009313,ㄧㄡˇ ㄕˊ ㄏㄡˋ ㄕˋ ㄏㄣˇ ㄐㄧ ㄓˋ ㄉㄜ˙ ㄓㄨㄤ ㄙㄨㄥˊ
009314,ㄊㄚ ㄧ ㄖㄢˊ ㄐㄧˋ ㄉㄜ˙ ㄇㄥˋ ㄌㄨˋ ㄉㄤ ㄕˋ ㄍㄟˇ ㄊㄚ ㄧˊ ㄍㄜˋ ㄋㄨㄢˊ ㄋㄨㄢˇ ㄉㄜ˙ ㄩㄥ ㄅㄠˋ
009315,ㄨㄟˋ ㄌㄜ˙ ㄓㄨㄤˋ ㄉㄢˇ ㄍㄢˊ ㄐㄧㄣˋ ㄋㄚˊ ㄔㄨ ㄙㄨㄟˊ ㄕㄣ ㄒㄧㄝˊ ㄉㄞˋ ㄉㄜ˙ ㄅㄧㄢ ㄆㄠˋ ㄖㄢˊ ㄈㄤˋ
009316,ㄕˊ ㄦˋ ㄖˋ ㄡ ㄨ ㄖㄢˊ ㄉㄨㄟˋ ㄇㄟˇ ㄩㄢˊ ㄉㄜ˙ ㄅㄧˇ ㄐㄧㄚˋ ㄕˋ ㄧ ㄅㄧˇ ㄧ ㄉㄧㄢˇ ㄙㄢ ㄨˊ ㄐㄧㄡˇ ㄙㄢ
009317,ㄔㄨㄣ ㄐㄧㄤ ㄕㄨㄟˊ ㄋㄨㄢˊ ㄧㄚˇ ㄒㄧㄢ ㄓ ㄨㄛˇ ㄎㄣˊ ㄧˊ ㄍㄠ ㄙㄨˊ ㄋㄧˇ ㄇㄧㄥˊ ㄊㄧㄢ ㄔㄨㄢ ㄕㄣˊ ㄇㄜ˙
009318,ㄗㄞˋ ㄕˋ ㄈㄚ ㄉㄜ˙ ㄧㄠ ㄙˋ ㄌㄧㄥˊ ㄦˋ ㄕˋ ㄇㄣˊ ㄎㄡˇ ㄏㄞˊ ㄧㄡˇ ㄉㄚˋ ㄆㄢ ㄉㄜ˙ ㄒㄩㄜˋ ㄐㄧˋ
009319,ㄅㄧˋ ㄊㄚˇ ㄊㄚˊ ㄨㄚˇ ㄐㄩˋ ㄒㄧ ㄧㄡˇ ㄊㄜˋ ㄕㄨ ㄉㄜ˙ ㄊㄧˇ ㄙㄜˋ ㄅㄧㄠ ㄐㄧˋ ㄏㄜˊ ㄒㄧㄥˋ ㄑㄧˋ ㄍㄨㄢ
009320,ㄕˋ ㄍㄨㄥ ㄢˋ ㄐㄩˊ ㄉㄜ˙ ㄨㄟ ㄅㄛˊ ㄎㄞ ㄉㄜ˙ ㄗㄨㄟˋ ㄗㄠˇ ㄧㄣ ㄘˇ ㄖㄣˊ ㄑㄧㄝ ㄦˋ ㄧㄝˇ ㄗㄨㄟˋ ㄗㄨˊ
009321,ㄒㄧㄠˇ ㄉㄨㄟˋ ㄨㄢˊ ㄔㄥˊ ㄅㄨˋ ㄌㄧㄠˇ ㄖㄣˋ ㄨˇ ㄌㄧㄣˊ ㄉㄠˊ ㄓㄜˊ ㄧㄝˇ ㄧㄠˋ ㄈㄨˋ ㄔㄨ ㄉㄞˋ ㄐㄧㄚˋ
009322,ㄌㄠˇ ㄍㄨㄥ ㄏㄣˇ ㄇㄟˊ ㄑㄧㄥˊ ㄉㄧㄠˋ ㄉㄜ˙ ㄨㄣˋ ㄌㄠˇ ㄆㄛˊ ㄕㄨㄛ ㄇㄚ˙ ㄋㄧˊ ㄒㄧㄤˇ ㄧㄠˋ ㄕㄚˊ
009323,ㄉㄤ ㄇㄧㄢˊ ㄗㄨㄥˇ ㄕㄡ ㄖㄨˋ ㄨㄟˊ ㄖㄣˊ ㄇㄧㄣˊ ㄅㄧˋ ㄑㄧ ㄕˊ ㄧ ㄉㄧㄢˊ ㄨˇ ㄙˋ ㄨˇ ㄧˋ ㄩㄢˊ
009324,ㄧ ㄕㄥ ㄑㄧㄥˇ ㄋㄧㄣˊ ㄗㄞˋ ㄔㄚˊ ㄧ ㄋㄧˇ ㄕˋ ㄧ ㄕㄥ ㄏㄞˊ ㄕˋ ㄨㄛˇ ㄕˋ ㄧˋ ㄕㄥ
009325,ㄇㄚˇ ㄩㄢˊ ㄧㄡˇ ㄧ ㄌㄧㄥˊ ㄦˋ ㄋㄧㄢˊ ㄉㄜ˙ ㄐㄧˋ ㄏㄨㄚˋ ㄨㄛˊ ㄧㄡˇ ㄙㄢ ㄌㄧㄥˊ ㄋㄧㄢˊ ㄉㄜ˙ ㄐㄧˋ ㄏㄨㄚ˙
009326,ㄗㄨㄟˋ ㄐㄧㄣˋ ㄍㄢˇ ㄐㄩㄜˊ ㄊㄚ ㄒㄧㄠ ㄊㄧㄥˊ ㄧˋ ㄒㄧㄝ ㄌㄜ˙ ㄨㄛˊ ㄧㄝˇ ㄐㄩㄜˊ ㄉㄜ˙ ㄨㄛˇ ㄎㄜˊ ㄧˇ ㄔㄨ ㄌㄞˋ ㄌㄜ˙
009327,ㄊㄚ ㄧㄡˋ ㄓㄨㄚ ㄓㄨㄥˋ ㄕㄡˋ ㄆㄧㄠˋ ㄩㄣˊ ㄉㄜ˙ ㄅㄠ ㄅㄠ ㄉㄢˋ ㄕㄨˋ ㄆㄧㄠˋ ㄩㄢˊ ㄅㄞ ㄎㄞ ㄊㄚ ㄉㄜ˙ ㄕㄡˊ ㄓˇ ㄆㄧㄣ ㄇㄧㄥˋ ㄆㄠˇ ㄒㄧㄚˋ ㄔㄜ
009328,ㄊㄧㄠ ㄑㄧˇ ㄓㄨㄢ ㄏㄡˋ ㄅㄧㄢˇ ㄉㄢˋ ㄐㄧㄡˋ ㄕㄣ ㄒㄧㄢˋ ㄗㄞˋ ㄓㄜˋ ㄉㄠˋ ㄏㄣˊ ㄐㄧˋ ㄌㄧˇ ㄏㄡˋ ㄅㄟˋ ㄕㄤˋ ㄗㄜˊ ㄉㄨㄟ ㄑㄧˇ ㄧˊ ㄉㄠˋ ㄖㄡˋ
009329,ㄒㄧㄣ ㄏㄨㄣ ㄧㄝˋ ㄋㄚˋ ㄊㄧㄢ ㄨㄢˇ ㄕㄤˋ ㄊㄚ ㄏㄜˊ ㄉㄜ˙ ㄇㄧㄥˊ ㄉㄧㄥˇ ㄉㄚˋ ㄗㄨㄟˋ ㄨㄛˊ ㄌㄧㄚˇ ㄐㄧ ㄏㄨ ㄕˋ ㄏㄜˊ ㄧˊ ㄦˊ ㄋㄧㄢˇ
009330,ㄔㄨˊ ㄈㄟ ㄧㄡˇ ㄊㄨㄥ ㄊㄧㄢ ㄉㄜ˙ ㄋㄥˊ ㄌㄧˋ ㄉㄢˋ ㄊㄧㄢ ㄏㄨㄟˋ ㄙㄨㄟˊ ㄕˊ ㄙㄨㄟˊ ㄉㄧˋ ㄅㄤ ㄋㄧˇ ㄐㄧㄤˋ ㄩˇ ㄇㄧㄢˋ ㄏㄨㄛˇ ㄇㄚ˙
009331,ㄧˊ ㄍㄜˋ ㄩㄢˇ ㄗㄞˋ ㄗㄨˇ ㄍㄨㄛˊ ㄒㄧ ㄅㄟˋ ㄐㄧㄠˇ ㄉㄜ˙ ㄧㄝˋ ㄩˊ ㄗㄨㄛˋ ㄓㄜ˙ ㄉㄜ˙ ㄗㄨㄛˋ ㄆㄧㄣˇ ㄏㄜˊ ㄧˇ ㄉㄜˊ ㄉㄤˋ ㄋㄧㄥˇ ㄇㄣ˙ ㄉㄜ˙ ㄑㄧㄥ ㄌㄞˋ
009332,ㄩˊ ㄕˋ ㄊㄚ ㄅㄧㄢˋ ㄉㄚˇ ㄉㄧㄢˋ ㄏㄨㄚˋ ㄒㄩˇ ㄨㄣˋ ㄐㄧㄚ ㄓㄨㄥ ㄕˋ ㄈㄡˊ ㄧㄡˇ ㄕˋ
009333,ㄈㄣ ㄇㄧㄢˋ ㄔˊ ㄒㄧㄤˋ ㄍㄜ˙ ㄉㄚˋ ㄩˋ ㄍㄤ ㄧㄡˇ ㄗㄨㄛˋ ㄉㄧㄢˋ ㄐㄧㄠˇ ㄉㄧㄢˋ ㄌㄧㄤˇ ㄘㄜˋ ㄏㄞˊ ㄧㄡˇ ㄅㄚˊ ㄕㄡˇ
009334,ㄅㄟˋ ㄔㄥ ㄗㄢˋ ㄌㄜ˙ ㄓㄣ ㄎㄞ ㄒㄧㄣ ㄧㄚ˙
009335,ㄋㄢˊ ㄊㄨㄥˊ ㄗㄞˋ ㄔㄜ ㄏㄡˋ ㄨㄢˊ ㄕㄨㄚˇ
009336,ㄋㄧˊ ㄒㄧㄤˇ ㄨㄢˊ ㄉㄧㄢˇ ㄕㄣˊ ㄇㄜ˙
009337,ㄋㄧˇ ㄎㄢˋ ㄍㄨㄛˊ ㄨㄛˇ ㄐㄧㄚ ㄅㄠˊ ㄒㄧㄢˇ ㄍㄨㄟˋ
009338,ㄋㄧˇ ㄧㄝˊ ㄏㄠˇ ㄈㄢˊ ㄧㄚ˙
009339,ㄋㄧˇ ㄉㄜ˙ ㄉㄧˋ ㄧ ㄒㄨㄢˇ ㄗㄜˊ ㄕˋ ㄕㄨㄟˊ
009340,ㄋㄧˊ ㄒㄧˇ ㄏㄨㄢ ㄨㄢˊ ㄕㄣˊ ㄇㄜ˙ ㄧㄡˇ ㄒㄧˋ ㄧˋ ㄐㄧˊ ㄒㄧˇ ㄏㄨㄢ ㄨㄢˊ ㄕㄣˊ ㄇㄜ˙ ㄧㄡ
009341,ㄕ ㄍㄜˋ ㄓㄨㄥˇ ㄐㄧㄥ ㄕㄣˊ ㄕˊ ㄌㄧㄤˊ
009342,ㄕˋ ㄅㄚ ㄐㄧㄝˋ ㄕㄥˊ ㄨㄟˊ ㄨㄟˇ ㄩㄢˊ
009343,ㄨㄛˇ ㄓˊ ㄒㄧˇ ㄏㄨㄢ ㄎㄢˋ ㄒㄧㄠˇ ㄕㄨㄛ
009344,ㄒㄧㄤ ㄍㄤˇ ㄉㄨˋ ㄕㄚ ㄈㄨ ㄖㄣˊ ㄌㄚˋ ㄒㄧㄤˋ ㄍㄨㄢˇ ㄨㄛˇ ㄑㄧㄤˊ ㄌㄧˋ ㄊㄨㄟ ㄐㄧㄢˋ ㄛ˙
009345,ㄉㄧˋ ㄌㄧㄡˋ ㄑㄧ ㄅㄚ ㄐㄧㄡˇ ㄒㄧㄤˋ ㄖㄣˋ ㄨˋ ㄕㄨˇ ㄩˊ ㄐㄧㄚ ㄑㄧㄤˊ ㄨㄢˊ ㄕㄢˋ ㄑㄧˇ ㄧㄝˋ ㄐㄧㄣ ㄖㄨㄥˊ ㄓ ㄔˊ
009346,ㄓㄜˋ ㄋㄧㄢˊ ㄊㄡ˙ ㄐㄧ ㄑㄧˋ ㄖㄢˊ ㄅㄨˊ ㄏㄨㄟˋ ㄕㄤˋ ㄨㄤˇ ㄏㄞˊ ㄗㄣˇ ㄇㄜ˙ ㄔㄨ ㄌㄞˊ ㄏㄨㄣˋ ㄋㄜ˙
009347,ㄨㄛˊ ㄧˇ ㄑㄧㄢˊ ㄐㄧㄡˋ ㄗㄨㄛˋ ㄍㄨㄛˋ ㄈㄢ ㄧˋ ㄓㄜˋ ㄘㄨㄣ ㄕˋ ㄔㄨㄥˊ ㄘㄠ ㄐㄧㄡˋ ㄧㄝˋ ㄩˊ ㄕˋ ㄊㄨㄥˋ ㄎㄨㄢˋ ㄉㄜ˙ ㄉㄚ ㄧㄥˋ ㄌㄜ˙
009348,ㄨㄛˇ ㄕㄣ ㄕㄤˋ ㄓㄨㄥ ㄩˊ ㄧㄡˇ ㄧㄢˊ ㄓㄨˇ ㄖㄣˊ ㄉㄜ˙ ㄑㄧˋ ㄓˋ ㄌㄜ˙
009349,ㄓㄜˋ ㄅㄧㄥˋ ㄅㄨˊ ㄕˋ ㄆㄞ ㄋㄠˇ ㄉㄞˋ ㄗㄨㄛˋ ㄔㄨ ㄉㄜ˙ ㄐㄩㄜˊ ㄉㄧㄥˋ
009350,ㄉㄥˋ ㄌㄧˋ ㄉㄜ˙ ㄒㄧㄣ ㄙㄨㄟˋ ㄌㄜ˙ ㄊㄧㄢ ㄊㄧㄢ ㄧˇ ㄌㄟˋ ㄒㄧˇ ㄇㄧㄢˋ
009351,ㄌㄧㄡˊ ㄐㄧㄣ ㄧㄠˋ ㄐㄧㄠˋ ㄕㄡˋ ㄗㄞˋ ㄨㄟˋ ㄔㄥˊ ㄔㄤˋ ㄐㄧㄣˋ ㄒㄧㄥˊ ㄐㄧㄢˇ ㄔㄚˊ
009352,ㄅㄨˊ ㄍㄨㄛˋ ㄘˇ ㄈㄢ ㄒㄧㄠˇ ㄊㄡ ㄏㄠˇ ㄒㄧㄤˋ ㄗㄡˇ ㄉㄜ˙ ㄘㄨㄥ ㄇㄤˊ ㄏㄞˊ ㄅㄞˊ ㄧˊ ㄅㄚˊ ㄊㄧㄝˇ ㄅㄢ ㄕㄡˋ ㄇㄛˋ ㄗㄞˋ ㄌㄜ˙ ㄉㄧㄢˋ ㄌㄧˇ
009353,ㄓㄜˋ ㄒㄧㄝ ㄋㄧㄢˊ ㄖㄨˊ ㄍㄨㄛˇ ㄅㄨˊ ㄕˋ ㄨㄛˇ ㄗㄞˋ ㄓㄨㄥ ㄐㄧㄢ ㄉㄜ˙ ㄏㄨㄚˋ ㄔㄣˊ ㄇㄧㄥˊ ㄌㄧㄤˋ ㄗㄠˇ ㄐㄧㄡˋ ㄅㄟˋ ㄓㄨㄥ ㄞˇ ㄦˊ ㄔㄨˊ ㄉㄧㄠˋ ㄌㄜ˙
009354,ㄓˋ ㄘˇ ㄩˇ ㄓㄨㄥ ㄍㄨㄛˊ ㄐㄧˊ ㄐㄧㄢˋ ㄏㄜˊ ㄗㄨㄛˋ ㄉㄜ˙ ㄈㄛˊ ㄕㄢ ㄅㄚ ㄌㄟˊ ㄩˇ ㄒㄧㄤˋ ㄇㄨˋ ㄕㄡˇ ㄔㄨㄤˋ ㄓˋ ㄧㄝˋ ㄨㄢˊ ㄑㄨㄢˊ ㄊㄨㄟˋ ㄔㄨ
009355,ㄙㄨㄟˊ ㄕㄡˇ ㄆㄞ ㄓㄤ ㄌㄨㄛˊ ㄋㄩˇ ㄕˋ ㄏㄞˇ ㄊㄠˊ ㄉㄜ˙ ㄇㄨˋ ㄆㄧㄣˇ ㄉㄡ ㄕˋ ㄉㄤ ㄒㄧㄚˋ ㄗㄨㄟˋ ㄖㄜˋ ㄇㄣˊ ㄉㄜ˙ ㄧㄡˋ ㄦˊ ㄅㄠˇ ㄐㄧㄢˋ ㄆㄧ˙
009356,ㄓˊ ㄉㄠˋ ㄉㄨㄥ ㄔㄨㄤ ㄕˋ ㄈㄚ ㄘㄞˊ ㄓˋ ㄉㄠˋ ㄙㄨㄥˊ ㄩㄥˇ ㄊㄚ ㄇㄞˋ ㄧㄣˊ ㄉㄜ˙ ㄨㄤˊ ㄩㄢˋ ㄓㄤˇ ㄐㄧㄥˋ ㄕˋ ㄗˋ ㄐㄧˇ ㄉㄜ˙ ㄓㄤˋ ㄈㄨ˙
009357,ㄐㄧㄚ ㄌㄧˊ ㄇㄞˇ ㄌㄜ˙ ㄅㄨˋ ㄕㄠˇ ㄓㄨㄥˋ ㄧㄡˊ ㄔㄚˊ ㄉㄜ˙ ㄕㄨ ㄎㄜˇ ㄍㄨㄤ ㄎㄢˋ ㄕㄨ ㄎㄨ ㄗㄠˋ ㄅㄨˋ ㄕㄨㄛ ㄏㄞˊ ㄅㄨˋ ㄏㄠˊ ㄉㄨㄥˇ
009358,ㄗㄨㄛˊ ㄖˋ ㄐㄧㄣ ㄈㄥ ㄅㄧㄠˇ ㄕˋ ㄗㄞˋ ㄐㄧㄝˊ ㄇㄨˋ ㄓㄨㄥ ㄉㄜ˙ ㄧㄢˊ ㄌㄨㄣˋ ㄨㄟˋ ㄐㄧㄥ ㄍㄨㄛˋ ㄧㄢˋ ㄓㄥˋ ㄧㄡˇ ㄕ ㄧㄢˊ ㄐㄧㄣˇ ㄏㄜˊ ㄊㄨㄛˇ ㄉㄤˋ
009359,ㄍㄞ ㄉㄧㄢˋ ㄕˋ ㄇㄧㄥˊ ㄇㄚˇ ㄕˊ ㄐㄧㄚˋ ㄧㄝˇ ㄊㄧˊ ㄍㄨㄥ ㄅㄨˋ ㄊㄨㄥˊ ㄧㄡ ㄏㄨㄟˋ ㄐㄧㄣ ㄇㄧㄥˊ ㄉㄜ˙ ㄒㄧㄠ ㄈㄟˋ ㄓㄜˊ ㄉㄨㄥˇ ㄉㄜ˙ ㄒㄨㄢˇ ㄗㄜˊ
009360,ㄙㄨㄟˊ ㄏㄡˋ ㄧㄡˊ ㄌㄧㄤˇ ㄇㄧㄥˊ ㄕㄣ ㄘㄞˊ ㄌㄩㄝˋ ㄨㄟˊ ㄞˊ ㄒㄧㄠˇ ㄉㄜ˙ ㄒㄧㄠ ㄈㄤˊ ㄍㄨㄢ ㄅㄧㄥ ㄐㄧㄣˋ ㄖㄨˋ ㄐㄧㄚˋ ㄕˇ ㄕˋ ㄐㄧㄣˋ ㄐㄧㄥ ㄧㄥˊ ㄐㄧㄡˋ
009361,ㄅㄨˋ ㄕㄠˇ ㄖㄣˊ ㄧㄣ ㄘˇ ㄖㄣˋ ㄕˋ ㄌㄜ˙ ㄍㄨㄤˇ ㄓㄡ ㄐㄧˋ ㄓㄨˋ ㄌㄜ˙ ㄏㄞˇ ㄒㄧㄣ ㄕㄚ ㄒㄧㄤˋ ㄨㄤˇ ㄓㄨ ㄐㄧㄤ ㄅㄧㄢ ㄉㄜ˙ ㄘㄨㄟˇ ㄘㄢˋ
009362,ㄓㄜˋ ㄐㄧˇ ㄐㄩˊ ㄏㄨㄚˋ ㄖㄨˊ ㄎㄨㄥˇ ㄅㄨˋ ㄆㄧㄢˋ ㄌㄧˇ ㄉㄜ˙ ㄎㄨㄥˇ ㄅㄨˋ ㄧㄣ ㄩㄝˋ ㄐㄧㄚ ㄕㄣ ㄌㄜ˙ ㄩˇ ㄒㄧㄤˊ ㄉㄜ˙ ㄐㄩˊ ㄘㄨˋ ㄅㄨˋ ㄢ
009363,ㄎㄜˊ ㄧˇ ㄗㄨㄛˋ ㄉㄠˋ ㄅㄨˋ ㄕㄨㄚ ㄧㄚˊ ㄨˋ ㄓㄥˊ ㄌㄧˇ ㄊㄡˊ ㄈㄚˋ ㄧㄝˇ ㄅㄨˋ ㄔㄨㄢ ㄒㄧㄝˊ ㄗ˙ ㄕㄣˋ ㄓˋ ㄅㄨˊ ㄏㄨㄢˋ ㄨㄚˋ ㄗ˙
009364,ㄅㄨˋ ㄋㄥˊ ㄐㄧㄤ ㄓㄥˋ ㄈㄨˇ ㄧㄥ ㄉㄤ ㄔㄥˊ ㄉㄢ ㄉㄜ˙ ㄅㄨˇ ㄊㄧㄝ ㄗㄨㄛˋ ㄨㄟˊ ㄘㄞˊ ㄓㄥˋ ㄅㄠ ㄈㄨ˙ ㄕㄨㄞˊ ㄍㄟˇ ㄌㄠˊ ㄅㄞˇ ㄒㄧㄥˋ
009365,ㄓㄢˇ ㄒㄧㄣ ㄉㄜ˙ ㄌㄡˊ ㄈㄤˊ ㄍㄠ ㄍㄠ ㄙㄨㄥˇ ㄌㄧˋ ㄖㄢˊ ㄦˊ ㄧˊ ㄨㄤˋ ㄎㄜˇ ㄓ ㄒㄩˇ ㄉㄜ˙ ㄈㄤˊ ㄗ˙ ㄖㄥˊ ㄗㄞˋ ㄎㄨㄥ ㄓˋ
009366,ㄐㄩˊ ㄏㄨㄤˊ ㄉㄜ˙ ㄉㄥ ㄍㄨㄤ ㄧㄥˋ ㄓㄜ˙ ㄐㄧㄝ ㄐㄧㄥˇ ㄩˇ ㄒㄧㄤˊ ㄒㄧㄣ ㄌㄧˇ ㄈㄨˊ ㄑㄧˊ ㄧˋ ㄓㄨㄥˇ ㄕㄣ ㄗㄞ ㄧˋ ㄒㄧㄤ ㄉㄜ˙ ㄌㄥˇ ㄑㄧㄥ
009367,ㄖㄨˊ ㄍㄨㄛˇ ㄓㄣ ㄕˋ ㄔㄣˊ ㄌㄜ˙ ㄐㄧㄡˋ ㄔㄞ ㄒㄧㄡ ㄌㄜ˙ ㄧㄡˋ ㄔㄣˊ ㄓㄜˋ ㄊㄧㄝˇ ㄌㄨˋ ㄋㄥˊ ㄅㄨˋ ㄋㄥˊ ㄅㄠˇ ㄓㄥˋ ㄢ ㄑㄨㄢˊ ㄧㄚ˙
009368,ㄐㄧ ㄓㄤˇ ㄏㄞˊ ㄕㄨㄛ ㄓㄨㄥ ㄍㄨㄛˊ ㄖㄣˊ ㄊㄞˋ ㄖㄨㄥˊ ㄧˊ ㄍㄠˇ ㄉㄧㄢ ㄌㄜ˙ ㄍㄠˋ ㄗ˙ ㄊㄚ ㄕˋ ㄇㄧㄢˋ ㄈㄟˋ ㄉㄜ˙ ㄐㄧˊ ㄎㄜˇ
009369,ㄐㄧㄣ ㄋㄧㄢˊ ㄓ ㄏㄡˋ ㄋㄚˋ ㄍㄜ˙ ㄇㄣˊ ㄎㄢˇ ㄐㄧㄥˋ ㄖㄢˊ ㄅㄟˋ ㄨㄛˇ ㄇㄣ˙ ㄉㄧˋ ㄒㄩㄥ ㄌㄧㄤˇ ㄍㄜˋ ㄊㄚˋ ㄠ ㄒㄧㄚˋ ㄑㄩˋ ㄧˊ ㄎㄨㄞˋ
009370,ㄈㄤˊ ㄐㄧㄚˋ ㄉㄜ˙ ㄍㄠ ㄅㄚˋ ㄓㄥˋ ㄗㄞˋ ㄘㄨㄥˊ ㄉㄚˋ ㄈㄨˋ ㄒㄧㄥˊ ㄎㄞ ㄕˇ ㄨㄚˊ ㄐㄧㄝˇ ㄅㄧㄥˋ ㄒㄧㄤˋ ㄓㄨㄥ ㄒㄧㄠˇ ㄏㄨˋ ㄒㄧㄥˊ ㄇㄢˋ ㄧㄢˊ
009371,ㄐㄧㄡˋ ㄒㄧㄤˋ ㄌㄢˊ ㄑㄧㄡˊ ㄔㄨㄥ ㄇㄢˇ ㄑㄧˋ ㄐㄧㄡˋ ㄆㄥ ㄆㄥ ㄧㄡˇ ㄌㄩˋ ㄖㄨˊ ㄍㄨㄛˊ ㄅㄧㄝˇ ㄌㄜ˙ ㄧㄝˇ ㄐㄧㄡˋ ㄉㄚˇ ㄅㄨˋ ㄑㄧˇ ㄌㄞˊ
009372,ㄐㄧˊ ㄐㄧㄤ ㄉㄠˋ ㄌㄞˊ ㄉㄜ˙ ㄒㄧㄣ ㄕㄥ ㄇㄧㄥˋ ㄧㄝˇ ㄖㄤˋ ㄎㄜˇ ㄦˊ ㄎㄢˋ ㄑㄧˇ ㄌㄞˊ ㄍㄥˋ ㄐㄧㄚ ㄨˇ ㄇㄟˋ ㄍㄥˋ ㄐㄧㄚ ㄒㄧㄥˋ ㄍㄢˇ
009373,ㄓㄜˋ ㄕˋ ㄈㄛˊ ㄉㄧㄥˇ ㄍㄨˊ ㄕㄨㄟˇ ㄌㄧˋ ㄔㄨㄥˊ ㄍㄨㄤ ㄏㄡˋ ㄕㄡˇ ㄘˋ ㄗㄞˋ ㄓㄨㄥ ㄍㄨㄛˊ ㄋㄟˋ ㄉㄧˋ ㄧˇ ㄨㄞˋ ㄉㄧˋ ㄑㄩˋ ㄍㄨㄥˋ ㄈㄥˋ
009374,ㄒㄧㄠˇ ㄆㄟˊ ㄋㄧˇ ㄉㄨˋ ㄍㄨㄛˋ ㄓㄜ˙ ㄇㄢˋ ㄔㄤˊ ㄉㄜ˙ ㄏㄟ ㄧㄝˋ
009375,ㄩˋ ㄇㄧˇ ㄒㄧㄤ ㄐㄧㄥ ㄅㄧˇ ㄊㄧㄢˊ ㄇㄧˋ ㄙㄨˋ ㄍㄥˋ ㄌㄧˇ ㄏㄞˇ
009376,ㄒㄧㄢˋ ㄗㄞˋ ㄓㄜˋ ㄓㄨㄥˋ ㄊㄨㄟˊ ㄕˋ ㄧㄝˇ ㄓㄥˋ ㄗㄞˋ ㄔㄢˇ ㄧㄝˋ ㄌㄧㄢˋ ㄉㄜ˙ ㄍㄜˋ ㄍㄜ˙ ㄏㄨㄢˊ ㄐㄧㄝ ㄓㄨㄥ ㄧㄡˊ ㄙㄨㄛˊ ㄊㄧˇ ㄒㄧㄢˋ
009377,ㄐㄧㄣˋ ㄏㄨㄛˋ ㄕˊ ㄍㄨㄥ ㄔㄤˇ ㄍㄣ ㄨㄛˇ ㄕㄨㄛ ㄕˋ ㄔㄨㄣˊ ㄇㄧㄢˊ ㄉㄜ˙ ㄨㄛˇ ㄇㄛˊ ㄑㄧˇ ㄌㄞˊ ㄧㄝˇ ㄅㄨˊ ㄒㄧㄤˋ
009378,ㄋㄧˇ ㄐㄧㄚˋ ㄕˋ ㄩㄢˊ ㄅㄨˊ ㄌㄜ˙ ㄧˋ ㄌㄜ˙ ㄗㄨㄟˊ ㄌㄧˇ ㄎㄞ ㄕˇ ㄇㄚˋ ㄇㄚˇ ㄌㄧㄝˋ ㄌㄧㄝˋ ㄉㄜ˙
009379,ㄋㄢˊ ㄊㄡˊ ㄒㄧㄢˋ ㄖˋ ㄩㄝˋ ㄊㄢˊ ㄌㄢˇ ㄔㄜ ㄑㄨㄢˊ ㄅㄨˋ ㄗㄢˋ ㄊㄧㄥˊ ㄇㄨˋ ㄑㄧㄢˊ ㄓㄥˋ ㄗㄞˋ ㄕㄨ ㄙㄢˋ ㄧㄡˊ ㄎㄜˋ
009380,ㄧㄣ ㄨㄟˋ ㄍㄨㄥ ㄗㄨㄛˋ ㄩㄢˊ ㄧㄣ ㄐㄧㄥ ㄔㄤˊ ㄉㄜˊ ㄗㄨㄟˋ ㄖㄣˊ ㄊㄚ ㄧㄝˇ ㄐㄧㄥ ㄔㄤˊ ㄕㄠˋ ㄉㄠˋ ㄖㄨˇ ㄨㄚˋ ㄏㄜˊ ㄨㄟˊ ㄍㄨㄥ
009381,ㄜ ㄋㄜˋ ㄉㄜ˙ ㄊㄧˇ ㄎㄞˋ ㄖㄤˋ ㄖㄣˊ ㄙ ㄏㄠˊ ㄎㄢˋ ㄅㄨˋ ㄔㄨ ㄊㄚ ㄐㄧˇ ㄍㄜ˙ ㄩㄝˋ ㄑㄧㄢˊ ㄍㄤ ㄍㄤ ㄕㄥ ㄨㄢˊ ㄅㄠˇ ㄅㄠ˙
009382,ㄓㄜˋ ㄉㄨˊ ㄙˇ ㄨㄤˊ ㄑㄧㄤˊ ㄕㄤˋ ㄉㄢˋ ㄎㄨㄥˇ ㄌㄟˊ ㄌㄟˇ ㄓㄜˋ ㄌㄧˇ ㄕˋ ㄋㄚˋ ㄘㄨㄟˋ ㄔㄨˇ ㄐㄩㄜˊ ㄈㄢˋ ㄖㄣˊ ㄉㄜ˙ ㄉㄧˋ ㄈㄤ˙
009383,ㄌㄧㄥˊ ㄉㄠˇ ㄐㄧㄡ ㄐㄧㄝˊ ㄌㄜ˙ ㄌㄧㄥˊ ㄉㄠˋ ㄒㄧˊ ㄈㄨ˙ ㄐㄧˊ ㄧㄢˇ ㄌㄜ˙ ㄈㄚ ㄉㄨㄢˇ ㄒㄧㄣˋ ㄉㄜ˙ ㄋㄩˇ ㄒㄧㄚˋ ㄕㄨˋ ㄨˊ ㄩˇ ㄌㄜ˙
009384,ㄐㄧㄡˋ ㄏㄨㄥˇ ㄓㄜ˙ ㄌㄜˋ ㄌㄜ˙ ㄌㄨㄣˋ ㄌㄜ˙ ㄧㄢˇ ㄢ ㄐㄧㄥˋ ㄒㄧㄚˋ ㄌㄞˊ ㄌㄜ˙ ㄌㄧㄥˋ ㄇㄟˊ ㄧㄡˇ ㄔㄨ ㄒㄧㄢˋ ㄖㄣˋ ㄏㄜˊ ㄓㄥˋ ㄓㄨㄤˋ
009385,ㄓˇ ㄧㄠˋ ㄒㄧㄤˋ ㄧˇ ㄑㄧㄢˊ ㄧˊ ㄧㄤˋ ㄊㄚ ㄊㄚ ㄕˊ ㄕˊ ㄉㄜ˙ ㄍㄢˋ ㄧˊ ㄉㄧㄥˋ ㄋㄥˊ ㄏㄨㄟˊ ㄈㄨˋ ㄍㄨㄛˋ ㄌㄞˊ
009386,ㄐㄧㄝˋ ㄕㄤˋ ㄎㄨㄥ ㄌㄧㄡˊ ㄒㄧㄚˋ ㄌㄜ˙ ㄕㄣˊ ㄙㄜˋ ㄘㄨㄥ ㄘㄨㄥ ㄉㄜ˙ ㄒㄧㄥˊ ㄖㄣˊ
009387,ㄅㄚˋ ㄅㄚ˙ ㄉㄨㄢ ㄒㄧㄤˊ ㄧˊ ㄏㄨㄟˋ ㄕㄨㄛ ㄨㄛˇ ㄈㄚ ㄕˋ ㄓㄜˋ ㄕˋ ㄨㄛˇ ㄐㄧㄢˋ ㄍㄨㄛˋ ㄉㄜ˙ ㄗㄨㄟˋ ㄕㄨㄞˋ ㄉㄜ˙ ㄍㄨㄤ ㄊㄡˊ
009388,ㄗㄨㄛˋ ㄕㄤˋ ㄉㄧㄢˋ ㄊㄧ ㄏㄡˋ ㄊㄚ ㄉㄡˊ ㄉㄡˇ ㄊㄨ ㄖㄢˊ ㄉㄧㄠˋ ㄒㄧㄚˋ ㄌㄞˊ ㄌㄜ˙ ㄇㄟˊ ㄧㄡˇ ㄖㄣˋ ㄏㄜˊ ㄒㄧㄢ ㄓㄠˋ
009389,ㄅㄨˊ ㄌㄧㄠˋ ㄌㄧㄡˋ ㄘˋ ㄘㄞˇ ㄍㄨㄤ ㄐㄧㄥˇ ㄗㄨㄛˋ ㄌㄜ˙ ㄙㄢ ㄘˋ ㄊㄚ ㄉㄜ˙ ㄌㄧㄢˇ ㄕㄤˋ ㄐㄧㄡˋ ㄑㄧˊ ㄇㄢˇ ㄍㄜ ㄉㄚ˙
009390,ㄒㄧˇ ㄏㄨㄢ ㄇㄟˇ ㄧˊ ㄍㄜˋ ㄞˋ ㄕㄥ ㄏㄨㄛˊ ㄉㄜ˙ ㄖㄣˊ ㄋㄜ˙
009391,ㄎㄞˊ ㄇㄨˇ ㄅㄛˊ ㄧ ㄗˋ ㄐㄧˇ ㄗㄞˋ ㄎㄜˇ ㄋㄧˊ ㄧㄚˋ ㄧㄝˇ ㄕˋ ㄧˋ ㄇㄧㄥˊ ㄐㄧㄥˇ ㄔㄚˊ
009392,ㄐㄧㄣ ㄏㄨㄚ ㄒㄧㄤ ㄧㄣˊ ㄏㄨㄚ ㄒㄧㄤ ㄨㄢˊ ㄐㄧㄢˇ ㄓㄢ ㄌㄜ˙ ㄎㄜ ㄐㄧˋ ㄉㄜ˙ ㄍㄨㄤˊ
009393,ㄍㄜˊ ㄨㄟˇ ㄕㄥˋ ㄅㄚˇ ㄔㄜ ㄗ˙ ㄊㄧㄥˊ ㄗㄞˋ ㄌㄧˊ ㄘㄜˋ ㄙㄨㄛˇ ㄐㄧㄣˋ ㄉㄜ˙ ㄉㄧˋ ㄈㄤ˙
009394,ㄓㄨ ㄧㄢˋ ㄌㄞˊ ㄓㄨㄥ ㄍㄨㄛˊ ㄑㄧㄢˊ ㄖㄣˋ ㄗㄨㄥˊ ㄌㄧˇ ㄓㄨ ㄖㄨㄥˊ ㄐㄧ ㄉㄜ˙ ㄋㄩˇ ㄦˊ
009395,ㄒㄧㄠˊ ㄒㄩㄜˇ ㄨㄣˋ ㄌㄠˇ ㄅㄚ˙ ㄅㄚˋ ㄧㄡˇ ㄇㄟˊ ㄧㄡˊ ㄅㄧˇ ㄐㄧㄠˋ ㄎㄨㄥˇ ㄅㄨˋ ㄉㄜ˙ ㄕㄨ
009396,ㄔㄣˊ ㄕㄨㄟˊ ㄅㄧㄢˇ ㄧˇ ㄙㄢ ㄍㄨㄟˋ ㄐㄧㄡˇ ㄎㄡˋ ㄉㄜ˙ ㄈㄤ ㄕˋ ㄐㄧㄣˋ ㄖㄨˋ ㄌㄧㄥˊ ㄊㄤˊ
009397,ㄦˊ ㄊㄨㄥˊ ㄑㄩㄜ ㄉㄧㄢˇ ㄏㄨㄟˋ ㄉㄠˇ ㄓˋ ㄓˋ ㄌㄧˋ ㄉㄧ ㄒㄧㄚˋ ㄕㄣ ㄘㄞˊ ㄞˊ ㄒㄧㄠˇ
009398,ㄋㄚˇ ㄍㄜ˙ ㄋㄩˇ ㄏㄞˊ ㄗ˙ ㄖㄨˊ ㄕㄤˋ ㄏㄞˇ ㄅㄟˋ ㄒㄩㄜˇ ㄧㄝˇ ㄙㄨㄢˋ ㄊㄚ ㄨㄢˊ ㄌㄜ˙
009399,ㄏㄠˇ ㄨㄢˊ ㄑㄩˋ ㄎㄢˋ ㄙㄨ ㄓㄡ ㄧㄢˊ ㄌㄧㄣˊ ㄧㄚ˙ ㄍㄢˇ ㄕㄡˋ ㄒㄧㄠˇ ㄑㄧㄠˊ ㄌㄧㄡˊ ㄕㄨㄟˇ
009400,ㄋㄩˇ ㄏㄞˊ ㄗ˙ ㄉㄜ˙ ㄋㄧㄢˊ ㄌㄧㄥˊ ㄗㄣˇ ㄇㄜ˙ ㄋㄥˊ ㄑㄧㄥ ㄧˋ ㄍㄠˋ ㄙㄨˋ ㄋㄧˇ ㄋㄜ˙
009401,ㄧ ㄕㄥ ㄉㄨㄟˋ ㄒㄧㄠˇ ㄑㄧㄥˊ ㄑㄧㄤˇ ㄐㄧㄡˋ ㄕˊ ㄈㄚ ㄒㄧㄢˋ ㄒㄧㄠˇ ㄑㄧㄥˊ ㄧˇ ㄐㄧㄤ ㄙˇ ㄨㄤˊ
009402,ㄗㄨㄛˊ ㄖˋ ㄐㄧㄤ ㄒㄧㄚˋ ㄉㄜ˙ ㄙㄨㄣ ㄒㄧㄢˊ ㄕㄤˋ ㄐㄧㄡˋ ㄕㄨㄢˋ ㄌㄜ˙ ㄏㄨㄟˊ ㄆㄧㄢˋ ㄗ˙
009403,ㄨㄛˇ ㄒㄩㄋˋ ㄙㄨˋ ㄒㄧㄚˋ ㄌㄞˊ ㄌㄜ˙ ㄐㄧㄝˊ ㄍㄨㄛˇ ㄅㄟˋ ㄇㄚ ㄇㄚ˙ ㄉㄚˇ ㄌㄜ˙ ㄧˋ ㄉㄨㄟˋ
009404,ㄦˋ ㄏㄠˋ ㄑㄧㄣˇ ㄕˋ ㄌㄧˇ ㄙㄢ ㄍㄜ˙ ㄖㄣˊ ㄉㄨㄥ ㄊㄤˇ ㄗㄞˋ ㄔㄨㄤˊ ㄕㄤˋ ㄨㄣ ㄕㄨ
009405,ㄐㄧˇ ㄊㄧㄢ ㄏㄡˋ ㄊㄚ ㄐㄧㄡˋ ㄧㄥˊ ㄌㄞˊ ㄌㄜ˙ ㄍㄥˋ ㄐㄧㄚ ㄏㄨㄟˋ ㄏㄨㄤˊ ㄉㄜ˙ ㄕㄥˋ ㄌㄧˋ
009406,ㄘㄨㄥˊ ㄘˇ ㄍㄜ ㄉㄨㄥˇ ㄉㄜ˙ ㄌㄜ˙ ㄧˊ ㄍㄜ˙ ㄉㄠˋ ㄌㄧˇ ㄗㄨㄛˋ ㄖㄣˊ ㄧㄠˋ ㄔㄥˊ ㄕˊ ㄉㄜ˙ ㄧˊ ㄍㄜ˙ ㄉㄠˋ ㄌㄧˇ ㄗㄨㄛˋ ㄖㄣˊ ㄧㄠˋ ㄔㄥˊ ㄕˊ
009407,ㄒㄧㄤ ㄍㄤˇ ㄏㄨㄟˊ ㄍㄨㄟ ㄧˋ ㄓㄡ ㄋㄧㄢˊ ㄉㄜ˙ ㄐㄧˋ ㄋㄧㄢˋ ㄖˋ ㄐㄧˊ ㄐㄧㄤ ㄌㄞˊ ㄌㄧㄣˊ
009408,ㄊㄥˊ ㄊㄨㄥˋ ㄋㄢˊ ㄖㄣˇ ㄉㄜ˙ ㄨㄤˊ ㄉㄢ ㄉㄢ ㄙㄨㄟˊ ㄐㄧˊ ㄧㄝˇ ㄊㄤˊ ㄋㄠˇ ㄗㄞˋ ㄉㄧˋ
009409,ㄇㄧㄥˊ ㄗㄨㄟˇ ㄩˊ ㄧㄤ ㄕˋ ㄉㄜ˙ ㄑㄧˊ ㄌㄨˋ ㄔ ㄗㄠˇ ㄍㄨㄟˋ ㄅㄠˋ ㄇㄨˋ ㄔㄨ ㄌㄞˊ
009410,ㄋㄧˊ ㄕㄡˇ ㄒㄧㄝ ㄧㄠˋ ㄓㄠˊ ㄐㄧˇ ㄍㄜ˙ ㄐㄧㄥ ㄅㄨˋ ㄑㄧˇ ㄋㄧㄝ ㄉㄜ˙ ㄖㄨㄢˇ ㄕˋ ㄗ˙
009411,ㄙㄞ ㄖㄣˊ ㄒㄧㄚˋ ㄅㄢ ㄏㄡˋ ㄉㄡ ㄩˇ ㄇㄞˋ ㄎㄜˋ ㄅㄨˋ ㄌㄞˋ ㄉㄜˊ ㄊㄨㄥ ㄉㄨㄢˇ ㄒㄧㄣˋ
009412,ㄉㄧㄢˋ ㄩㄢˊ ㄘㄨㄥˊ ㄌㄞˊ ㄇㄟˊ ㄓㄨㄥˋ ㄅㄨˋ ㄉㄨˊ ㄆㄧㄣˇ ㄒㄧㄠ ㄉㄜ˙ ㄕㄣˊ ㄇㄜ˙ ㄉㄨˊ ㄨㄛˇ
009413,ㄕㄤ ㄖㄣˊ ㄏㄣˇ ㄕˊ ㄗㄞˋ ㄉㄤ ㄖㄣˊ ㄓ ㄉㄠˋ ㄨㄣˊ ㄏㄨㄚˋ ㄎㄜˊ ㄧˇ ㄕㄣ ㄘㄞˊ
009414,ㄌㄧˋ ㄕˇ ㄎㄠˋ ㄗㄨㄣ ㄏㄨㄚˋ ㄖㄣˊ ㄉㄜ˙ ㄖㄜˋ ㄒㄩㄜˋ ㄏㄜˊ ㄏㄢˋ ㄔㄨㄟˊ ㄒㄧㄝˇ ㄐㄧㄡˋ
009415,ㄓㄜˋ ㄕˋ ㄧˋ ㄊㄧㄢ ㄋㄟˋ ㄉㄧˋ ㄦˋ ㄐㄧˇ ㄦˊ ㄊㄨㄥˊ ㄅㄞˇ ㄋㄨㄥˋ ㄑㄧㄤ ㄓ ㄓˋ ㄖㄣˊ ㄙㄤˋ ㄕㄤ ㄕˋ ㄐㄧㄢˋ
009416,ㄦˊ ㄌㄧㄡˊ ㄇㄡˇ ㄓㄥˋ ㄘㄨㄥˊ ㄉㄨㄥ ㄒㄧㄤˋ ㄒㄧ ㄉㄠˋ ㄔㄜ ㄓˊ ㄐㄧㄝ ㄐㄧㄤ ㄌㄠˇ ㄊㄞˋ ㄍㄨㄚˊ ㄉㄠˇ ㄗㄞˋ ㄉㄧˋ
009417,ㄩˊ ㄇㄠˇ ㄕㄤˋ ㄑㄧㄢˊ ㄏㄨˋ ㄈㄨ ㄉㄟˋ ㄋㄢˊ ㄇㄡˇ ㄌㄢˊ ㄓㄨˋ ㄑㄩˋ ㄌㄨˋ ㄧㄚˋ ㄖㄣˊ ㄋㄧㄡˊ ㄉㄚˇ ㄑㄧˇ ㄌㄞˊ
009418,ㄍㄨㄛˋ ㄏㄨㄥˊ ㄉㄧㄥˋ ㄐㄧㄝˋ ㄕㄠˋ ㄑㄧˊ ㄓㄨㄥ ㄉㄜ˙ ㄧ ㄙㄢ ㄨˇ ㄓㄨˇ ㄧㄠˋ ㄐㄧㄡˋ ㄕˋ ㄓˇ ㄍㄨㄥ ㄗㄨ ㄈㄤˊ
009419,ㄍㄨㄞˋ ㄅㄨˋ ㄉㄜˊ ㄍㄨˇ ㄖㄣˊ ㄔㄤˊ ㄕㄨㄛ ㄐㄧㄣˋ ㄓㄨ ㄓㄜˇ ㄔˋ ㄨㄛˇ ㄒㄧㄢˋ ㄗㄞˋ ㄑㄩㄜˋ ㄕˊ ㄩㄝˋ ㄌㄞˊ ㄩㄝˋ ㄒㄧㄤˋ ㄓㄨˇ ㄖㄣˊ ㄌㄜ˙
009420,ㄐㄧㄥ ㄓㄣˇ ㄉㄨㄢˋ ㄏㄠˋ ㄏㄠˋ ㄅㄟˋ ㄑㄩㄜˋ ㄓㄣˇ ㄨㄟˊ ㄒㄧㄠˋ ㄔㄨㄢˇ ㄅㄧㄥˋ ㄗㄞˋ ㄓ ㄏㄡˋ ㄕㄨˋ ㄓㄡ ㄋㄟˋ ㄉㄨㄛ ㄘˋ ㄐㄧㄣˋ ㄐㄧㄥˊ ㄓㄣˇ ㄓˋ
009421,ㄏㄞˊ ㄧㄡˇ ㄊㄚ ㄗㄞˋ ㄙ ㄒㄧㄚˋ ㄑㄧ ㄕˋ ㄅㄧˇ ㄐㄧㄠˊ ㄌㄚ ㄊㄚ˙ ㄒㄧㄤˋ ㄒㄧ ㄌㄧˋ ㄍㄜˋ ㄧˊ ㄧㄤˇ
009422,ㄉㄤ ㄕˊ ㄧˇ ㄕˋ ㄕˋ ㄖㄣˊ ㄉㄚ ㄉㄞˋ ㄅㄧㄠˇ ㄉㄜ˙ ㄒㄧㄠ ㄧㄡˋ ㄇㄟˇ ㄊㄧㄝ ㄔㄨ ㄐㄧㄥˋ ㄒㄩㄜˊ ㄏㄞˇ ㄅㄠˋ ㄧˇ ㄕㄥˋ ㄐㄩˋ ㄐㄩㄋ ㄇㄧㄥˊ ㄕㄣ ㄈㄣˋ ㄘㄢ ㄒㄨㄢˇ
009423,ㄢˋ ㄐㄧㄢˋ ㄆㄢˋ ㄐㄩㄜˊ ㄏㄡˋ ㄕㄜˋ ㄏㄨㄟˋ ㄒㄧㄠˋ ㄍㄨㄛˊ ㄏㄠˇ
009424,ㄊㄚ ㄓㄜˋ ㄘㄞˊ ㄌㄨㄣ ㄑㄧˇ ㄉㄠ ㄗ˙ ㄓㄜˋ ㄕㄨˇ ㄩˊ ㄐㄧ ㄑㄧㄥˊ ㄈㄢˋ ㄗㄨㄟˋ ㄉㄧㄥˋ ㄇㄟˊ ㄧㄡˊ ㄓㄨˇ ㄍㄨㄢ ㄜˋ ㄧˋ
009425,ㄘˊ ㄊㄧㄝˇ ㄌㄧˋ ㄐㄧˊ ㄗㄞˋ ㄨㄤˇ ㄕㄤˋ ㄧㄣˊ ㄑㄧˇ ㄖㄜˋ ㄔㄠˇ
009426,ㄋㄧˇ ㄉㄜ˙ ㄊㄡˊ ㄉㄧㄥˇ ㄉㄡ ㄊㄨ ㄔㄥˊ ㄕㄣˊ ㄇㄜ˙ ㄧㄤˋ ㄗ˙ ㄌㄜ˙ ㄍㄜˊ ㄨㄛˇ ㄕㄤ ㄌㄧㄤˋ ㄍㄨㄛˋ ㄇㄚ˙
009427,ㄙㄨㄟˊ ㄏㄡˋ ㄍㄡˊ ㄓㄨˇ ㄖㄣˊ ㄌㄧㄢˊ ㄒㄩˋ ㄔㄨ ㄓㄠ ㄍㄨㄚˊ ㄦˇ ㄍㄨㄤ ㄩㄥˋ ㄐㄧㄠˇ ㄔㄨㄞˋ ㄓㄨㄞˋ ㄊㄡˊ ㄈㄚˋ ㄡˊ ㄉㄚˇ ㄋㄩˇ ㄉㄧㄢˋ ㄓㄤˇ ㄒㄧㄝˋ ㄈㄣˋ
009428,ㄧˋ ㄕㄢ ㄈㄚˇ ㄩㄢˋ ㄒㄧㄢˇ ㄖㄢˊ ㄏㄨㄟˋ ㄒㄧㄠˊ ㄌㄜ˙ ㄓㄜˋ ㄙㄢ ㄍㄜ˙ ㄍㄨㄢ ㄒㄧ˙
009429,ㄍㄞ ㄢˋ ㄇㄨˋ ㄑㄧㄢˊ ㄧˇ ㄐㄧㄣˋ ㄖㄨˋ ㄧˊ ㄐㄧㄠ ㄈㄚˇ ㄩㄢˋ ㄑㄧˇ ㄙㄨˋ ㄐㄧㄝ ㄉㄨㄢˋ
009430,ㄊㄚ ㄔㄨㄢ ㄌㄜ˙ ㄧˊ ㄐㄧㄢˋ ㄙㄨㄥ ㄎㄨㄚˊ ㄎㄨㄚˇ ㄉㄜ˙ ㄏㄨㄥˊ ㄗ˙ ㄔㄣˋ ㄕㄢ
009431,ㄖㄢˊ ㄏㄡˋ ㄐㄧㄡˋ ㄔㄨ ㄇㄣˊ ㄌㄜ˙ ㄌㄧㄡˊ ㄒㄧㄚˋ ㄘㄨㄛˋ ㄜˋ ㄉㄜ˙ ㄌㄠˇ ㄆㄛ˙
009432,ㄙㄨ ㄐㄧㄥˋ ㄇㄟˊ ㄧㄡˊ ㄉㄧㄢˇ ㄉㄧ ㄉㄜ˙ ㄒㄧㄥ ㄈㄣˋ ㄉㄠˋ ㄕˋ ㄙㄨ ㄇㄨˇ ㄨㄟˊ ㄎㄨㄥˇ ㄊㄧㄢ ㄒㄧㄚˋ ㄅㄨˋ ㄓ ㄗˋ ㄔㄨˋ ㄉㄚˇ ㄉㄧㄢˋ ㄏㄨㄚˋ ㄊㄨㄥ ㄓ
009433,ㄍㄨㄥ ㄔㄥˊ ㄒㄧㄢˋ ㄔㄤˇ ㄧㄡˇ ㄍㄨㄥ ㄖㄣˊ ㄗㄞˋ ㄌㄧㄢˋ ㄖˋ ㄒㄧㄚˋ ㄉㄚˇ ㄏㄤ
009434,ㄋㄩˊ ㄨㄛˇ ㄎㄢˋ ㄉㄠˋ ㄧˊ ㄌㄧㄤˋ ㄅㄠˊ ㄇㄚˇ ㄘㄞ ㄅㄨˊ ㄉㄠˋ ㄌㄧㄤˊ ㄅㄞˇ ㄨㄞˋ
009435,ㄅㄚ ㄌㄧㄥˊ ㄏㄡˋ ㄉㄜ˙ ㄩㄝˋ ㄍㄨㄤ ㄗㄨˊ ㄧㄥ ㄍㄞ ㄖㄨˊ ㄏㄜˊ ㄌㄧˇ ㄘㄞˊ ㄋㄜ˙
009436,ㄊㄚ ㄕㄨㄛ ㄐㄧㄥ ㄐㄩˋ ㄐㄧㄤˇ ㄐㄧㄡˊ ㄉㄜ˙ ㄕˋ ㄑㄧㄣˊ ㄕ ㄙ ㄍㄨˇ
009437,ㄔ ㄎㄨˇ ㄋㄞˋ ㄌㄠˊ ㄌㄧㄢˊ ㄒㄩˋ ㄗㄨㄛˋ ㄓㄢˋ ㄉㄜ˙ ㄗㄨㄛˋ ㄈㄥ ㄗㄞˇ ㄧㄤˋ
009438,ㄎㄢˋ ㄉㄠˋ ㄓㄜˋ ㄍㄜ˙ ㄏㄥˊ ㄈㄨˊ ㄒㄩˇ ㄉㄨㄛ ㄖㄣˊ ㄖㄜˋ ㄌㄟˋ ㄧㄣˊ ㄎㄨㄤˋ
009439,ㄌㄧㄥˋ ㄨㄞˋ ㄖㄣˊ ㄍㄨㄥ ㄉㄨˊ ㄉㄧㄢˇ ㄐㄧㄤ ㄐㄧㄚ ㄆㄞˋ ㄐㄧㄥˇ ㄌㄩˋ ㄕㄨ ㄊㄨㄥ
009440,ㄨㄛˇ ㄧˊ ㄅㄠˋ ㄍㄠˋ ㄋㄧˇ ㄊㄠˊ ㄧㄝˋ ㄐㄧㄡˋ ㄉㄜˊ ㄔㄨˇ ㄈㄢˋ ㄇㄟˊ ㄍㄠˋ ㄋㄧˇ ㄊㄧㄥˊ ㄏㄠˇ ㄌㄜ˙ ㄎㄢˋ ㄧˊ ㄈㄥ ㄒㄧㄣˋ ㄧㄡˇ ㄕㄣˊ ㄇㄜ˙ ㄧㄠˋ ㄅㄨˋ ㄑㄧˇ ㄌㄜ˙
009441,ㄌㄧㄤˇ ㄍㄨㄛ ㄩㄢˊ ㄕㄡˇ ㄍㄠ ㄓㄢ ㄩㄢˊ ㄓㄨˇ ㄎㄞ ㄔㄨㄤˋ ㄌㄜ˙ ㄓㄨㄥ ㄇㄟˇ ㄍㄨㄢ ㄒㄧ˙ ㄉㄜ˙ ㄒㄧㄣ ㄐㄩˊ ㄇㄧㄢˋ
009442,ㄑㄨㄢˊ ㄑㄧㄠˊ ㄉㄧˋ ㄧ ㄗㄨㄛˋ ㄆㄧㄥ ㄆㄤ ㄑㄧㄡˊ ㄆㄞ ㄗㄠˋ ㄒㄧㄥˊ ㄉㄜ˙ ㄊㄧˇ ㄩˋ ㄅㄧㄣ ㄍㄨㄢˇ ㄒㄧㄠˋ ㄍㄨㄛˇ ㄊㄨˊ
009443,ㄌㄠˇ ㄕ ㄗㄞˋ ㄒㄧㄤˇ ㄧˊ ㄒㄧㄤˇ ㄐㄧㄥ ㄔㄤˊ ㄋㄞˊ ㄅㄚˊ ㄐㄧㄢˇ ㄉㄠ ㄗㄞˋ ㄏㄨㄚ ㄘㄨㄥ ㄅㄧㄢ ㄌㄧㄡ ㄉㄚˋ ㄉㄜ˙ ㄕˋ ㄕㄣˊ ㄇㄜ˙ ㄖㄣˊ
009444,ㄊㄚ ㄅㄨˋ ㄉㄢˋ ㄉㄚˋ ㄕㄥ ㄔㄠˊ ㄖㄤˇ ㄏㄞˊ ㄉㄚˇ ㄏㄨㄞˋ ㄌㄜ˙ ㄉㄧㄢˋ ㄋㄟˋ ㄏㄣˇ ㄉㄨㄛ ㄨˋ ㄆㄧㄣˇ
009445,ㄧㄡˇ ㄇㄟˊ ㄊㄧˇ ㄓˊ ㄧㄢˊ ㄓㄜˋ ㄧㄤˋ ㄌㄨˋ ㄍㄨˇ ㄉㄜ˙ ㄐㄧㄠˋ ㄩˋ ㄅㄨˋ ㄐㄧˇ ㄨˊ ㄩㄥˋ ㄦˊ ㄑㄧㄝˊ ㄧㄡˇ ㄏㄞˋ
009446,ㄨㄛˇ ㄧˊ ㄑㄧㄝˋ ㄉㄠ ㄏㄠˇ ㄋㄧㄣˊ ㄉㄚˋ ㄎㄜˇ ㄅㄨˊ ㄅㄧˋ ㄘㄠ ㄒㄧㄣ
009447,ㄙㄢ ㄌㄧㄣˊ ㄍㄨㄥ ㄢ ㄍㄢˇ ㄉㄠˋ ㄏㄡˋ ㄐㄧㄤ ㄋㄧㄤˊ ㄨㄤˇ ㄔㄞ ㄔㄨˊ
009448,ㄉㄡ ㄎㄨㄞˋ ㄔㄥˊ ㄋㄧㄢˊ ㄌㄜ˙ ㄏㄞˊ ㄅㄨˋ ㄓ ㄉㄠˋ ㄏㄨㄢˊ ㄕㄡˇ ㄚ˙
009449,ㄅㄧˋ ㄖㄨˊ ㄑㄧㄢˊ ㄕㄤˋ ㄋㄞˇ ㄋㄞ˙ ㄓㄡ ㄒㄩㄜˋ ㄏㄜˊ ㄓㄤ ㄩˊ ㄑㄧˇ
009450,ㄋㄚˋ ㄧㄤˋ ㄉㄜ˙ ㄖˋ ㄗ˙ ㄐㄧㄢˇ ㄓˊ ㄅㄨˋ ㄍㄢˊ ㄒㄧㄤˇ ㄒㄧㄤˋ ㄋㄚ˙
009451,ㄐㄧㄣ ㄨㄢˊ ㄉㄥˇ ㄓㄜ˙ ㄋㄧˇ ㄒㄧˊ ㄈㄨˋ ㄏㄣˊ ㄋㄧˇ ㄆㄧㄣ ㄇㄧㄥˋ ㄅㄚ˙
009452,ㄨㄛˇ ㄉㄤ ㄕˊ ㄌㄥˋ ㄗㄞˋ ㄋㄚˋ ㄅㄢˋ ㄊㄧㄢ ㄅㄨˋ ㄓ ㄗㄚˇ ㄅㄢˋ
009453,ㄧˋ ㄒㄧㄝ ㄍㄨㄢ ㄩㄢˊ ㄊㄧㄥ ㄨㄢˊ ㄏㄡˋ ㄐㄩㄜˊ ㄉㄜ˙ ㄏㄨㄛˋ ㄧˋ ㄈㄟˊ ㄑㄧㄢˇ
009454,ㄗㄞˋ ㄕㄨㄛ ㄗㄢˊ ㄓㄜˋ ㄌㄧˇ ㄧˊ ㄧㄤˋ ㄇㄣˊ ㄧㄡˊ ㄕㄨㄟˇ ㄉㄚˊ ㄙㄠˊ ㄑㄧˇ ㄌㄞˊ ㄍㄥˋ ㄏㄨㄚ ㄍㄨㄥ ㄈㄨ˙
009455,ㄉㄨㄥ ㄏㄨˊ ㄔㄥˊ ㄍㄨㄢˇ ㄉㄨㄟˋ ㄩㄢˊ ㄗㄞˋ ㄙㄠˊ ㄒㄩㄜˇ
009456,ㄆㄤˊ ㄅㄧㄝ ㄧˊ ㄨㄟˋ ㄓㄨㄥ ㄋㄧㄢˊ ㄋㄢˊ ㄗˇ ㄐㄧㄢˋ ㄓㄨㄤˋ ㄌㄨㄣ ㄑㄧˇ ㄉㄢˋ ㄎㄡˇ ㄈㄨˋ ㄐㄧㄣˋ ㄉㄜ˙ ㄉㄥˋ ㄗ˙ ㄐㄧㄤ ㄈㄢˋ ㄇㄡˇ ㄉㄚˊ ㄊㄠˇ
009457,ㄎㄤˋ ㄧˋ ㄕˋ ㄨㄟˋ ㄓㄜˇ ㄕㄥ ㄔㄥ ㄐㄧㄤ ㄐㄧㄝˇ ㄈㄤˋ ㄕㄡˇ ㄉㄨ ㄉㄧ ㄌㄧˋ ㄅㄛ ㄌㄧˇ
009458,ㄧㄡˇ ㄇㄟˊ ㄧㄡˇ ㄈㄚ ㄒㄧㄢˋ ㄨㄛˊ ㄒㄧˇ ㄏㄨㄢ ㄅㄟˋ ㄧㄥˇ ㄓㄠˋ ㄅㄨˊ ㄍㄨㄛˋ ㄨㄛˇ ㄒㄧㄤ ㄒㄧㄣˋ ㄋㄧˇ ㄒㄧㄣ ㄌㄧˊ ㄧˇ ㄐㄧㄥ ㄧㄡˊ ㄨㄛˇ ㄉㄜ˙ ㄌㄨㄣˊ ㄎㄨㄛˋ ㄌㄜ˙
009459,ㄧㄤˊ ㄍㄨㄛˊ ㄕㄥˋ ㄅㄟˋ ㄕㄠ ㄉㄜ˙ ㄒㄧㄤˋ ㄍㄜ˙ ㄏㄟ ㄖㄣˊ ㄧ ㄈㄨ˙ ㄍㄣ ㄆㄧˊ ㄈㄨ ㄓㄢ ㄗㄞˋ ㄧˋ ㄑㄧˇ
009460,ㄋㄚˋ ㄕˊ ㄏㄡˋ ㄨㄛˇ ㄇㄣ˙ ㄌㄧㄚˇ ㄓㄣ ㄕˋ ㄆㄧㄣˊ ㄐㄧㄢˋ ㄅㄨˋ ㄋㄥˊ ㄧˊ ㄧㄚˋ
009461,ㄕˋ ㄇㄜ˙ ㄌㄧˇ ㄓˋ ㄑㄧㄥ ㄕㄨㄛ ㄓㄜ˙ ㄆㄧˋ ㄍㄨㄛˇ ㄧㄡˋ ㄋㄚˇ ㄧˊ ㄘㄨㄣˋ
009462,ㄒㄨㄢ ㄕˋ ㄐㄧㄝˊ ㄕㄨˋ ㄍㄨㄛˊ ㄑㄧˊ ㄏㄨㄢˊ ㄏㄨㄢˇ ㄊㄨㄟˋ ㄔㄨ ㄏㄨㄟˋ ㄔㄤˇ
009463,ㄐㄧㄡˋ ㄙㄨㄢˋ ㄨˊ ㄩˇ ㄨㄛˊ ㄧㄝˇ ㄏㄨㄟˋ ㄧˋ ㄓˊ ㄆㄟˊ ㄓㄜ˙ ㄓㄨˋ ㄖㄣˊ ㄉㄜ˙ ㄛ˙
009464,ㄖㄣˊ ㄌㄟˋ ㄖㄨˊ ㄏㄜˊ ㄘㄞˊ ㄋㄥˊ ㄅㄞˇ ㄊㄨㄛ ㄏㄨㄟˇ ㄇㄧㄢˋ ㄉㄜ˙ ㄇㄧㄥˋ ㄩㄣˋ
009465,ㄕㄨㄟˊ ㄋㄥˊ ㄔㄨ ㄖㄣˋ ㄜˊ ㄌㄨㄛˊ ㄙ ㄉㄨㄟˋ ㄒㄧㄣ ㄉㄜ˙ ㄓㄨˇ ㄐㄧㄠˋ ㄌㄧㄢˋ
009466,ㄑㄧˊ ㄊㄚ ㄉㄜ˙ ㄌㄞˊ ㄗˋ ㄩˇ ㄐㄧㄥ ㄕㄣˊ ㄅㄧㄥˋ ㄓㄣˊ ㄙㄨㄛˇ ㄏㄨㄛˋ ㄧ ㄩㄢˋ
009467,ㄊㄨㄥˊ ㄕˊ ㄐㄧㄝ ㄉㄠˋ ㄐㄧㄥ ㄉㄨㄛ ㄈㄤ ㄗㄡˊ ㄈㄤˇ ㄑㄧㄡˊ ㄓㄥˋ ㄗㄨㄟˋ ㄓㄨㄥ ㄑㄩㄜˋ ㄖㄣˋ ㄌㄜ˙ ㄐㄧㄡˋ ㄖㄣˊ ㄓㄜˇ ㄐㄧㄡˋ ㄕˋ ㄈㄥˊ ㄕˋ ㄍㄢˋ
009468,ㄓˇ ㄧㄠˋ ㄇㄟˊ ㄧㄡˇ ㄊㄞˋ ㄉㄨㄛ ㄉㄜ˙ ㄗㄚˊ ㄋㄧㄢˋ ㄐㄧㄡˋ ㄋㄥˊ ㄊㄧˇ ㄏㄨㄟˋ ㄉㄠˋ ㄓㄣ ㄓㄥˋ ㄉㄜ˙ ㄎㄨㄞˋ ㄌㄜ˙ ㄌㄚ˙
009469,ㄐㄧㄣ ㄋㄧㄢˊ ㄐㄧㄡˋ ㄧㄡˇ ㄌㄩˊ ㄧㄡˇ ㄐㄧㄢˋ ㄧˋ ㄐㄧㄣˇ ㄎㄨㄞˋ ㄌㄧˋ ㄈㄚˇ ㄐㄧㄤ ㄌㄩˇ ㄧㄡˊ ㄖˋ ㄐㄧㄚˋ ㄑㄧ ㄔㄤˊ ㄊㄞˋ ㄏㄨㄚˋ
009470,ㄓㄥ ㄓˊ ㄓㄨㄥ ㄓㄠˋ ㄇㄡˇ ㄙㄨㄟˋ ㄩㄥˋ ㄕㄨㄤ ㄕㄡˇ ㄑㄧㄚ ㄓㄨˋ ㄍㄨㄢ ㄇㄡˇ ㄉㄜ˙ ㄅㄛˊ ㄗ˙ ㄓˋ ㄑㄧˊ ㄙˇ ㄨㄤˊ ㄨㄤˊ
009471,ㄉㄠˋ ㄕㄤˋ ㄧㄡˇ ㄏㄢˊ ㄈㄤ ㄐㄧㄢˋ ㄗㄠˋ ㄉㄜ˙ ㄉㄥ ㄊㄚˇ ㄏㄞˊ ㄢˋ ㄕㄠˋ ㄙㄨㄛˇ ㄏㄣˊ ㄇㄚˇ ㄊㄡˊ ㄉㄥˇ ㄕㄜˋ ㄕ
009472,ㄊㄨˊ ㄓㄨㄥ ㄧㄡˇ ㄧˊ ㄔㄨˋ ㄇㄧㄥˊ ㄒㄧㄢˇ ㄘㄨㄛˋ ㄨˋ ㄐㄧˊ ㄇㄟˊ ㄧㄡˊ ㄅㄚˇ ㄊㄞˊ ㄨㄢ ㄏㄨㄚˋ ㄨㄟˊ ㄓㄨㄥ ㄍㄨㄛˊ ㄉㄜ˙ ㄌㄧㄥˊ ㄊㄨˇ
009473,ㄒㄧㄝˋ ㄒㄧㄢ ㄕㄥ˙ ㄊㄨㄥ ㄓˋ ㄌㄜ˙ ㄏㄨㄚˊ ㄒㄩㄜˊ ㄔㄤˇ ㄍㄨㄥ ㄗㄨㄛˋ ㄖㄣˊ ㄩㄢˊ ㄅㄧㄥˋ ㄙㄨㄥˋ ㄦˊ ㄗ˙ ㄑㄩˋ ㄌㄜ˙ ㄧ ㄩㄢˋ
009474,ㄍㄞˇ ㄎㄨㄛˋ ㄐㄧㄢˋ ㄍㄨㄛˊ ㄅㄛˊ ㄅㄨˊ ㄏㄨㄟˋ ㄕˋ ㄨㄟˋ ㄌㄜ˙ ㄓㄢˇ ㄕˋ ㄓㄜˋ ㄒㄧㄝ ㄕㄜ ㄔˊ ㄆㄧㄥˇ ㄨㄣˊ ㄏㄨㄚˋ ㄅㄚˇ
009475,ㄅㄣˇ ㄌㄞˊ ㄑㄩˋ ㄊㄧㄠˊ ㄐㄧㄝˇ ㄐㄧㄡˋ ㄈㄣ ㄉㄜ˙ ㄊㄨㄥˋ ㄑㄧㄠˊ ㄅㄚˇ ㄓㄜˋ ㄇㄧㄥˊ ㄊㄠˊ ㄈㄢˋ ㄐㄧㄡ ㄔㄨ ㄌㄞˊ ㄌㄜ˙
009476,ㄉㄢˋ ㄗㄞˋ ㄙˋ ㄋㄩㄝˋ ㄉㄜ˙ ㄕㄚ ㄔㄣˊ ㄕㄚ ㄅㄠˋ ㄇㄧㄢˋ ㄑㄧㄢˊ ㄐㄧˋ ㄏㄨㄚˋ ㄅㄧㄢˋ ㄔㄥˊ ㄊㄤˊ ㄏㄨㄚ ㄧˊ ㄇㄥˋ
009477,ㄓㄜˋ ㄍㄨˇ ㄒㄨㄢˋ ㄈㄥ ㄒㄧㄤˋ ㄊㄚ ㄉㄜ˙ ㄉㄨㄟˋ ㄇㄧㄢˋ ㄎㄨㄞˋ ㄙㄨˋ ㄧˊ ㄉㄨㄥˋ ㄘㄞˇ ㄍㄤ ㄅㄢˇ ㄧㄝˇ ㄍㄣ ㄓㄜ˙ ㄆㄠˇ
009478,ㄇㄧㄢˋ ㄉㄨㄟˋ ㄊㄨㄥˊ ㄧㄤˋ ㄐㄩㄜˊ ㄐㄧㄤˋ ㄌㄜ˙ ㄈㄨˋ ㄑㄧㄣ˙ ㄨㄟ ㄗˇ ㄨˊ ㄎㄜˇ ㄋㄞˋ ㄏㄜˊ ㄓˇ ㄉㄜˊ ㄅㄞˇ ㄧ ㄅㄞˇ ㄕㄨㄟˋ
009479,ㄨㄛˇ ㄍㄢˊ ㄐㄧㄣˇ ㄈㄢ ㄑㄧㄢˊ ㄅㄠ ㄨㄢˊ ㄌㄜ˙ ㄐㄧㄡˋ ㄕㄥˋ ㄨˇ ㄇㄠˊ ㄌㄜ˙ ㄅㄠˋ ㄐㄧㄥˇ ㄅㄚ˙ ㄕㄡˇ ㄐㄧ ㄋㄜ˙
009480,ㄉㄤˋ ㄊㄧㄢ ㄇㄟˇ ㄩㄢˊ ㄉㄨㄟˋ ㄖˋ ㄩㄢˊ ㄧㄝˇ ㄕㄤˋ ㄓㄤˇ ㄧ ㄉㄧㄢˇ ㄌㄧㄥˊ ㄙㄢ ㄉㄠˋ ㄑㄧ ㄕˊ ㄅㄚ ㄉㄧㄢˇ ㄌㄧㄡˋ ㄑㄧ
009481,ㄙㄨㄟ ㄒㄧㄥ ㄎㄣˊ ㄐㄧㄣˇ ㄍㄨㄥ ㄓㄨㄥˋ ㄅㄚˇ ㄒㄧㄣˋ ㄖㄣˋ ㄔㄨㄥˊ ㄐㄧㄣˋ ㄐㄧㄠ ㄏㄨㄟˊ ㄉㄠˋ ㄗˋ ㄐㄧˇ ㄉㄜ˙ ㄕㄡˇ ㄕㄤˋ
009482,ㄅㄧㄝˊ ㄖㄣˊ ㄧㄡˇ ㄅㄟˋ ㄐㄧㄥˇ ㄨㄛˇ ㄇㄣ˙ ㄓˊ ㄧㄡˇ ㄅㄟˋ ㄧㄥˇ ㄅㄧㄝˊ ㄖㄣˊ ㄗㄞˋ ㄌㄩˇ ㄧㄡˊ ㄨㄛˇ ㄇㄣ˙ ㄗㄞˋ ㄇㄥˋ ㄧㄡˊ
009483,ㄐㄧㄝˋ ㄓㄨˋ ㄓㄜˋ ㄓㄨㄥˇ ㄗㄥ ㄓㄤˇ ㄉㄨㄥˋ ㄇㄥˊ ㄨㄛˇ ㄇㄣ˙ ㄐㄧㄤ ㄋㄥˊ ㄅㄠˇ ㄔˊ ㄕˋ ㄔㄤˊ ㄌㄧㄥˇ ㄒㄧㄢ ㄉㄧˋ ㄨㄟˋ
009484,ㄎㄜˋ ㄔㄡˊ ㄌㄞˊ ㄉㄜ˙ ㄋㄚˋ ㄉㄧㄢˇ ㄑㄧㄢˊ ㄇㄟˋ ㄇㄟ˙ ㄗㄨㄛˋ ㄐㄧˇ ㄘˋ ㄊㄡˋ ㄒㄧ ㄐㄧㄡˋ ㄉㄡ ㄏㄨㄚˋ ㄍㄨㄤ ㄌㄜ˙
009485,ㄏㄢˋ ㄗ˙ ㄕㄣ ㄏㄡˋ ㄉㄜ˙ ㄊㄨˇ ㄑㄧㄤˊ ㄕㄤˋ ㄉㄧㄥ ㄓㄜ˙ ㄧˋ ㄓㄤ ㄧㄣˋ ㄅㄞˊ ㄓˇ ㄆㄧㄢˋ ㄕㄚˋ ㄕˋ ㄖㄜˊ ㄧㄢˇ
009486,ㄕㄤˋ ㄔㄜ ㄉㄜ˙ ㄕˊ ㄏㄡˋ ㄍㄨㄚˋ ㄧ ㄉㄤ ㄑㄧˇ ㄅㄨˋ ㄎㄠˇ ㄍㄨㄢ ㄊㄨ ㄖㄢˋ ㄌㄞˊ ㄌㄜ˙ ㄧˊ ㄐㄩˋ ㄐㄧㄚ ㄧㄠˊ
009487,ㄘˇ ㄨㄞˋ ㄏㄨㄢˋ ㄓㄜˇ ㄎㄜˊ ㄧㄡˇ ㄈㄢˊ ㄎㄜˇ ㄔㄨ ㄏㄢˋ ㄌㄧㄡˊ ㄒㄧㄢˊ ㄙˋ ㄓ ㄐㄧ ㄖㄡˋ ㄐㄧㄥˋ ㄌㄨㄢˊ ㄏㄨ ㄒㄧ ㄎㄨㄣˋ ㄋㄢˊ ㄉㄥˇ ㄓㄨㄥˋ ㄓㄨㄤˋ
009488,ㄨㄛˇ ㄋㄧㄥˋ ㄩㄢˋ ㄍㄟˊ ㄍㄡˇ ㄔ ㄧㄝˇ ㄅㄨˋ ㄍㄟˇ ㄊㄚ ㄌㄧㄡˊ
009489,ㄧㄡˇ ㄕㄣˊ ㄇㄜ˙ ㄅㄨˊ ㄏㄨㄟˋ ㄉㄜ˙ ㄐㄧㄣˊ ㄍㄨㄢˇ ㄨㄣˋ ㄨㄛˇ ㄅㄚ˙
009490,ㄧㄣˋ ㄌㄤˇ ㄉㄜ˙ ㄔㄜ ㄕㄣ ㄧㄠ ㄒㄧㄢˋ ㄘㄨㄥˊ ㄔㄜ ㄑㄧㄢˊ ㄉㄚˋ ㄉㄥ ㄔㄨˋ ㄑㄧˇ ㄧˋ ㄓˊ ㄍㄤ ㄐㄧㄥˋ ㄧㄡˇ ㄌㄧˋ ㄉㄜ˙ ㄧㄢˊ ㄕㄣ ㄒㄧㄤˋ ㄏㄡˋ
009491,ㄚ ㄦˋ ㄦˋ ㄦˋ ㄕˊ ㄧ ㄧ ㄕˊ ㄨˇ ㄏㄠˋ ㄇㄨˋ ㄑㄧㄢˊ ㄕˋ ㄇㄡˇ ㄐㄧㄠ ㄌㄧㄡˊ ㄒㄧㄝˊ ㄏㄨㄟˋ ㄅㄢˋ ㄍㄨㄥ ㄉㄧˋ ㄉㄧㄢˇ
009492,ㄗㄨㄛˊ ㄖˋ ㄐㄧˋ ㄓㄜˇ ㄩˊ ㄉㄚˇ ㄔㄨ ㄍㄨㄤˇ ㄍㄠˋ ㄕㄡ ㄍㄨㄛˋ ㄌㄨㄢˊ ㄗˇ ㄉㄜ˙ ㄓㄨㄥ ㄐㄧㄝˋ ㄐㄧㄢˋ ㄇㄧㄢˋ
009493,ㄗㄞˋ ㄉㄤ ㄉㄧˋ ㄘㄨㄣ ㄇㄧㄣˊ ㄧㄢˊ ㄌㄧˇ ㄇㄠˊ ㄒㄧㄢˋ ㄇㄧˊ ㄕˋ ㄧˊ ㄍㄜˋ ㄧㄡˇ ㄒㄧㄝ ㄓˊ ㄋㄧㄡˋ ㄉㄜ˙ ㄖㄣˊ
009494,ㄉㄚˋ ㄕㄨ ㄒㄧㄚˋ ㄔㄤˇ ㄕˊ ㄆㄞ ㄌㄜ˙ ㄆㄞ ㄧㄤˊ ㄇㄧㄥˊ ㄉㄜ˙ ㄐㄧㄢ ㄧˊ ㄑㄧㄝˋ ㄐㄧㄣˋ ㄗㄞˋ ㄅㄨˋ ㄧㄢˊ ㄓㄨㄥ
009495,ㄐㄧㄠˋ ㄕˋ ㄌㄧˇ ㄧˊ ㄧㄡˊ ㄐㄧˇ ㄍㄜˋ ㄖㄣˊ ㄕㄨˇ ㄐㄧㄚˋ ㄉㄜ˙ ㄌㄧㄢˋ ㄅㄧˇ ㄗㄨㄛˋ ㄨㄣˊ ㄍㄤ ㄈㄚ ㄒㄧㄚˋ ㄌㄞˊ
009496,ㄘˇ ㄕˊ ㄧˋ ㄇㄧㄥˊ ㄐㄧㄥˇ ㄔㄚˊ ㄉㄢ ㄕㄡˇ ㄅㄧㄝˇ ㄗㄞˋ ㄕㄢ ㄏㄡˋ ㄕㄡˇ ㄓㄨㄤ ㄨㄛˊ ㄧㄡˇ ㄧˋ ㄔㄨㄟˊ ㄗ˙
009497,ㄕㄨˋ ㄖㄣˊ ㄒㄩㄥ ㄎㄜˇ ㄒㄧ ㄨㄢˇ ㄕㄥ ㄌㄜ˙ ㄧˋ ㄅㄞˇ ㄋㄧㄢˊ ㄏㄨㄛˋ ㄓㄜˊ ㄗㄠˇ ㄕㄤ ㄌㄜ˙ ㄧˋ ㄅㄞˇ ㄋㄧㄢˊ
009498,ㄉㄤ ㄕˊ ㄓㄥ ㄌㄨㄣˋ ㄉㄜ˙ ㄨㄣˋ ㄊㄧˇ ㄐㄧㄣ ㄐㄧㄣˇ ㄕˋ ㄍㄞ ㄅㄨˋ ㄍㄞ ㄗㄞˋ ㄏㄨˊ ㄉㄧˇ ㄆㄨ ㄇㄛˊ
009499,ㄧㄣ ㄨㄟˋ ㄓ ㄉㄠˋ ㄗˋ ㄐㄧˇ ㄉㄜ˙ ㄕ ㄅㄞˋ ㄩˇ ㄨ ㄋㄥˊ ㄩˊ ㄕˋ ㄒㄧㄤˇ ㄅㄢˋ ㄈㄚˇ ㄑㄩˋ ㄎㄜˋ ㄈㄨˊ
009500,ㄨㄤˊ ㄇㄥˊ ㄐㄧㄚˇ ㄆㄧㄥˊ ㄠ ㄈㄥˊ ㄐㄧˋ ㄘㄞˊ ㄉㄥˇ ㄓㄨˋ ㄇㄧㄥˊ ㄗㄨㄛˋ ㄐㄧㄚ ㄘㄥˊ ㄌㄧˋ ㄖㄣˋ ㄏㄨㄟˋ ㄓㄤˇ
009501,ㄇㄨˋ ㄑㄧㄢˊ ㄒㄧㄠ ㄈㄤ ㄉㄨㄟˋ ㄩㄢˊ ㄓˇ ㄋㄥˊ ㄊㄢˋ ㄕㄣ ㄕㄨㄟˇ ㄋㄧˊ ㄍㄨㄢˇ ㄧˋ ㄉㄧㄢˊ ㄉㄧㄢˇ ㄆㄠˊ ㄐㄩㄜˊ
009502,ㄋㄢˊ ㄏㄞˇ ㄉㄞ ㄗㄨㄛˋ ㄗㄞˋ ㄉㄧˋ ㄅㄨˋ ㄕˋ ㄅㄠˋ ㄐㄧˋ ㄐㄧㄠˊ ㄓˇ ㄊㄡˊ ㄑㄧㄥ ㄑㄧㄥ ㄧㄠˇ ㄧ ㄎㄡˇ
009503,ㄉㄥˇ ㄔㄜ ㄍㄨㄛˋ ㄔㄥˊ ㄓㄨㄥ ㄐㄧˋ ㄓㄜˇ ㄈㄚ ㄒㄧㄢˋ ㄅㄨˋ ㄕㄠˇ ㄏㄟ ㄔㄜ ㄅㄧㄢˋ ㄔㄨㄣˊ ㄔㄨㄟˇ ㄩˋ ㄉㄨㄥˋ
009504,ㄧ ㄈㄚˇ ㄅㄟˋ ㄒㄧㄢˋ ㄓˋ ㄖㄣˊ ㄕㄣ ㄗˋ ㄧㄡˇ ㄏㄨㄛˋ ㄅㄛ ㄉㄨㄛˊ ㄓㄥˋ ㄓㄜˋ ㄑㄨㄢˊ ㄌㄧˋ ㄉㄜ˙ ㄔㄨˊ ㄨㄞˋ
009505,ㄏㄨㄛˋ ㄉㄜˊ ㄧˊ ㄉㄧㄥˋ ㄈㄣ ㄕㄨˋ ㄉㄜ˙ ㄨㄞˋ ㄐㄧˇ ㄖㄣˊ ㄕˋ ㄐㄧㄤ ㄅㄟˋ ㄕˋ ㄨㄟˊ ㄉㄠ ㄐㄧˊ ㄖㄣˊ ㄘㄞˊ
009506,ㄓㄜˋ ㄓㄨㄥˇ ㄔㄤˊ ㄔㄥˊ ㄒㄩㄋˊ ㄧˋ ㄈㄟ ㄉㄢˋ ㄉㄜ˙ ㄇㄨˋ ㄅㄧㄠ ㄕˋ ㄉㄨㄟˋ ㄓㄨㄢˊ ㄋㄚˇ ㄍㄜˋ ㄍㄨㄛˇ ㄐㄧㄚ
009507,ㄗㄨㄟˋ ㄏㄡˋ ㄒㄩㄋˊ ㄏㄨㄢˊ ㄌㄧˋ ㄒㄧ ㄒㄧㄤ ㄐㄧㄚ ㄉㄜˊ ㄔㄨ ㄧˋ ㄅㄚˇ ㄦˋ ㄕˋ ㄉㄧㄢˇ ㄌㄧㄥˊ ㄌㄧㄡˊ ㄨˊ ㄨˇ ㄩㄢˊ
009508,ㄅㄧˇ ㄖㄨˊ ㄕㄨㄛ ㄊㄧˊ ㄔㄤ ㄐㄧㄢ ㄎㄨㄥˇ ㄈㄣˋ ㄉㄠˋ ㄓㄜˋ ㄅㄧㄥˋ ㄅㄨˊ ㄧˋ ㄨㄟˋ ㄓㄜ˙ ㄨㄛˇ ㄇㄧㄠˋ ㄔㄨㄢ ㄉㄚˊ ㄅㄨˇ ㄉㄧㄥ ㄉㄜ˙ ㄧˊ ㄈㄨ˙
009509,ㄧㄡˊ ㄋㄧˇ ㄗㄞˋ ㄕㄣ ㄅㄧㄢ ㄆㄟˊ ㄅㄢˋ ㄉㄜ˙ ㄖˋ ㄗ˙ ㄍㄢˇ ㄐㄩㄜˊ ㄇㄟˇ ㄊㄧㄢ ㄉㄡ ㄒㄧㄤˋ ㄉㄨˋ ㄐㄧㄚˋ ㄧㄤˋ ㄎㄞ ㄒㄧㄣ ㄇㄜ˙
009510,ㄑㄧㄢˊ ㄏㄨㄚ ㄉㄜ˙ ㄓˊ ㄌㄠˊ ㄅㄞˇ ㄒㄧㄥˋ ㄧㄝˇ ㄩㄢˋ ㄧˋ ㄐㄧㄝˇ ㄋㄤˊ
009511,ㄉㄜˊ ㄍㄨㄛˊ ㄌㄧˋ ㄕˇ ㄧㄡ ㄐㄧㄡˇ ㄨㄢˊ ㄏㄨㄚˋ ㄘㄨㄟˇ ㄘㄢˋ ㄙㄨˋ ㄧㄡˇ ㄕ ㄖㄣˊ ㄏㄜˊ ㄓㄜˊ ㄒㄩㄜˊ ㄐㄧㄚ ㄍㄨㄛˊ ㄉㄨˋ ㄉㄜ˙ ㄇㄟˇ ㄩˋ
009512,ㄍㄠ ㄒㄧㄣˋ ㄓㄢˇ ㄕˋ ㄍㄨㄥˇ ㄌㄧˋ ㄉㄜ˙ ㄍㄨˇ ㄌㄧˋ ㄉㄨㄢˇ ㄒㄧㄣˋ
009513,ㄅㄨˋ ㄐㄧㄣˊ ㄐㄧㄣˇ ㄙㄨˋ ㄉㄨˋ ㄎㄨㄞˋ ㄦˊ ㄑㄧㄝˇ ㄓ ㄌㄧㄤˋ ㄍㄠ
009514,ㄐㄧㄡˋ ㄕˋ ㄅㄧˇ ㄐㄧㄚˋ ㄒㄧˇ ㄏㄨㄢ ㄒㄧㄝˊ ㄉㄧㄢˇ ㄉㄨㄥ ㄒㄧ˙ ㄇㄚ˙
009515,ㄨˇ ㄋㄧㄢˊ ㄌㄞˊ ㄗㄞˋ ㄐㄧˊ ㄩㄢˋ ㄕㄤ ㄩㄥˋ ㄑㄧㄥ ㄔㄥ ㄏㄜˊ ㄖㄜˋ ㄒㄩㄜˋ ㄕㄨ ㄒㄧㄝˇ ㄌㄜ˙ ㄅㄧㄠ ㄅㄧㄥˊ ㄕˇ ㄘㄜˋ ㄉㄜ˙ ㄓㄨㄤˋ ㄌㄧˋ ㄆㄧㄢ ㄓㄤ
009516,ㄊㄚ ㄊㄧㄝ ㄓㄜ˙ ㄧˊ ㄍㄜ˙ ㄊㄨ ㄊㄡˊ ㄋㄢˊ ㄖㄣ˙ ㄋㄚˋ ㄘㄞˊ ㄕˋ ㄊㄧㄝ ㄓㄜ˙ ㄎㄢˋ ㄌㄞˊ ㄕㄤˋ ㄉㄧˋ ㄧㄝˊ ㄧㄡˇ ㄌㄨˋ ㄓㄢˇ ㄉㄜ˙ ㄕˊ ㄏㄡˋ
009517,ㄑㄧㄥ ㄙㄨㄥ ㄐㄧ ㄎㄨㄚˊ ㄊㄚˇ ㄌㄧˋ ㄅㄢ ㄓ ㄏㄡˋ ㄇㄟˇ ㄐㄩㄋ ㄇㄧㄢˋ ㄉㄨㄟˋ ㄉㄜ˙ ㄕˋ ㄧˋ ㄆㄢˊ ㄙㄢˇ ㄕㄚ ㄕˋ ㄉㄜ˙ ㄨˇ ㄓㄨㄤ ㄈㄣˋ ㄗ˙
009518,ㄉㄠˋ ㄗㄨㄟˋ ㄏㄡˋ ㄑㄧㄢ ㄉㄧㄢˋ ㄒㄧㄝˊ ㄧˋ ㄕˊ ㄊㄚ ㄕㄨㄛ ㄊㄚ ㄅㄚˊ ㄉㄨㄥˇ ㄕˋ ㄓㄤˇ ㄉㄤ ㄕㄤˋ ㄑㄧˊ ㄊㄚ ㄋㄧˇ ㄗㄚˊ ㄍㄠˇ ㄉㄜ˙ ㄒㄧㄥˊ
009519,ㄨㄟˊ ㄒㄩㄋˋ ㄏㄡˋ ㄌㄩˇ ㄗㄨㄥ ㄧㄣ ㄌㄧˋ ㄐㄧˇ ㄊㄧㄠˋ ㄒㄧㄚˋ ㄔㄜ ㄓㄣ ㄔㄥˊ ㄅㄟ ㄑㄧㄝˋ ㄉㄜ˙ ㄙㄨˋ ㄕㄨㄛ ㄉㄚˇ ㄉㄨㄥˋ ㄌㄜ˙ ㄓ ㄩㄢˋ ㄓㄜˇ ㄇㄣˊ
009520,ㄉㄧˋ ㄈㄤ ㄓㄥˋ ㄈㄨˇ ㄉㄨㄟˋ ㄅㄣˇ ㄉㄧˋ ㄑㄩˋ ㄖㄨˊ ㄆㄧㄣˇ ㄓ ㄌㄧㄤˇ ㄢ ㄑㄨㄢˊ ㄈㄨˋ ㄗㄨㄥˇ ㄗㄜˊ
009521,ㄍㄜˇ ㄒㄧㄠˊ ㄐㄧㄝˇ ㄉㄜ˙ ㄇㄚ ㄇㄚ˙ ㄨㄤˊ ㄋㄩˇ ㄕˋ ㄓˋ ㄐㄧㄣ ㄖㄥˊ ㄖㄢˊ ㄧˇ ㄌㄟˋ ㄒㄧˊ ㄇㄧㄢˋ
009522,ㄦˊ ㄑㄧㄝˇ ㄉㄤ ㄖㄢˊ ㄧㄝˇ ㄕˋ ㄍㄨㄚˇ ㄊㄡˊ ㄏㄜˊ ㄑㄧㄢˊ ㄉㄨˊ ㄘㄞˊ ㄓㄜˇ ㄉㄜ˙ ㄅㄧˋ ㄋㄢˋ ㄙㄨㄛˇ
009523,ㄉㄚˋ ㄒㄩㄜˊ ㄌㄧˇ ㄧㄡˇ ㄧ ㄉㄚˋ ㄆㄧ ㄓㄨㄟ ㄑㄧㄡˊ ㄇㄧㄠˊ ㄊㄧㄠˊ ㄏㄜˊ ㄍㄨˊ ㄍㄢˇ ㄉㄜ˙ ㄋㄩˇ ㄏㄞˊ
009524,ㄉㄢˋ ㄕˋ ㄨㄟˋ ㄌㄞˊ ㄐㄧˇ ㄋㄧㄢˊ ㄋㄟˋ ㄉㄚˋ ㄒㄩㄜˊ ㄕㄥ ㄐㄧㄡˋ ㄧㄝˋ ㄒㄧㄥˊ ㄕˋ ㄧ ㄖㄢˊ ㄧㄢˇ ㄐㄩㄋˋ
009525,ㄨㄟˊ ㄒㄧㄡ ㄅㄨˋ ㄇㄣˊ ㄅㄠˇ ㄌㄧㄡˊ ㄒㄧㄠ ㄕㄡˋ ㄉㄥˇ ㄑㄧˊ ㄊㄚ ㄧㄝˋ ㄨˋ ㄏㄜˊ ㄅㄧㄥˋ ㄗㄞˋ ㄧˋ ㄑㄧˇ
009526,ㄗㄞˋ ㄦˋ ㄅㄞˊ ㄨˇ ㄕˋ ㄉㄨㄥˋ ㄨㄢˋ ㄇㄧㄥˊ ㄎㄠˇ ㄕㄥ ㄓㄨㄥ ㄅㄧㄢ ㄌㄜ˙ ㄦˋ ㄕˋ ㄉㄨㄛ ㄊㄧㄢ ㄉㄜ˙ ㄑㄧˋ ㄧˊ ㄒㄧㄚˋ ㄗ˙ ㄅㄠˋ ㄈㄚ ㄔㄨ ㄌㄞˊ ㄌㄜ˙
009527,ㄗㄞˋ ㄓㄨˊ ㄍㄨㄤ ㄉㄜ˙ ㄧㄥˋ ㄓㄠˋ ㄒㄧㄚˋ ㄌㄠˇ ㄖㄣˊ ㄧㄢˊ ㄐㄧㄠˇ ㄉㄜ˙ ㄨㄟˋ ㄏㄨㄚ ㄕㄢˊ ㄕㄢˇ ㄈㄚ ㄌㄧㄤˋ
009528,ㄌㄧㄣˊ ㄐㄩ ㄈㄢˇ ㄩㄥˋ ㄉㄤ ㄕˊ ㄨ ㄋㄟˋ ㄇㄧㄥˊ ㄏㄨㄛˇ ㄅㄨˊ ㄉㄚˋ ㄉㄢˋ ㄕˋ ㄋㄨㄥˊ ㄧㄢ ㄑㄧㄤˋ ㄖㄣˊ
009529,ㄧˋ ㄕㄤˋ ㄎㄨㄢˇ ㄨˋ ㄓㄜ˙ ㄏㄜˊ ㄖㄣˊ ㄇㄧㄣˊ ㄅㄧˋ ㄙˋ ㄕˊ ㄗˋ ㄉㄧㄢˇ ㄙˋ ㄌㄧㄡˋ ㄙˋ ㄙㄢ ㄨㄢˋ ㄩㄢˇ
009530,ㄖㄨˊ ㄘˇ ㄅㄧㄢˋ ㄋㄥˊ ㄖㄠˋ ㄎㄞ ㄓㄥˋ ㄈㄨˇ ㄓㄨˊ ㄍㄨㄢˇ ㄅㄨˋ ㄇㄣˊ ㄖㄨㄥˇ ㄔㄤˊ ㄉㄜ˙ ㄕㄣˇ ㄆㄧ
009531,ㄧˇ ㄏㄡˋ ㄋㄧˇ ㄗㄞˋ ㄓㄜˋ ㄇㄜ˙ ㄉㄚˋ ㄕㄥ ㄕㄨㄛ ㄨㄛˇ ㄨㄛˇ ㄐㄧㄡˋ ㄍㄟˊ ㄋㄧˊ ㄉㄧㄢˇ ㄧㄢˊ ㄙㄜˋ ㄎㄢˋ ㄎㄢˋ
009532,ㄊㄚ ㄇㄣ˙ ㄐㄧㄥ ㄍㄨㄛˋ ㄑㄧㄢ ㄊㄧㄠ ㄨㄢˋ ㄒㄨㄢˇ ㄓㄥˊ ㄊㄧˇ ㄙㄨˋ ㄓˋ ㄏㄣˊ ㄏㄠˇ ㄧㄥ ㄍㄞ ㄉㄜˊ ㄉㄠˋ ㄍㄠ ㄧˋ ㄒㄧㄝ ㄉㄜ˙ ㄉㄞˋ ㄩˇ
009533,ㄐㄧㄡˋ ㄗㄨㄛˊ ㄊㄧㄢ ㄓㄜˋ ㄔㄡˊ ㄋㄩˇ ㄧㄡˋ ㄕㄣ ㄐㄧㄥ ㄉㄜ˙ ㄎㄞ ㄕˇ ㄉㄚˋ ㄇㄚˋ ㄋㄩˇ ㄕㄣˊ ㄗㄨㄟˋ ㄏㄡˋ ㄋㄩˇ ㄕㄣˊ ㄑㄧˋ ㄏㄨㄞˋ ㄌㄜ˙
009534,ㄅㄨˊ ㄍㄨㄛˋ ㄊㄚ ㄒㄧㄢˋ ㄔㄤˇ ㄉㄜ˙ ㄧㄡ ㄨㄛˋ ㄩˇ ㄧㄢˊ ㄑㄩㄜˋ ㄉㄡˋ ㄉㄜ˙ ㄍㄨㄢ ㄓㄨㄥˋ ㄏㄜˊ ㄓㄨㄥˋ ㄨㄟˋ ㄐㄧㄚ ㄅㄧㄣ ㄏㄜˊ ㄅㄨˋ ㄌㄨㄥˊ ㄗㄨㄟˇ
009535,ㄍㄞ ㄍㄨㄢ ㄌㄧˋ ㄩㄢˊ ㄌㄧˋ ㄐㄧˊ ㄅㄚˇ ㄗˋ ㄐㄧˊ ㄙㄨㄛˇ ㄗㄞˋ ㄌㄨㄥˊ ㄗ˙ ㄌㄧˇ ㄧˊ ㄇㄧㄢˇ ㄑㄧˊ ㄊㄚ ㄉㄜ˙ ㄒㄧㄥ ㄒㄧㄥˋ ㄧㄝˇ ㄊㄠˊ ㄆㄠˇ
009536,ㄊㄨㄟ ㄦˊ ㄧㄢˊ ㄓ ㄍㄨˇ ㄒㄧ ㄌㄚˋ ㄓㄜ˙ ㄒㄩㄜˊ ㄕˋ ㄐㄧㄥˋ ㄍㄨㄢ ㄉㄜ˙ ㄊㄚ ㄈㄢˇ ㄧㄥˋ ㄌㄜ˙ ㄔㄠ ㄩㄝˋ ㄒㄧㄢˋ ㄕˊ ㄉㄜ˙ ㄌㄧˊ ㄒㄧㄤˇ
009537,ㄓˋ ㄕㄠˇ ㄗㄞˋ ㄏㄨㄚˋ ㄓㄨㄤ ㄈㄤ ㄇㄧㄢˋ ㄨㄛˇ ㄎㄜˊ ㄧˊ ㄅㄧˇ ㄅㄧㄝˊ ㄖㄣˊ ㄕㄠˇ ㄩㄥˋ ㄅㄢˋ ㄒㄧㄠˇ ㄕˊ ㄧㄣ ㄨㄟˋ ㄅㄨˊ ㄩㄥˋ ㄏㄨㄚˋ ㄇㄟˊ ㄇㄠ˙
009538,ㄑㄧㄠˇ ㄐㄧㄚ ㄍㄨㄢ ㄈㄤ ㄉㄜ˙ ㄓㄜˋ ㄈㄣˋ ㄏㄨㄟˊ ㄧㄥˋ ㄏㄣˇ ㄎㄨㄞˋ ㄅㄟˋ ㄨㄞˋ ㄐㄧㄝˋ ㄕˋ ㄗㄨㄛˋ ㄐㄧ ㄩˊ ㄆㄧㄝˇ ㄑㄧㄥ ㄔㄞ ㄑㄧㄢ ㄇㄠˊ ㄉㄨㄣˋ
009539,ㄈㄨˋ ㄈㄨˋ ㄌㄧㄚˊ ㄇㄟˇ ㄋㄧㄢˊ ㄉㄜ˙ ㄒㄧㄡ ㄐㄧㄚˋ ㄑㄨㄢˊ ㄩㄥˋ ㄗㄞˋ ㄌㄜ˙ ㄔㄤˊ ㄊㄨ ㄅㄚˊ ㄕㄜˋ ㄑㄩˋ ㄌㄤˇ ㄐㄧㄚ ㄎㄢˋ ㄏㄞˊ ㄗ˙ ㄕㄤˋ
009540,ㄒㄩˊ ㄌㄧˋ ㄔㄤˋ ㄉㄜ˙ ㄏㄣˇ ㄊㄡˊ ㄖㄨˋ ㄍㄨㄢ ㄓㄨㄥˋ ㄍㄣ ㄓㄜ˙ ㄔㄤˋ ㄉㄜ˙ ㄧㄝˊ ㄏㄣˇ ㄊㄡˊ ㄖㄨˋ ㄒㄧㄢˋ ㄔㄤˇ ㄏㄞ ㄔㄥ ㄧˊ ㄆㄧㄢˋ
009541,ㄘˇ ㄨㄞˋ ㄐㄧ ㄋㄧㄢˊ ㄑㄧˇ ㄩㄥˋ ㄌㄜ˙ ㄧˋ ㄆㄧ ㄒㄧㄣ ㄕˋ ㄙㄠˊ ㄒㄩㄜˇ ㄕㄜˋ ㄅㄟˋ ㄊㄧ ㄉㄞˋ ㄖㄨㄥˊ ㄒㄩㄜˇ ㄐㄧˋ ㄉㄜ˙ ㄕˇ ㄩㄥˋ ㄌㄧㄤˋ
009542,ㄇㄨˋ ㄑㄧㄢˊ ㄔㄢˊ ㄇㄡˇ ㄧㄣ ㄕㄜˋ ㄒㄧㄢˊ ㄍㄨˋ ㄧˋ ㄙㄨㄣˊ ㄏㄨㄟˇ ㄍㄨㄥ ㄙ ㄘㄞˊ ㄨˋ ㄅㄟˋ ㄐㄧㄥˇ ㄈㄤ ㄒㄧㄥˊ ㄐㄩ
009543,ㄋㄧˇ ㄕˋ ㄈㄠˊ ㄒㄧㄤˇ ㄍㄨㄛˋ ㄋㄧˇ ㄉㄜ˙ ㄍㄜˋ ㄖㄣˊ ㄒㄧㄣˋ ㄒㄧ ㄧㄝˊ ㄒㄩˊ ㄧˇ ㄅㄟˋ ㄓㄨㄢˊ ㄕㄡˇ ㄕㄨˋ ㄘˋ
009544,ㄧˋ ㄓㄥˋ ㄈㄚ ㄗㄨㄛˋ ㄕˊ ㄧㄡˇ ㄉㄜ˙ ㄏㄞˊ ㄗ˙ ㄗˋ ㄕㄨˋ ㄊㄡˊ ㄩㄣ ㄏㄨㄛˋ ㄔㄨ ㄒㄧㄢˋ ㄔㄡ ㄔㄨˋ
009545,ㄅㄨˊ ㄕˋ ㄧㄠˋ ㄆㄞ ㄓㄠˋ ㄇㄚ˙ ㄉㄚˋ ㄐㄧㄚ ㄆㄞˊ ㄏㄠˇ ㄉㄨㄟˋ ㄇㄚˊ ㄌㄧˋ ㄉㄧㄢˇ
009546,ㄏㄠˊ ㄏㄠˇ ㄕㄨㄟˋ ㄧˊ ㄐㄧㄠˋ ㄇㄧㄥˊ ㄊㄧㄢ ㄧㄡˋ ㄕˋ ㄓㄢˇ ㄒㄧㄣ ㄉㄜ˙ ㄧˋ ㄊㄧㄢ
009547,ㄉㄢˋ ㄌㄧˇ ㄐㄧㄚ ㄉㄧㄥˊ ㄩˇ ㄕ ㄇㄧㄥˊ ㄐㄩㄋ ㄈㄡˇ ㄖㄣˋ
009548,ㄗㄨㄛˇ ㄊㄧㄢ ㄍㄜˊ ㄧㄝˋ ㄗ ㄐㄧㄣ ㄉㄧㄝˊ ㄆㄛˋ ㄅㄞˇ ㄈㄣ ㄓ ㄙㄢ ㄓˋ ㄅㄞˇ ㄈㄣ ㄓ ㄦˋ ㄉㄧㄢˊ ㄐㄧㄡˇ ㄌㄧㄡˋ ㄑㄧ ㄧ
009549,ㄑㄧ ㄗ˙ ㄉㄜ˙ ㄐㄧㄠˇ ㄑㄩㄜˊ ㄗㄜˊ ㄕˋ ㄧˋ ㄔㄤˇ ㄧ ㄌㄧㄠˋ ㄕˋ ㄍㄨˋ ㄉㄜ˙ ㄏㄡˋ ㄧˊ ㄓㄥˋ
009550,ㄕㄨㄛ ㄅㄨˋ ㄉㄧㄥˋ ㄊㄚ ㄏㄨㄟˋ ㄅㄧˇ ㄩㄝ ㄏㄢˋ ㄏㄞˊ ㄧㄠˋ ㄗㄠˇ ㄉㄜ˙ ㄉㄨㄥ ㄕㄢ ㄗㄞˋ ㄑㄧˇ ㄋㄜ˙
009551,ㄊㄚ ㄊㄧˊ ㄒㄧㄥˇ ㄊㄡˊ ㄗㄜˋ ㄓㄜˇ ㄐㄧㄥˋ ㄊㄧˋ ㄏㄨㄟˋ ㄈㄡˇ ㄔㄨㄛ ㄒㄧㄢˋ ㄓˋ ㄓㄤˋ ㄒㄧㄢˋ ㄒㄧㄤˋ
009552,ㄊㄚ ㄐㄧㄢˋ ㄕˋ ㄩˊ ㄒㄩㄥˊ ㄇㄤˊ ㄆㄠˇ ㄍㄨㄛˋ ㄑㄩˋ ㄩˇ ㄐㄩㄥˊ ㄕㄨㄛ ㄆㄞˊ ㄨㄛˇ ㄑㄧㄢˊ ㄇㄧㄢˋ
009553,ㄌㄧㄤˇ ㄍㄨㄛˊ ㄐㄧㄣ ㄇㄠˋ ㄏㄜˊ ㄗㄨㄛˋ ㄉㄜ˙ ㄅㄨˊ ㄉㄨㄢˋ ㄎㄨㄛˋ ㄉㄚˋ ㄕˊ ㄇㄟˇ ㄓㄨㄥ ㄕㄨㄤ ㄨㄤ ㄏㄨㄛˋ ㄧˋ
009554,ㄌㄧㄡˋ ㄩˋ ㄦˋ ㄕˋ ㄑㄧ ㄖˋ ㄐㄧㄠ ㄌㄨㄥˊ ㄏㄠˋ ㄕㄨㄚ ㄒㄧㄣ ㄐㄧㄝˋ ㄌㄨˋ ㄒㄧㄚˋ ㄑㄧㄢˊ ㄓˋ ㄑㄧ ㄑㄧㄢ ㄌㄧㄥˊ ㄌㄧㄡˋ ㄕˋ ㄦˋ ㄇㄧˇ
009555,ㄘˇ ㄏㄡˋ ㄗㄞˋ ㄒㄧ ㄗㄤˋ ㄏㄨㄟˋ ㄈㄨˋ ㄐㄧㄡˋ ㄧㄡˇ ㄉㄜ˙ ㄈㄥ ㄐㄧㄢˋ ㄋㄨㄥ ㄋㄨ ㄓˋ ㄉㄨˋ ㄧㄝˇ ㄔㄥˊ ㄨㄟˊ ㄩㄥˊ ㄩㄢˇ ㄅㄨˋ ㄎㄜˇ ㄋㄥˊ
009556,ㄍㄨㄛˋ ㄑㄩˋ ㄐㄧˇ ㄕˊ ㄋㄧㄢˊ ㄧㄢˊ ㄏㄞˇ ㄓ ㄙㄨㄛˊ ㄧˇ ㄈㄚ ㄓㄢˇ ㄒㄩㄋˋ ㄙㄨˋ ㄐㄧㄡˋ ㄕˋ ㄧㄣ ㄨㄟˋ ㄐㄧㄣˋ ㄒㄧㄠ ㄨˋ ㄌㄧㄡˊ ㄅㄧㄢˋ ㄌㄧˋ
009557,ㄐㄩˋ ㄒㄧ ㄗㄞˋ ㄈㄢˇ ㄑㄧㄣ ㄧㄢˋ ㄕㄤˋ ㄓㄢˇ ㄕˋ ㄋㄩˇ ㄈㄤ ㄐㄧㄚˋ ㄓㄨㄤˋ ㄕˋ ㄐㄧㄣˋ ㄐㄧㄤˋ ㄧˊ ㄉㄞˋ ㄊㄜˋ ㄧㄡˇ ㄉㄜ˙ ㄒㄧˊ ㄙㄨˊ
009558,ㄐㄧㄣˋ ㄖㄨˋ ㄑㄧˋ ㄔㄜ ㄕˊ ㄉㄞˋ ㄧˇ ㄌㄞˊ ㄖㄣˊ ㄇㄣ˙ ㄙˋ ㄏㄨ ㄧˊ ㄎㄜˋ ㄧㄢˇ ㄌㄧˊ ㄅㄨˋ ㄎㄞ ㄍㄨㄣˊ ㄍㄨㄣˇ ㄉㄜ˙ ㄔㄜ ㄌㄨㄣˊ
009559,ㄘˇ ㄨㄞˋ ㄓㄥˇ ㄍㄜˋ ㄍㄨㄢˇ ㄓㄨㄥ ㄏㄞˊ ㄕㄡ ㄘㄤˊ ㄓㄜ˙ ㄐㄧㄚˇ ㄆㄧㄥˊ ㄠ ㄉㄜ˙ ㄧˋ ㄒㄧㄝ ㄘㄤˊ ㄆㄧㄣˇ ㄏㄜˊ ㄕㄨ ㄏㄨㄚˋ ㄗㄨㄛˋ ㄆㄧㄣˇ
009560,ㄉㄨㄟˋ ㄩˊ ㄈㄢˇ ㄉㄨㄟˋ ㄆㄞˋ ㄨㄛˇ ㄧˋ ㄓˇ ㄐㄩㄜˊ ㄉㄜ˙ ㄊㄚ ㄇㄣ˙ ㄏㄣˇ ㄤ ㄗㄤ
009561,ㄕˋ ㄈㄡˇ ㄒㄩㄜ ㄖㄨㄛˋ ㄌㄜ˙ ㄉㄨㄟˋ ㄋㄨㄥˊ ㄧㄝˋ ㄉㄜ˙ ㄊㄡˊ ㄖㄨˋ
009562,ㄐㄧㄣ ㄙㄜˋ ㄉㄜ˙ ㄎㄨㄚ ㄓㄤ ㄇㄠˇ ㄉㄧㄥ ㄕㄡˇ ㄓㄨㄛˊ ㄏㄜˊ ㄕㄢˊ ㄕㄢˇ ㄌㄧㄤˋ ㄉㄜ˙ ㄐㄧㄣ ㄙㄜˋ ㄅㄠ ㄅㄠ ㄏㄨ ㄧㄥˋ ㄉㄜ˙ ㄍㄤ ㄍㄤ ㄏㄠˇ
009563,ㄗㄞˋ ㄗㄨㄟˋ ㄨㄢˊ ㄐㄧㄢˇ ㄔㄚˊ ㄈㄢˇ ㄏㄨㄟˊ ㄅㄧㄥˋ ㄈㄤ ㄊㄨˊ ㄓㄨㄥ ㄌㄧㄣˊ ㄌㄧㄣˋ ㄊㄤˇ ㄗㄞˋ ㄅㄧㄥˋ ㄔㄨㄤˊ ㄕㄤˋ ㄅㄞˇ ㄋㄨㄥˋ ㄕㄡˇ ㄐㄧ
009564,ㄅㄨˊ ㄍㄨㄛˋ ㄨㄤˊ ㄧㄡˇ ㄉㄜ˙ ㄈㄣ ㄈㄣ ㄓ ㄔˊ ㄧㄥ ㄘㄞˇ ㄦˊ ㄓㄜˋ ㄧ ㄅㄚˋ ㄑㄧˋ ㄒㄧㄥˊ ㄨㄟˊ
009565,ㄊㄚ ㄕㄨㄛ ㄉㄤ ㄕˊ ㄗㄞˋ ㄆㄧㄢˋ ㄔㄤˇ ㄏㄨㄛˋ ㄅㄛˊ ㄐㄧ ㄏㄨ ㄍㄣ ㄙㄨㄛˊ ㄧㄡˇ ㄖㄣˊ ㄍㄢˋ ㄍㄨㄛˋ ㄐㄧㄚˋ
009566,ㄒㄧㄤˇ ㄓㄜ˙ ㄒㄧㄤˇ ㄓㄜ˙ ㄗˋ ㄐㄧˇ ㄅㄟˋ ㄗˋ ㄐㄧˇ ㄉㄡˋ ㄌㄜˋ ㄉㄨㄟˋ ㄓㄜ˙ ㄐㄩㄋ ㄏㄨㄛˇ ㄎㄨˋ ㄗㄠˋ ㄒㄧㄥˊ ㄉㄜ˙ ㄩˊ ㄍㄨㄛˇ ㄊㄤˊ ㄎㄞ ㄏㄨㄞˊ ㄉㄚˋ ㄒㄧㄠˋ
009567,ㄓㄡ ㄓㄨㄤ ㄔㄨㄢˊ ㄈㄨˋ ㄉㄜ˙ ㄕㄥ ㄧˋ ㄐㄧˊ ㄐㄧㄚ ㄇㄟˇ ㄍㄜˋ ㄖㄣˊ ㄉㄡ ㄏㄣˋ ㄅㄨˋ ㄉㄜˊ ㄐㄧㄠˊ ㄧㄝˇ ㄋㄥˊ ㄏㄨㄚˊ ㄐㄧㄤˇ ㄏㄠˇ ㄉㄨㄛ ㄌㄚ ㄒㄧㄝ ㄕㄥ ㄧˋ
009568,ㄊㄚ ㄏㄜˊ ㄧˋ ㄅㄤ ㄕㄡ ㄏㄨㄚˋ ㄉㄨ ㄉㄨㄛ ㄋㄤ ㄇㄤ ㄔㄥˊ ㄊㄧㄢ ㄊㄧㄠˋ ㄨˇ ㄉㄜ˙ ㄖㄣˊ ㄕㄥ ㄏㄨㄛˊ ㄗㄞˋ ㄧˋ ㄑㄧˇ
009569,ㄑㄩˋ ㄕㄣ ㄓㄣˋ ㄉㄚˇ ㄍㄨㄥ ㄓ ㄑㄧㄢˊ ㄉㄧˋ ㄉㄧㄥ ㄇㄟˋ ㄇㄟ˙ ㄐㄧㄡˋ ㄖㄤ ㄖㄤˋ ㄓㄜ˙ ㄧㄤˋ ㄇㄞˇ ㄅㄨˊ ㄉㄧㄢˋ ㄋㄠˇ
009570,ㄊㄚ ㄉㄜ˙ ㄉㄠˋ ㄌㄞˊ ㄕˋ ㄧˊ ㄐㄧㄢˋ ㄏㄠˇ ㄕˋ ㄨㄛˊ ㄏㄣˇ ㄏㄨㄢ ㄧㄥˊ ㄊㄚ ㄉㄨˋ ㄍㄨㄢˇ ㄕˋ ㄉㄞˋ ㄅㄧㄠˇ ㄍㄜˋ ㄖㄣˊ ㄏㄞˊ ㄕˋ ㄉㄞˋ ㄉㄜ˙ ㄐㄩˋ ㄌㄜ˙ ㄅㄨˋ
009571,ㄒㄧㄠˊ ㄋㄩˇ ㄏㄞˊ ㄊㄧㄥˇ ㄍㄨㄞ ㄉㄜ˙ ㄇㄟˊ ㄧㄡˇ ㄎㄨ ㄋㄠˋ
009572,ㄧㄡˇ ㄕㄣˊ ㄇㄜ˙ ㄒㄧㄣ ㄕˋ ㄇㄚ ㄎㄜˊ ㄧˇ ㄏㄜˊ ㄨㄛˇ ㄈㄣ ㄒㄧㄤˇ ㄧˊ ㄒㄧㄚˋ ㄧㄚ˙
009573,ㄐㄩ ㄇㄧㄣˊ ㄕㄨㄛ ㄓㄜˋ ㄒㄧㄝ ㄌㄧㄡˊ ㄌㄤˋ ㄦˊ ㄙˋ ㄏㄨ ㄊㄨ ㄖㄢˊ ㄒㄧㄠ ㄕ ㄌㄜ˙ ㄅㄨˋ ㄓ ㄑㄧㄢˊ ㄨㄤˇ ㄏㄜˊ ㄔㄨˋ
009574,ㄅㄥ ㄧˊ ㄒㄧㄚˋ ㄏㄜˊ ㄊㄠˊ ㄨㄢˊ ㄏㄠˇ ㄉㄜ˙ ㄗㄞˋ ㄉㄧˋ ㄕㄤˋ ㄉㄚˊ ㄍㄨㄣˇ ㄙㄨˋ ㄕㄨㄣˋ ㄇㄣˊ ㄑㄩㄜˋ ㄉㄧㄠˋ ㄌㄜ˙ ㄒㄧㄚˋ ㄌㄞˊ
009575,ㄇㄧㄢˋ ㄉㄨㄟˋ ㄧˊ ㄒㄧˋ ㄌㄧㄝˋ ㄉㄜ˙ ㄉㄚˇ ㄐㄧ ㄊㄧㄢˊ ㄓㄥˋ ㄧㄤˊ ㄇㄟˊ ㄧㄡˇ ㄑㄧˋ ㄋㄟˋ ㄈㄢˇ ㄦˊ ㄍㄥˋ ㄐㄧㄚ ㄐㄧㄢ ㄑㄧㄤˊ
009576,ㄓㄜˋ ㄍㄜ˙ ㄎㄢˋ ㄙˋ ㄆㄧㄥˊ ㄉㄢˋ ㄉㄜ˙ ㄒㄧㄠ ㄒㄧ˙ ㄕˇ ㄗㄜˊ ㄧˋ ㄧˋ ㄓㄨㄥˋ ㄉㄚˋ
009577,ㄙㄨㄛˊ ㄌㄧˇ ㄉㄜ˙ ㄖㄣˊ ㄗˋ ㄅㄟ ㄨˇ ㄍㄨㄥ ㄅㄨˋ ㄐㄧˊ ㄈㄨˊ ㄕㄢ ㄈㄟ ㄏㄨㄥˊ ㄅㄤ ㄉㄚˋ ㄅㄨˋ ㄌㄧㄠˇ ㄍㄨㄢ ㄐㄧ˙ ㄊㄧㄢ ㄐㄧㄡˋ ㄈㄤˋ ㄌㄜ˙ ㄔㄨ ㄑㄩˋ
009578,ㄓˊ ㄉㄠˋ ㄗㄨㄛˊ ㄊㄧㄢ ㄓㄨㄥ ㄍㄨㄛˊ ㄉㄨㄟˋ ㄧˇ ㄐㄧㄥ ㄧˊ ㄐㄧㄡˇ ㄎㄨㄞˋ ㄐㄧㄣ ㄊㄞˊ ㄖㄨˋ ㄓㄤˋ ㄗㄢˋ ㄐㄩ ㄐㄧㄠˋ ㄩㄣˋ ㄏㄨㄟˋ ㄐㄧㄣ ㄆㄞˊ ㄅㄤˇ ㄉㄜ˙ ㄅㄢˊ ㄕㄡˇ
009579,ㄑㄧㄢˊ ㄐㄧˇ ㄋㄧㄢˊ ㄏㄨㄛˇ ㄔㄜ ㄊㄧˊ ㄙㄨˋ ㄉㄢˋ ㄋㄚˋ ㄌㄧˋ ㄉㄜ˙ ㄏㄞˊ ㄗ˙ ㄑㄩㄜˋ ㄅㄨˋ ㄋㄥˊ ㄊㄧˊ ㄙㄨˋ
009580,ㄦˊ ㄘˇ ㄘˋ ㄘㄢ ㄐㄧㄚ ㄖㄣˊ ㄕㄨˋ ㄓㄨㄥˋ ㄉㄨㄛ ㄧㄝˇ ㄖㄤˋ ㄇㄞˋ ㄒㄧㄤˋ ㄉㄧㄥˊ ㄉㄧㄢˇ ㄉㄜ˙ ㄋㄢˊ ㄉㄨˋ ㄗㄥ ㄐㄧㄚ
009581,ㄊㄢ ㄇㄡˊ ㄓㄨㄢˇ ㄕㄣ ㄏㄜˊ ㄏㄜˊ ㄇㄡˇ ㄉㄨㄟˋ ㄉㄚˇ ㄌㄧㄥˋ ㄕˋ ㄊㄨˊ ㄑㄧㄤˇ ㄍㄨㄛˋ ㄏㄜˊ ㄇㄡˇ ㄉㄜ˙ ㄔㄥˋ ㄊㄨㄛˇ
009582,ㄨㄟˋ ㄕㄣˊ ㄇㄜ˙ ㄧˊ ㄒㄧㄤˋ ㄍㄟˇ ㄖㄣˊ ㄑㄧㄣˊ ㄐㄧㄢˋ ㄧㄣˋ ㄒㄧㄤˋ ㄉㄜ˙ ㄉㄜˊ ㄍㄨㄛˊ ㄖㄣˊ ㄅㄧㄢˋ ㄉㄜ˙ ㄅㄨˊ ㄏㄨㄟˋ ㄍㄨㄛˋ ㄖˋ ㄗ˙ ㄌㄜ˙
009583,ㄊㄚ ㄓㄜˋ ㄍㄜ˙ ㄐㄧㄡˋ ㄕˋ ㄌㄠˊ ㄅㄞˇ ㄒㄧㄥˋ ㄕㄨㄛ ㄉㄜ˙ ㄅㄧㄝˇ ㄩˋ ㄇㄧˇ ㄐㄧㄡˋ ㄕˋ ㄑㄩˋ ㄌㄜ˙ ㄆㄧˊ ㄌㄧˇ ㄊㄡ ㄇㄟˊ ㄧㄡˇ ㄌㄧㄤˊ ㄕˋ ㄌㄜ˙
009584,ㄇㄧㄢˋ ㄉㄨㄟˋ ㄐㄧㄠˇ ㄏㄨㄚˊ ㄉㄜ˙ ㄒㄧㄢˊ ㄧˋ ㄖㄣˊ ㄇㄧㄣˊ ㄐㄧㄥˊ ㄅㄞˇ ㄔㄨ ㄓㄨㄥˊ ㄓㄨㄥˇ ㄓㄥˋ ㄐㄩˋ ㄧ ㄧ ㄈㄢˇ ㄅㄛˊ
009585,ㄊㄨˊ ㄨㄟˊ ㄕㄡˇ ㄍㄤ ㄓˊ ㄍㄨㄥ ㄗㄨㄛˊ ㄖˋ ㄗㄞˋ ㄌㄧㄠˋ ㄔㄤˊ ㄐㄧㄣˇ ㄓㄤ ㄉㄜ˙ ㄑㄧㄤˇ ㄒㄧㄝˋ ㄉㄨㄥˋ ㄇㄟˊ
009586,ㄦˋ ㄕˋ ㄌㄧㄡˋ ㄋㄧㄢˊ ㄑㄧㄢˊ ㄨㄤˇ ㄒㄧㄣˋ ㄔㄣˊ ㄉㄤ ㄅㄧㄥ ㄌㄞˊ ㄉㄠˋ ㄌㄜ˙ ㄋㄢˊ ㄏㄞˇ ㄐㄧㄢˋ ㄉㄨㄟˋ ㄇㄡˇ ㄕㄨㄟˊ ㄐㄧㄥˇ ㄑㄩ
009587,ㄧˋ ㄒㄧㄝ ㄉㄠˋ ㄙㄞˋ ㄏㄢˇ ㄅㄚˋ ㄉㄜ˙ ㄧㄡˊ ㄎㄜˋ ㄑㄨㄢˊ ㄈㄨ˙ ㄨˇ ㄓㄨㄤ ㄒㄧㄤˇ ㄕㄡˋ ㄊㄧㄢ ㄏㄢˊ ㄉㄧˋ ㄉㄨㄥˋ ㄉㄜ˙ ㄌㄧㄥˋ ㄌㄟˋ ㄎㄨㄞˋ ㄌㄜˋ
009588,ㄒㄧㄣ ㄍㄨㄟ ㄕˊ ㄕˋ ㄉㄧˋ ㄦˋ ㄊㄧㄢ ㄨㄛˊ ㄕㄥˇ ㄧˋ ㄒㄧㄝˋ ㄉㄧˋ ㄈㄤ ㄉㄜ˙ ㄇㄟˊ ㄎㄨㄤˋ ㄓˊ ㄒㄧㄥˋ ㄑㄧㄥˊ ㄎㄨㄤˋ ㄉㄠˋ ㄉㄧㄢˇ ㄖㄨˊ ㄏㄜˊ
009589,ㄗㄨㄛˋ ㄨㄟˊ ㄘㄨㄥˊ ㄧㄝˋ ㄖㄣˊ ㄩㄢˊ ㄨㄛˊ ㄧˇ ㄐㄧㄥ ㄙㄤˋ ㄕˋ ㄌㄜ˙ ㄎㄢˋ ㄉㄧㄢˋ ㄕˋ ㄐㄩˋ ㄉㄜ˙ ㄌㄜˋ ㄑㄩˋ
009590,ㄓㄜˋ ㄘˋ ㄅㄨˇ ㄎㄜˋ ㄧㄝˇ ㄧˊ ㄧㄤˋ ㄇㄟˊ ㄖㄣˊ ㄧㄠˋ ㄊㄧㄥ ㄊㄚ ㄉㄜ˙ ㄎㄜˋ
009591,ㄉㄢˋ ㄍㄠ ㄋㄥˊ ㄑㄨㄢˊ ㄉㄜ˙ ㄎㄡ ㄕˋ ㄩㄢˇ ㄐㄧㄣˋ ㄔㄨ ㄌㄜ˙ ㄇㄧㄥˊ ㄉㄜ˙
009592,ㄌㄧㄤˇ ㄍㄜˋ ㄉㄡˋ ㄕˋ ㄉㄚˋ ㄇㄟˊ ㄇㄧˇ ㄏㄠˇ ㄋㄢˊ ㄒㄨㄢˇ ㄗㄜˊ ㄧㄚ˙
009593,ㄗㄞˋ ㄒㄩㄜˊ ㄒㄧˊ ㄗㄣˇ ㄧㄤˋ ㄖㄤˋ ㄗˋ ㄐㄧˇ ㄅㄧㄢˋ ㄉㄜ˙ ㄍㄥˋ ㄘㄨㄥ ㄇㄧㄥ˙
009594,ㄎㄜˇ ㄕˋ ㄒㄧㄢˋ ㄐㄧˋ ㄓㄥˋ ㄈㄨˇ ㄐㄧㄥ ㄓㄥ ㄘㄞˊ ㄆㄢˋ ㄕˋ ㄕㄨㄟˊ
009595,ㄨㄛˊ ㄧㄡˇ ㄧˋ ㄎㄜ ㄖˋ ㄞˋ ㄕㄥ ㄏㄨㄛˇ ㄉㄜ˙ ㄒㄧㄣ ㄓㄜˋ ㄅㄧˇ ㄕㄣˊ ㄇㄜ˙ ㄉㄡˋ ㄓㄨㄥˋ ㄧㄠˋ
009596,ㄅㄧㄥ ㄉㄠˇ ㄍㄥˋ ㄕˋ ㄓㄡˋ ㄧㄝˋ ㄋㄢˊ ㄅㄧㄢˋ ㄈㄤˇ ㄈㄨˊ ㄐㄧㄣˋ ㄖㄨˋ ㄏㄜˊ ㄉㄨㄥ ㄊㄧㄢ
009597,ㄉㄚˋ ㄉㄠˋ ㄌㄧˇ ㄇㄧㄢˋ ㄅㄨˋ ㄩㄢˊ ㄒㄩˊ ㄒㄧㄠˇ ㄉㄜ˙ ㄆㄨˋ ㄨㄟˋ
009598,ㄒㄩㄜˊ ㄒㄧㄚˋ ㄉㄜ˙ ㄗㄡˇ ㄉㄨˊ ㄕㄥ ㄗㄞ ㄈㄤˋ ㄐㄩㄜˊ ㄏㄡˋ ㄕˋ ㄅㄨˋ ㄩㄣˊ ㄒㄩˇ ㄗㄞˋ ㄒㄩㄜˊ ㄒㄧㄠˋ ㄉㄡ ㄌㄧㄡˊ ㄉㄜ˙
009599,ㄓㄤ ㄍㄨㄛˊ ㄌㄧˋ ㄩˇ ㄌㄨㄛˊ ㄓˋ ㄒㄧㄤˊ ㄓㄤ ㄕㄠˊ ㄏㄢˊ
009600,ㄌㄠˇ ㄍㄨㄥ ㄖㄣˊ ㄨㄣˊ ㄏㄨㄚˋ ㄍㄨㄥ ㄐㄧˊ ㄧˇ ㄋㄢˊ ㄆㄧㄢˋ ㄑㄩˋ ㄉㄜ˙ ㄉㄧˋ ㄞˇ ㄐㄧㄢˋ ㄓㄨˋ ㄐㄧㄤ ㄑㄨㄢˊ ㄅㄨˋ ㄔㄞ ㄔㄨˇ
009601,ㄗㄞˋ ㄗㄨㄟˋ ㄌㄥˇ ㄉㄜ˙ ㄐㄧˇ ㄊㄧㄢ ㄓㄢˋ ㄕˋ ㄌㄨˋ ㄙㄨˋ ㄎㄨ ㄨㄞˋ ㄊㄥˊ ㄔㄨ ㄓㄤˋ ㄆㄥ˙ ㄢ ㄓㄜˋ ㄑㄩㄋˊ ㄓㄨㄥˋ
009602,ㄧㄣ ㄌㄧˋ ㄐㄩㄋ ㄕㄨㄛ ㄑㄧˊ ㄐㄧㄥˊ ㄏㄞˇ ㄉㄜ˙ ㄈㄨˋ ㄇㄨˇ ㄉㄡ ㄕˋ ㄋㄨㄥˊ ㄇㄧㄣˊ ㄉㄧˋ ㄒㄩㄥ ㄨˇ ㄍㄜˋ ㄆㄞˊ ㄏㄤˊ ㄌㄠˇ ㄉㄚˋ
009603,ㄏㄨㄛˊ ㄏㄣˇ ㄉㄚˋ ㄎㄢˋ ㄅㄨˋ ㄑㄧㄥ ㄧㄢ ㄧㄝˊ ㄏㄣˇ ㄉㄚˋ
009604,ㄙㄢ ㄙㄨㄟˋ ㄋㄚˋ ㄋㄧㄢˊ ㄏㄜˊ ㄏㄣˇ ㄉㄨㄛ ㄒㄧㄠˇ ㄆㄥˊ ㄧㄡ˙ ㄧˊ ㄧㄤˋ ㄒㄧㄠˇ ㄑㄧˊ ㄒㄧˇ ㄏㄨㄢ ㄕㄤˋ ㄌㄜ˙ ㄧㄠˇ ㄕㄡˊ ㄓˇ
009605,ㄍㄠˊ ㄏㄠˇ ㄉㄚˋ ㄒㄩㄜˊ ㄕㄥ ㄑㄧˇ ㄕˋ ㄍㄨㄢ ㄒㄧ˙ ㄗˋ ㄖㄢˊ ㄧㄝˇ ㄧˋ ㄩˋ ㄓㄨㄥˋ ㄉㄚˋ
009606,ㄅㄢˋ ㄋㄧㄢˊ ㄗㄡˇ ㄧˋ ㄓㄨㄢˇ ㄕˊ ㄔㄨㄢˊ ㄐㄧㄡˊ ㄉㄚˇ ㄌㄢˋ
009607,ㄈㄡˇ ㄗㄜˊ ㄕ ㄑㄩˋ ㄩㄥ ㄉㄨㄣˇ ㄉㄜ˙ ㄆㄧㄥˊ ㄍㄨㄛˇ ㄐㄧㄤ ㄏㄨㄟˋ ㄙˇ ㄉㄜ˙ ㄏㄣˊ ㄘㄢˇ
009608,ㄇㄧㄣˊ ㄐㄧㄥˇ ㄧㄡˋ ㄕㄥ ㄧˊ ㄐㄧˋ ㄑㄧㄝ ㄉㄨㄢˋ ㄓㄜˋ ㄇㄧㄥˊ ㄌㄠˇ ㄕˋ ㄐㄧㄚ ㄉㄜ˙ ㄉㄧㄢˋ ㄩㄢˊ
009609,ㄘˇ ㄘˋ ㄙㄨㄟ ㄖㄢˊ ㄗˋ ㄐㄧㄣ ㄅㄨˋ ㄉㄨㄛ ㄉㄢˋ ㄉㄨㄟˋ ㄩˊ ㄗㄞˋ ㄐㄧㄢˋ ㄒㄧㄤˋ ㄇㄨˋ ㄖㄥˊ ㄖㄢˊ ㄏㄣˇ ㄐㄧㄝˊ ㄎㄜˇ
009610,ㄊㄚ ㄧㄝˇ ㄩㄥˋ ㄗˋ ㄐㄧˇ ㄉㄜ˙ ㄞˋ ㄒㄧㄣ ㄉㄧㄢˇ ㄓㄨㄟˋ ㄌㄜ˙ ㄗˋ ㄐㄧˇ ㄉㄜ˙ ㄕㄥ ㄇㄧㄥˋ
009611,ㄏㄨㄛˋ ㄔㄜ ㄉㄜ˙ ㄨㄟˇ ㄅㄨˋ ㄧˇ ㄐㄧㄥ ㄠ ㄒㄧㄢˋ ㄅㄧㄢˋ ㄒㄧㄥˊ
009612,ㄔㄨˇ ㄈㄚˊ ㄎㄢˋ ㄑㄧㄥˊ ㄇㄧㄢˋ ㄉㄚˊ ㄉㄧㄢˊ ㄧㄡˇ ㄕㄣˊ ㄍㄨㄥ
009613,ㄅㄨˊ ㄍㄨㄛˋ ㄊㄨˇ ㄐㄧㄠ ㄗㄨㄛ ㄈㄤˋ ㄅㄧㄥˋ ㄨㄟˋ ㄘㄨㄥˊ ㄘˇ ㄗㄞˋ ㄕㄢ ㄉㄨㄥ ㄐㄩㄜˊ ㄐㄧˋ
009614,ㄉㄧˋ ㄙㄢ ㄉㄧㄢˇ ㄕˋ ㄩㄣˋ ㄧㄥˊ ㄔㄨ ㄑㄧ ㄓㄜˋ ㄌㄧˇ ㄊㄡ ㄒㄩㄜˊ ㄨㄣˋ ㄐㄧㄡˋ ㄅㄧˇ ㄐㄧㄠˋ ㄉㄚˋ ㄎㄣˊ ㄧㄡˇ ㄒㄨㄢˊ ㄐㄧ
009615,ㄨㄛˇ ㄉㄜ˙ ㄕㄨˋ ㄒㄧㄝˊ ㄌㄠˇ ㄕ ㄏㄞˊ ㄇㄟˊ ㄐㄧㄠˋ ㄍㄨㄛˋ ㄨㄛˇ
009616,ㄐㄧㄚˋ ㄍㄟˇ ㄓㄜˋ ㄇㄜ˙ ㄍㄜ˙ ㄖㄣˊ ㄨㄛˇ ㄓㄜˋ ㄅㄟˋ ㄗ˙ ㄧㄝˇ ㄙㄨㄢˋ ㄇㄟˊ ㄓˇ ㄨㄤˋ ㄌㄜ˙
009617,ㄑㄧˊ ㄓㄨㄥ ㄅㄠ ㄎㄨㄛˋ ㄌㄠˇ ㄆㄞˊ ㄖㄨˋ ㄆㄧㄣ ㄑㄧˇ ㄧㄝˋ ㄏㄤˊ ㄓㄡ ㄇㄟˇ ㄌㄧˋ ㄐㄧㄢˋ ㄖㄨˇ ㄧˋ ㄧㄡˇ ㄒㄧㄢˋ ㄍㄨㄥ ㄙ
009618,ㄐㄧㄠ ㄒㄧㄢ ㄕㄥ˙ ㄕㄨㄛ ㄑㄧㄢˊ ㄊㄧㄢ ㄊㄚ ㄏㄜˊ ㄑㄧ ㄗˇ ㄔㄣˊ ㄋㄩˇ ㄕˋ ㄒㄧㄤ ㄩㄝ ㄆㄚ ㄕㄢ ㄕㄤˊ ㄐㄧㄥˇ
009619,ㄒㄧㄠˇ ㄋㄧㄥˋ ㄇㄟˊ ㄧㄡˇ ㄉㄨㄛ ㄒㄧㄤˇ ㄐㄧㄡˋ ㄕㄤˋ ㄌㄜ˙ ㄔㄜ
009620,ㄗˋ ㄧㄡˋ ㄕˊ ㄐㄧˋ ㄕˋ ㄑㄧˇ ㄉㄚˋ ㄖㄣˊ ㄇㄣ˙ ㄧˋ ㄕㄨㄛ ㄑㄧˇ ㄊㄚ ㄉㄡ ㄉㄨㄛˊ ㄉㄨㄛˇ ㄕㄢˊ ㄕㄢˇ ㄏㄨㄟˋ ㄇㄛˋ ㄖㄨˊ ㄕㄣ
009621,ㄧˇ ㄒㄧㄚˋ ㄕˋ ㄐㄧˋ ㄓㄜˊ ㄩˇ ㄏㄜˊ ㄔㄠ ㄩㄣˊ ㄉㄜ˙ ㄈㄤˇ ㄨㄣˋ
009622,ㄨㄛˇ ㄏㄞˊ ㄇㄟˊ ㄎㄞ ㄈㄚ ㄔㄨ ㄓㄜˋ ㄍㄜ˙ ㄍㄨㄥ ㄋㄥˊ ㄧㄝ˙
009623,ㄐㄧˊ ㄕˇ ㄊㄚ ㄈㄢˋ ㄌㄜ˙ ㄘㄨㄛˋ ㄈㄨˋ ㄇㄨˇ ㄑㄧㄣ ㄧㄝˇ ㄅㄨˊ ㄏㄨㄟˋ ㄐㄧㄠˋ ㄒㄩㄋˊ ㄊㄚ
009624,ㄐㄧㄢ ㄎㄨㄥˋ ㄆㄞ ㄕㄜˋ ㄉㄠˋ ㄍㄞ ㄋㄢˊ ㄗˊ ㄗㄡˇ ㄌㄨˋ ㄕˊ ㄧㄡˇ ㄒㄧㄝ ㄅㄛˊ ㄐㄧㄠˇ ㄔㄤˊ ㄈㄚˋ ㄆㄧㄢ ㄕㄡˋ
009625,ㄏㄨˋ ㄐㄧˊ ㄧˋ ㄐㄧㄡˋ ㄎㄨㄣˊ ㄅㄤˇ ㄌㄜ˙ ㄏㄨㄛˋ ㄐㄧㄣ ㄖㄣˊ ㄎㄡˇ ㄉㄜ˙ ㄊㄜˋ ㄒㄩˇ ㄑㄨㄢˊ
009626,ㄇㄟˊ ㄧㄡˇ ㄖㄣˊ ㄈㄚ ㄌㄠˊ ㄙㄠˋ ㄦˊ ㄕˋ ㄇㄠˇ ㄗㄨˊ ㄐㄧㄣˋ ㄓㄨㄛˊ ㄕㄡˇ ㄓㄥˊ ㄍㄞˇ
009627,ㄓㄜˋ ㄕˋ ㄧˊ ㄍㄜˋ ㄕㄥ ㄧˋ ㄤˋ ㄖㄢˊ ㄉㄜ˙ ㄔㄨㄣ ㄖˋ ㄕㄥ ㄇㄧㄥˋ ㄉㄜ˙ ㄑㄧˊ ㄐㄧˋ ㄅㄨˊ ㄉㄨㄢˋ ㄅㄟˋ ㄔㄨㄤˋ ㄗㄠˋ
009628,ㄔㄨㄥˊ ㄕㄥˋ ㄙˋ ㄙㄢ ㄊㄚˇ ㄨㄛˇ ㄑㄧㄤˊ ㄌㄧˋ ㄊㄨㄟ ㄐㄧㄢˋ
009629,ㄨㄛˇ ㄉㄜ˙ ㄐㄧˋ ㄧˋ ㄓˊ ㄧㄡˇ ㄑㄧ ㄇㄧㄠˇ ㄆㄧㄢˋ ㄋㄧˇ ㄉㄚ˙
009630,ㄇㄧㄣˊ ㄐㄧㄥˊ ㄐㄧㄝˇ ㄎㄞ ㄕㄥˊ ㄗ˙ ㄐㄧㄡˋ ㄌㄜ˙ ㄋㄢˊ ㄏㄞˊ
009631,ㄅㄨˊ ㄌㄧㄠˋ ㄓㄜˋ ㄧˋ ㄐㄧˋ ㄏㄨㄚˋ ㄖㄜˊ ㄋㄠˇ ㄌㄜ˙ ㄌㄧˇ ㄧㄠˊ
009632,ㄏㄨㄤˊ ㄔㄤˊ ㄩㄥˊ ㄍㄟˇ ㄔㄨ ㄌㄜ˙ ㄗˋ ㄐㄧˇ ㄉㄜ˙ ㄉㄚˊ ㄢˋ
009633,ㄊㄚ ㄗㄞˋ ㄆㄚ ㄒㄧㄚˋ ㄓ ㄏㄡˋ ㄐㄧㄡˋ ㄇㄟˊ ㄒㄧㄥˇ ㄌㄜ˙
009634,ㄑㄧˊ ㄕˊ ㄧㄡˋ ㄧㄡˇ ㄕㄨㄟˊ ㄏㄨㄟˋ ㄨˊ ㄩㄢˊ ㄨˊ ㄅㄨˋ ㄉㄜ˙ ㄓㄠˇ ㄊㄚ ㄉㄜ˙ ㄇㄚˇ ㄈㄢ ㄋㄜ˙
009635,ㄓㄨㄥ ㄨˇ ㄕˊ ㄈㄣ ㄐㄧㄣ ㄉㄡ ㄕㄢ ㄏㄨㄚˊ ㄒㄩㄜˊ ㄔㄤˇ
009636,ㄙㄨㄟˊ ㄏㄡˋ ㄧㄡˋ ㄩˇ ㄧˋ ㄑㄧㄢˊ ㄌㄞˊ ㄗㄨˇ ㄌㄢˊ ㄉㄜ˙ ㄘㄨㄣ ㄇㄧㄣˊ ㄋㄧㄡˊ ㄉㄚˊ ㄑㄧˇ ㄌㄞˊ
009637,ㄧㄤˊ ㄍㄨㄤ ㄓˋ ㄒㄧㄚˋ ㄎㄨㄞˋ ㄆㄠˊ ㄓㄜˇ ㄨㄟˋ ㄅㄧˇ ㄒㄧㄢ ㄉㄚˊ ㄌㄧˋ ㄓㄢˋ ㄓㄜˇ ㄨㄟˋ ㄅㄧˋ ㄋㄥˊ ㄕㄥˋ
009638,ㄖㄨˊ ㄍㄨㄛˇ ㄕˋ ㄓㄨㄢ ㄐㄧㄚ ㄉㄡ ㄌㄟˊ ㄨㄤˇ ㄆㄧㄥˊ ㄍㄨ ㄅㄠˋ ㄍㄨㄤˋ ㄕㄤˋ ㄑㄧㄢ ㄗˋ
009639,ㄊㄚ ㄏㄨㄚ ㄑㄧˇ ㄑㄧㄢˊ ㄌㄞˊ ㄉㄚˋ ㄕㄡˇ ㄉㄚˋ ㄐㄧㄠˇ ㄇㄟˇ ㄒㄧㄣ ㄧˋ ㄔㄤˊ ㄌㄥˇ ㄎㄨˋ
009640,ㄊㄚ ㄊㄡˋ ㄌㄨˋ ㄐㄧˇ ㄅㄠˋ ㄖㄣˊ ㄨㄟˋ ㄒㄧㄤˋ ㄊㄚ ㄙㄨㄛˊ ㄑㄩˇ ㄖㄣˋ ㄏㄜˊ ㄅㄠˋ ㄔㄡˇ
009641,ㄉㄢˋ ㄧㄡˇ ㄩˊ ㄇㄧㄣˊ ㄖㄣˋ ㄨㄟˊ ㄐㄧㄣˋ ㄑㄧ ㄕㄨㄟˇ ㄏㄨˊ ㄌㄨ˙ ㄉㄜ˙ ㄧㄥˊ ㄒㄧㄤˇ ㄧˇ ㄅㄨˊ ㄉㄚˋ
009642,ㄐㄧㄣ ㄗㄠˇ ㄈㄚ ㄒㄧㄢˋ ㄗˋ ㄐㄧˇ ㄅㄟˋ ㄌㄚ ㄏㄟ ㄌㄜ˙ ㄌㄚ˙
009643,ㄑㄧˊ ㄏㄨㄛˊ ㄉㄧㄢˇ ㄨㄟˋ ㄩˊ ㄏㄜˊ ㄅㄧㄢ
009644,ㄋㄨˊ ㄦˊ ㄅㄧˇ ㄧㄝ ㄉㄜ˙ ㄇㄨˇ ㄑㄧㄣ ㄕˋ ㄧˊ ㄨㄟˋ ㄐㄧㄠˋ ㄕ
009645,ㄎㄨㄞˋ ㄖㄣˊ ㄎㄨㄢˋ ㄩˇ ㄕˋ ㄌㄩˊ ㄩㄥˇ ㄅㄛ ㄉㄜ˙ ㄍㄜˋ ㄒㄧㄥˋ
009646,ㄐㄧㄝˊ ㄍㄨㄛˇ ㄩㄝˋ ㄕˋ ㄓㄜˋ ㄧㄤˋ ㄉㄜˊ ㄗㄨㄟˋ ㄖㄣˊ ㄩㄝˋ ㄉㄨㄛ
009647,ㄓㄜˋ ㄕˋ ㄨㄛˇ ㄧㄥ ㄍㄞ ㄗㄨㄛˋ ㄉㄜ˙ ㄅㄨˊ ㄩㄥˋ ㄎㄜˋ ㄑㄧˋ
009648,ㄎㄜˋ ㄊㄤˊ ㄕㄤˋ ㄊㄧㄥ ㄅㄨˋ ㄉㄨㄥˇ ㄒㄧㄚˋ ㄎㄜˋ ㄐㄧㄡˋ ㄒㄧㄤˇ ㄍㄜ ㄍㄜ˙ ㄐㄧㄝˇ ㄐㄧㄝˊ ㄨㄣˋ
009649,ㄨㄛˇ ㄅㄚˋ ㄏㄞˊ ㄐㄩˋ ㄌㄠˇ ㄌㄜ˙ ㄐㄧㄚˋ ㄋㄠˋ
009650,ㄨㄛˇ ㄇㄣ˙ ㄐㄧㄡˋ ㄎㄜˊ ㄧˇ ㄖㄨㄥˊ ㄖㄣˇ ㄖㄨˊ ㄘˊ ㄘㄢˇ ㄅㄨˋ ㄖㄣˊ ㄉㄨˇ ㄉㄜ˙ ㄐㄩˊ ㄇㄧㄢˋ
009651,ㄈㄨˋ ㄍㄨㄟˋ ㄓㄡ ㄐㄩㄋ ㄎㄨㄢˇ ㄕㄞˋ ㄉㄧㄠˋ ㄌㄧㄤˇ ㄘㄥˊ ㄆㄧˊ
009652,ㄌㄧㄥˋ ㄨㄞˋ ㄧㄠ ㄌㄧㄥˋ ㄅㄚ ㄍㄨㄛˊ ㄉㄠˋ ㄧㄤˊ ㄒㄧㄢˋ ㄉㄨㄢˋ ㄧㄝˇ ㄔㄨ ㄑㄧㄢˋ ㄌㄜ˙ ㄌㄟˋ ㄙㄨˋ ㄉㄜ˙ ㄑㄧㄥˊ ㄎㄨㄤˋ
009653,ㄌㄧㄡˊ ㄒㄧㄢ ㄕㄥ˙ ㄍㄢ ㄍㄚˋ ㄉㄜ˙ ㄒㄧㄤˋ ㄌㄜ˙ ㄒㄧㄠˋ ㄐㄧㄤ ㄧㄢ ㄕㄥ ㄌㄜ˙ ㄏㄨㄟˇ ㄑㄩˋ
009654,ㄧˇ ㄐㄩㄋ ㄧㄡˋ ㄎㄞ ㄆㄧˋ ㄌㄜ˙ ㄌㄧˊ ㄅㄚ ㄇㄣˋ ㄓㄢˋ ㄔㄤˇ
009655,ㄐㄩˋ ㄜˊ ㄎㄨㄟ ㄎㄨㄥ ㄏㄡˋ ㄐㄧㄤˇ ㄍㄨㄥ ㄎㄞ ㄑㄧㄢˊ ㄊㄠˊ
009656,ㄌㄧㄥˋ ㄍㄨㄣˋ ㄋㄢˊ ㄏㄞˊ ㄨㄢˊ ㄉㄠˋ ㄒㄧㄥˋ ㄑㄧˇ ㄕㄨㄛ ㄑㄧˇ ㄌㄜ˙ ㄏㄨㄤˊ ㄗ˙ ㄒㄧㄠˋ ㄏㄨㄚ˙
009657,ㄒㄧㄢˋ ㄗㄞˋ ㄏㄞˊ ㄍㄢˇ ㄐㄩㄜˊ ㄊㄡˊ ㄩㄣ ㄕㄡˇ ㄅㄧˋ ㄊㄥˊ
009658,ㄊㄚ ㄇㄣ˙ ㄅㄣˊ ㄒㄧㄠˇ ㄌㄧˋ ㄨㄟ ㄗㄨㄟˋ ㄋㄢˊ ㄐㄧㄥ ㄕㄡˋ ㄕˋ ㄔㄤˇ ㄉㄜ˙ ㄓㄣˋ ㄉㄤˋ
009659,ㄗㄞˋ ㄌㄧˋ ㄕㄢ ㄌㄨˋ ㄧˋ ㄐㄧㄚ ㄔㄠ ㄕˋ ㄧˊ ㄨㄟˋ ㄒㄧㄠ ㄈㄟˋ ㄓㄜˇ ㄓㄥˋ ㄗˇ ㄒㄧˋ ㄉㄨㄢ ㄒㄧㄤˊ ㄔㄥˊ ㄅㄣˋ ㄅㄧㄠˇ
009660,ㄨㄛˇ ㄋㄥˊ ㄏㄣˇ ㄒㄧㄣ ㄉㄚˇ ㄉㄨㄢ ㄋㄧˇ ㄅㄛ˙
009661,ㄋㄧˊ ㄉㄧㄢˇ ㄋㄧˊ ㄉㄧㄢˇ ㄋㄧˊ ㄉㄧㄢˇ ㄦˋ ㄏㄨㄣˋ ㄗ˙
009662,ㄅㄟˋ ㄕㄠ ㄔㄥˊ ㄎㄨㄥ ㄐㄧㄚˋ ㄉㄜ˙ ㄉㄧㄢˋ ㄆㄨˋ ㄓㄠ ㄆㄞˊ ㄧˇ ㄎㄢˋ ㄅㄨˊ ㄐㄧㄢˋ ㄌㄜ˙
009663,ㄌㄠˇ ㄈㄨˋ ㄑㄧㄣ˙ ㄇㄟˇ ㄋㄧㄢˊ ㄉㄡ ㄧㄠˋ ㄉㄧˋ ㄕㄥ ㄒㄧㄚˋ ㄑㄧˋ ㄉㄜ˙ ㄑㄩˋ ㄘㄨㄟ ㄎㄨㄢˇ ㄎㄜˊ ㄗㄨㄥˇ ㄕˋ ㄆㄥˋ ㄅㄧˋ
009664,ㄅㄞˊ ㄆㄤˋ ㄍㄠ ㄅㄞˊ ㄦˊ ㄌㄧㄤˋ ㄉㄜ˙ ㄌㄧㄢˇ ㄉㄞˋ ㄊㄧˇ ㄌㄜ˙ ㄉㄥ ㄉㄜ˙ ㄍㄨㄥ ㄋㄥˊ
009665,ㄋㄧˇ ㄇㄣ˙ ㄉㄠˋ ㄓㄜ˙ ㄅㄨˊ ㄕˋ ㄕㄨㄟˋ ㄐㄧㄠˋ ㄌㄞˊ ㄉㄜ˙
009666,ㄅㄥˋ ㄈㄤˊ ㄒㄧㄚˋ ㄅㄨˋ ㄓㄨˊ ㄊㄧˇ ㄐㄧㄝˊ ㄍㄡˋ ㄧˇ ㄨㄢˊ ㄔㄥˊ
009667,ㄓㄜˋ ㄗㄨㄛˋ ㄊㄨˇ ㄑㄧㄡ ㄧˇ ㄐㄧㄥ ㄅㄟˋ ㄓㄚˋ ㄔㄨ ㄧˊ ㄍㄜ˙ ㄕㄣ ㄕㄣ ㄉㄜ˙ ㄏㄨㄛ ㄎㄡˇ
009668,ㄨˊ ㄧˊ ㄊㄤˊ ㄐㄩㄋˋ ㄉㄜ˙ ㄕㄨㄞˋ ㄕㄡ ㄗㄡˇ ㄖㄣˊ ㄉㄨㄟˋ ㄌㄧㄢˊ ㄧㄡˊ ㄨㄤˇ ㄌㄨㄛˋ ㄌㄞˊ ㄕㄨㄛ ㄕˋ ㄒㄩㄜˇ ㄕㄤˋ ㄐㄧㄚ ㄕㄨㄤ
009669,ㄨㄤˇ ㄇㄧㄣˊ ㄇㄣ˙ ㄕˋ ㄈㄡˊ ㄆㄨˇ ㄅㄧㄢˋ ㄕㄡˋ ㄉㄠˋ ㄍㄨㄛˋ ㄌㄧㄡˊ ㄇㄤˊ ㄖㄨㄢˇ ㄐㄧㄢˋ ㄉㄜ˙ ㄙㄠ ㄖㄠˇ ㄋㄜ˙
009670,ㄕㄠ ㄨㄟ ㄏㄨㄟˋ ㄧˋ ㄉㄧㄢˇ ㄉㄢˋ ㄨㄛˇ ㄏㄨㄟˋ ㄉㄜ˙ ㄅㄨˋ ㄉㄨㄛ
009671,ㄕㄣˊ ㄇㄜ˙ ㄩㄝˋ ㄑㄧˋ ㄧㄚ˙
009672,ㄅㄧㄥˋ ㄑㄧㄝˇ ㄆㄠ ㄕㄡˋ ㄆㄨˇ ㄅㄧㄢˋ ㄗㄞˋ ㄦˋ ㄙㄢ ㄊㄠˋ
009673,ㄨㄛˇ ㄋㄚˊ ㄉㄠ ㄐㄧㄡˋ ㄎㄢˇ ㄌㄜ˙ ㄓㄠˋ ㄗㄨㄛˋ ㄏㄞˇ ㄧˊ ㄉㄠ
009674,ㄅㄨˋ ㄍㄨㄢˇ ㄒㄧㄚˋ ㄈㄤ ㄩˋ ㄅㄟˋ ㄉㄨㄟˋ ㄉㄜ˙ ㄕˋ ㄕㄣˊ ㄇㄜ˙ ㄖㄣˊ ㄉㄡ ㄎㄜˇ ㄧˋ ㄏㄨㄟˊ ㄉㄠˋ ㄉㄨㄟˋ ㄨˇ ㄓㄨㄥ ㄌㄞˊ
009675,ㄓㄜˋ ㄑㄧˋ ㄓㄨㄥ ㄧˇ ㄡ ㄇㄥˊ ㄉㄜ˙ ㄍㄨㄢ ㄑㄧㄚˇ ㄗㄨㄟˋ ㄨㄟˋ ㄍㄨㄢ ㄐㄧㄢˋ ㄏㄜˊ ㄐㄧㄢ ㄋㄢˊ
009676,ㄆㄧㄝˋ ㄖㄨˊ ㄕㄨㄛ ㄇㄟˇ ㄍㄨㄟ ㄗㄨㄥˇ ㄕˋ ㄓㄤˇ ㄅㄨˋ ㄏㄠˇ
009677,ㄍㄟˇ ㄋㄧˊ ㄧㄡˇ ㄍㄜ˙ ㄐㄧㄥ ㄒㄧˇ ㄉㄞˋ ㄋㄩˊ ㄧㄡˇ ㄑㄩˋ ㄈㄨˋ ㄐㄧㄣˋ ㄉㄜ˙ ㄉㄧˋ ㄈㄤ ㄨㄢˊ
009678,ㄓㄜˋ ㄕˋ ㄌㄧㄤˇ ㄌㄧㄤˋ ㄇㄧㄢˋ ㄅㄠ ㄔㄜ ㄉㄡ ㄊㄧㄝ ㄓㄜ˙ ㄏㄨㄢˊ ㄨㄟˋ ㄐㄧㄢ ㄔㄚˇ ㄗˋ ㄧㄤˋ ㄔㄜ ㄉㄧㄥˇ ㄢ ㄓㄨㄤ ㄓㄜ˙ ㄌㄚˇ ㄅㄚ˙
009679,ㄢ ㄇㄚˇ ㄒㄧㄢˋ ㄗㄞˋ ㄨㄛˇ ㄉㄡ ㄅㄨˊ ㄌㄧㄝˋ ㄌㄜ˙ ㄌㄧㄢˋ ㄅㄨˋ ㄔㄨ ㄌㄞˊ ㄏㄜ ㄏㄜ
009680,ㄗㄞˋ ㄋㄧˇ ㄊㄡˊ ㄗ ㄓ ㄑㄧㄢˊ ㄒㄧ ㄨㄤˋ ㄋㄧˇ ㄋㄥˊ ㄨㄢˊ ㄨㄢˋ ㄨㄛˇ ㄇㄣ˙ ㄉㄜ˙ ㄧㄡˊ ㄒㄧˋ
009681,ㄓㄜˋ ㄇㄜ˙ ㄉㄨㄛ ㄒㄧㄠˋ ㄏㄨㄚˋ ㄧˋ ㄊㄧㄢ ㄐㄧㄤˇ ㄅㄨˋ ㄨㄢˊ ㄧㄚ˙
009682,ㄨㄛˇ ㄕ ㄌㄧㄝˋ ㄌㄜ˙ ㄨㄛˇ ㄌㄢˊ ㄕㄡˋ ㄚ˙ ㄨㄛˇ ㄒㄧㄤ ㄍㄨ
009683,ㄕㄣˊ ㄇㄜ˙ ㄉㄜ˙ ㄅㄨˊ ㄩㄥˋ ㄋㄧˇ ㄍㄢˋ ㄐㄧㄡˋ ㄓㄟˋ ㄧㄤˋ ㄉㄧˊ ㄨㄛˇ ㄍㄨㄟˋ ㄉㄠˋ ㄊㄧㄢ ㄌㄧㄤˋ
009684,ㄊㄚ ㄒㄧㄤˇ ㄎㄤˊ ㄓㄜ˙ ㄑㄩㄜˋ ㄧˇ ㄌㄧˋ ㄅㄨˋ ㄘㄨㄥˊ ㄒㄧㄣ
009685,ㄉㄤ ㄕˊ ㄒㄧㄣ ㄌㄧˇ ㄐㄧˊ ㄒㄧㄤˇ ㄕㄠˊ ㄖㄥˋ ㄇㄚˊ ㄈㄢ˙
009686,ㄉㄧˋ ㄦˋ ㄋㄧㄢˊ ㄕㄥ ㄌㄜ˙ ㄍㄜ˙ ㄉㄚˋ ㄆㄤˋ ㄒㄧㄠˇ ㄗ˙
009687,ㄊㄚ ㄇㄣ˙ ㄋㄥˊ ㄗㄞˋ ㄐㄧㄤ ㄕㄨㄟˇ ㄏㄜˊ ㄏㄞˊ ㄕㄨㄟˇ ㄓㄨㄥ ㄕㄥ ㄘㄨㄣˊ ㄅㄧㄥˋ ㄑㄧㄢˋ ㄔㄨㄥˊ ㄕㄨˊ ㄏㄡˋ ㄏㄨㄟˊ ㄧㄡˊ ㄉㄠˋ ㄔㄢˊ ㄌㄨㄢˇ ㄉㄧˋ ㄔㄢˊ ㄌㄨㄢˇ
009688,ㄏㄞˇ ㄉㄥ ㄉㄨㄟˋ ㄗㄡ ㄐㄧㄚ ㄏㄨㄚˊ ㄉㄜ˙ ㄌㄞˊ ㄈㄤˇ ㄉㄠˇ ㄕˋ ㄏㄨㄢ ㄧㄥˊ
009689,ㄓㄜˋ ㄧㄝˇ ㄕˋ ㄗㄨㄛˋ ㄨㄟˊ ㄨㄤˇ ㄌㄨㄛˋ ㄒㄧㄝˊ ㄕㄡˇ ㄗㄨㄟˋ ㄊㄨㄥˋ ㄎㄨˇ ㄉㄜ˙ ㄕˋ
009690,ㄇㄨˋ ㄑㄧㄢˊ ㄑㄨㄢˊ ㄍㄨㄛˊ ㄋㄞˇ ㄧㄝˋ ㄓㄥˊ ㄊㄧˇ ㄉㄧˋ ㄇㄧˇ ㄓㄨˇ ㄧㄠˋ ㄕˋ ㄒㄧㄠˋ ㄈㄟˋ ㄓㄜˇ ㄉㄨㄟˋ ㄖㄨˊ ㄆㄧㄣˇ ㄓˋ ㄌㄧㄤˋ ㄒㄧㄣˋ ㄒㄧㄣ ㄅㄨˋ ㄗㄨˊ
009691,ㄉㄢˋ ㄒㄧㄣ ㄓㄤ ㄇㄡˇ ㄅㄠˋ ㄐㄧㄥˇ ㄌㄧㄤˋ ㄖㄣˊ ㄩㄥˋ ㄓㄣˇ ㄐㄧ ㄨˇ ㄓㄨˋ ㄌㄜ˙ ㄓㄤ ㄇㄡˇ ㄉㄜ˙ ㄗㄨㄟˇ ㄓˊ ㄓˋ ㄊㄚ ㄅㄨˊ ㄗㄞˋ ㄉㄨㄥˋ ㄊㄢ˙
009692,ㄖˋ ㄅㄣˇ ㄉㄜ˙ ㄧㄣˇ ㄕˊ ㄙ ㄒㄧㄤˇ ㄧㄣˇ ㄕ ㄨㄣˊ ㄏㄨㄚˋ ㄕˊ ㄨˋ ㄆㄥ ㄖㄣˋ ㄙㄨㄛˇ ㄕㄡˋ ㄉㄠˋ ㄉㄜ˙ ㄗㄨㄟˋ ㄉㄚˋ ㄧㄥˊ ㄒㄧㄤˇ ㄕˋ ㄓㄨㄥ ㄍㄨㄛˊ
009693,ㄓㄜˇ ㄒㄧㄝˊ ㄨㄞˋ ㄅㄧㄠˇ ㄍㄨㄤ ㄒㄧㄢ ㄉㄜ˙ ㄖㄣˊ ㄗㄨㄛˋ ㄔㄨ ㄌㄜ˙ ㄨㄛˋ ㄔㄨㄛˋ ㄤ ㄗㄤ ㄉㄜ˙ ㄔㄡˇ ㄕˋ ㄐㄧˋ ㄓㄨˇ ㄊㄚ ㄇㄣ˙ ㄉㄜ˙ ㄇㄧㄥˊ ㄗ˙
009694,ㄊㄚ ㄘㄥˊ ㄒㄧㄤˇ ㄍㄨㄛˋ ㄈㄤˋ ㄑㄧˋ ㄐㄧˊ ㄍㄨㄢˇ ㄖㄨˊ ㄐㄧㄣ ㄊㄚ ㄧˇ ㄕˋ ㄧㄢ ㄏㄞˊ ㄇㄡˇ ㄕˋ ㄉㄜ˙ ㄑㄧㄥ ㄕㄤˋ ㄧㄢˊ ㄙㄢˊ ㄉㄚˇ ㄍㄨㄢˋ ㄐㄩㄋ
009695,ㄑㄧˊ ㄘˋ ㄉㄜ˙ ㄅㄤˋ ㄅㄤˇ ㄕˋ ㄨㄟˊ ㄖㄣˊ ㄏㄨㄛˊ ㄌㄨㄛˋ ㄍㄨㄢ ㄒㄧ˙ ㄉㄨㄛ ㄧㄝˋ ㄨˋ ㄉㄡ ㄕˋ ㄕㄨˊ ㄖㄨㄢˋ ㄐㄧㄝˋ ㄕㄠˋ ㄉㄜ˙
009696,ㄐㄧˋ ㄓㄜˇ ㄈㄚ ㄒㄧㄢˋ ㄇㄧㄥˊ ㄋㄧㄢˊ ㄈㄤˋ ㄐㄧㄚˋ ㄆㄞˊ ㄗㄞˋ ㄗㄨㄥˊ ㄊㄧˇ ㄕㄤˋ ㄅㄨˊ ㄏㄨㄟˋ ㄔㄨ ㄒㄧㄢˋ ㄗㄨㄟˋ ㄓㄜ ㄊㄥ˙ ㄔㄤˊ ㄐㄧㄚˋ
009697,ㄔㄨㄤ ㄨㄞˋ ㄨㄢˇ ㄈㄥ ㄔㄨㄟ ㄈㄨˊ ㄕㄨˋ ㄧㄝˋ ㄧㄡˇ ㄌㄜ˙ ㄏㄨㄛˊ ㄌㄧˋ ㄏㄨㄚ ㄌㄚ ㄌㄚ ㄉㄜ˙ ㄒㄧㄤˇ ㄒㄧㄤˋ ㄗㄞˋ ㄙㄨˋ ㄕㄨㄛ ㄓㄜ˙ ㄕㄣˊ ㄇㄜ˙
009698,ㄇㄧㄣˊ ㄐㄧㄥˇ ㄧˊ ㄌㄨˋ ㄘㄨㄥˊ ㄩㄥˇ ㄒㄧㄥ ㄒㄧㄢˋ ㄉㄠˋ ㄔㄣ ㄓㄡ ㄕˋ ㄑㄩ ㄉㄧˋ ㄉㄨㄢˋ ㄐㄧˇ ㄕˊ ㄍㄨㄥ ㄌㄧˋ ㄆㄞˊ ㄔㄚˊ ㄙㄨㄛˊ ㄧㄡˇ ㄧˊ ㄩㄢˋ
009699,ㄊㄤˊ ㄏㄨㄥˊ ㄐㄧㄢˋ ㄒㄧˇ ㄏㄨㄢ ㄩㄥˋ ㄉㄠˋ ㄇㄨˋ ㄑㄩ ㄓㄜˊ ㄌㄞˊ ㄇㄧㄠˊ ㄕㄨˋ ㄓㄨㄥ ㄍㄨㄛˊ ㄏㄜˊ ㄉㄧㄢˋ ㄍㄨㄥ ㄧㄝˋ ㄉㄜ˙ ㄈㄚ ㄓㄢˇ ㄌㄧˋ ㄔㄥˊ
009700,ㄒㄩㄥˊ ㄨㄟˋ ㄉㄜ˙ ㄖㄣˊ ㄇㄧㄣˊ ㄉㄚˋ ㄏㄨㄟˋ ㄊㄤˊ ㄑㄧˋ ㄈㄣ ㄌㄨㄥˊ ㄓㄨㄥˋ ㄖㄜˋ ㄌㄧㄝˋ ㄨㄢˋ ㄖㄣˊ ㄉㄚˋ ㄌㄧˇ ㄊㄤˊ ㄌㄧˇ ㄉㄥ ㄍㄨㄤ ㄘㄨㄟˇ ㄘㄢˋ
009701,ㄗㄞˋ ㄘˋ ㄐㄧㄠ ㄧˋ ㄕˊ ㄐㄧㄝˋ ㄕㄠˋ ㄖㄣˊ ㄐㄧㄢˋ ㄇㄡˇ ㄏㄜˊ ㄊㄚ ㄉㄜ˙ ㄆㄥˊ ㄧㄡ˙ ㄧㄤˊ ㄇㄡˇ ㄉㄚˊ ㄑㄧˇ ㄌㄜ˙ ㄑㄧˊ ㄊㄚ ㄙㄨㄢˋ ㄆㄢ˙
009702,ㄐㄧ ㄈㄣ ㄧˇ ㄈㄢ ㄨㄟˋ ㄉㄢ ㄨㄟˋ ㄇㄟˇ ㄘˋ ㄐㄧㄣˋ ㄖㄨˋ ㄓㄤˋ ㄏㄨˋ ㄕˊ ㄢˋ ㄘˋ ㄕㄡˊ ㄨˇ ㄓㄨˋ ㄍㄨㄟ ㄗㄜˊ ㄑㄩˊ ㄓㄥˇ ㄐㄧˋ ㄙㄨㄢˋ
009703,ㄓㄜˋ ㄕˊ ㄌㄡˊ ㄈㄤˊ ㄏㄨㄤˋ ㄉㄜ˙ ㄍㄥˋ ㄐㄧㄚ ㄌㄧˋ ㄏㄞ˙ ㄅㄛˊ ㄌㄧˇ ㄔㄨㄤ ㄏㄨㄚ ㄏㄨㄚ ㄉㄜ˙ ㄗㄚˊ ㄌㄨㄛˋ ㄒㄧㄚˋ ㄌㄞˊ
009704,ㄊㄢ ㄕˊ ㄧˋ ㄔㄨ ㄌㄜ˙ ㄧˊ ㄍㄜ˙ ㄐㄧㄚˋ ㄐㄧㄢˋ ㄨㄛˇ ㄇㄣ˙ ㄗㄨㄥ ㄏㄜˊ ㄎㄠˇ ㄌㄩˋ ㄎㄜˊ ㄧˇ ㄐㄧㄡˋ ㄇㄞˋ ㄌㄡ˙
009705,ㄉㄧˋ ㄅㄚ ㄌㄧˋ ㄑㄩㄜˋ ㄓㄣˇ ㄅㄧㄥˋ ㄌㄧˋ ㄨㄟˊ ㄧ ㄑㄧ ㄙㄨㄟˋ ㄋㄧˇ ㄊㄨㄥˊ ㄐㄧㄚ ㄉㄜ˙ ㄉㄚˋ ㄐㄧ ㄏㄨㄚˊ ㄖㄣˊ
009706,ㄑㄧㄠˊ ㄉㄜ˙ ㄌㄧㄥˋ ㄧˋ ㄉㄨㄢ ㄨㄟˋ ㄈㄤˊ ㄓˇ ㄖㄣˊ ㄕㄤˋ ㄑㄧㄠˊ ㄊㄜˋ ㄧˋ ㄑㄧˋ ㄑㄧˇ ㄌㄜ˙ ㄧˋ ㄉㄨˊ ㄞˇ ㄑㄧㄤˊ
009707,ㄖㄢˊ ㄏㄡˋ ㄧㄡˇ ㄩㄢˊ ㄍㄨㄛˋ ㄌㄞˊ ㄋㄚˊ ㄓㄜ˙ ㄍㄜ ㄇㄣ˙ ㄉㄜ˙ ㄏㄨㄚˋ ㄊㄨㄥˇ ㄧㄠˋ ㄅㄚˇ ㄊㄚ ㄑㄧㄥˇ ㄔㄨ ㄑㄩˋ
009708,ㄨㄛˇ ㄌㄧㄥˊ ㄉㄠˇ ㄌㄜ˙ ㄊㄚ ㄨˇ ㄕˋ ㄑㄧ ㄋㄧㄢˊ ㄧㄝˇ ㄅㄨˋ ㄎㄜˇ ㄅㄧˋ ㄇㄧㄢˇ ㄉㄜ˙ ㄈㄢˋ ㄌㄜ˙ ㄧˋ ㄒㄧㄝ ㄘㄨㄛˋ
009709,ㄊㄧㄠˊ ㄌㄧˋ ㄉㄨㄟˋ ㄨ ㄖㄢˇ ㄩㄢˊ ㄆㄨˇ ㄔㄚˊ ㄉㄜ˙ ㄗㄨˇ ㄓ ㄕˊ ㄕ ㄗㄨㄛˋ ㄌㄜ˙ ㄋㄚˇ ㄒㄧㄝ ㄍㄨㄟ ㄉㄧㄥˋ
009710,ㄌㄠˇ ㄅㄟˋ ㄇㄟˇ ㄘˋ ㄌㄧㄤˋ ㄒㄧㄤˋ ㄑㄧㄢˊ ㄉㄡ ㄧㄠˋ ㄒㄧˋ ㄒㄧㄣ ㄉㄜ˙ ㄊㄨˊ ㄓ ㄇㄛˊ ㄈㄣˇ ㄧˋ ㄈㄢ ㄋㄜ˙
009711,ㄑㄩˋ ㄋㄧㄢˊ ㄏㄜˊ ㄌㄢˊ ㄨˇ ㄑㄧˋ ㄉㄜ˙ ㄗㄨㄟˋ ㄉㄚˋ ㄇㄞˇ ㄐㄧㄚ ㄕˋ ㄉㄢ ㄇㄞˋ ㄇㄟˇ ㄍㄨㄛˊ ㄏㄜˊ ㄢ ㄇㄢˋ
009712,ㄗㄚ ㄐㄧㄠ ㄕㄨㄟˇ ㄉㄠˋ ㄧㄥˋ ㄩㄥˋ ㄗㄜˊ ㄕˋ ㄊㄧˊ ㄍㄠ ㄕㄨㄟˇ ㄉㄠˋ ㄔㄢˇ ㄌㄧㄤˋ ㄉㄜ˙ ㄗㄨㄟˋ ㄐㄧㄚ ㄒㄨㄢˇ ㄗㄜˊ
009713,ㄌㄧㄥˊ ㄕˊ ㄕˊ ㄐㄧㄡˇ ㄈㄣ ㄒㄩˇ ㄏㄞˇ ㄒㄩㄋˊ ㄙㄢ ㄧㄠˋ ㄦˋ ㄨˇ ㄑㄧ ㄏㄠˋ ㄉㄧˇ ㄅㄚˊ ㄕˋ ㄈㄚ ㄕㄨㄟˇ ㄩˋ
009714,ㄆㄠˇ ㄔㄜ ㄔㄜ ㄕㄣ ㄧㄝˊ ㄓㄥˇ ㄍㄜ˙ ㄠ ㄒㄧㄢˋ ㄐㄧㄚˋ ㄑㄩˋ ㄔㄜ ㄊㄡˊ ㄏㄜˊ ㄔㄜ ㄕㄣ ㄅㄨˋ ㄨㄟˋ ㄨㄢˊ ㄏㄠˇ
009715,ㄐㄧㄣ ㄊㄧㄢ ㄅㄣˇ ㄅㄠˋ ㄐㄧㄤ ㄨㄟˋ ㄋㄧㄣˊ ㄈㄥˋ ㄒㄧㄢˋ ㄗㄨㄟˋ ㄒㄧㄤˊ ㄒㄧˋ ㄉㄜ˙ ㄓㄨㄥ ㄓㄨㄢˇ ㄐㄧㄝ ㄒㄩˋ ㄈㄤ ㄢˋ
009716,ㄩˋ ㄕㄨˋ ㄉㄤ ㄉㄧˋ ㄙㄥ ㄌㄩˇ ㄓㄥˋ ㄗㄞˋ ㄐㄧ ㄐㄧˊ ㄐㄧㄡˋ ㄩㄢˊ ㄅㄟˋ ㄎㄨㄣˋ ㄈㄟˋ ㄒㄩ ㄉㄜ˙ ㄇㄧㄣˊ ㄓㄨㄥˋ
009717,ㄆㄥˊ ㄓㄨㄥˋ ㄒㄧㄣ ㄉㄞˋ ㄉㄜ˙ ㄐㄧˇ ㄍㄜ˙ ㄖㄣˊ ㄧㄡˊ ㄩˊ ㄍㄨㄚˇ ㄅㄨˋ ㄉㄧˊ ㄓㄨㄥˋ ㄗㄜˊ ㄙˋ ㄔㄨˋ ㄊㄠˊ ㄇㄧㄥˋ
009718,ㄐㄧㄣ ㄊㄧㄢ ㄉㄜ˙ ㄐㄧㄡˇ ㄑㄩㄜˊ ㄨㄟˋ ㄒㄧㄥ ㄈㄚ ㄕˋ ㄓㄨㄥ ㄒㄧㄣ ㄑㄧㄡ ㄍㄨㄤ ㄑㄧˋ ㄕㄨㄤˇ ㄧㄤˊ ㄍㄨㄤ ㄘㄢˋ ㄌㄢˋ
009719,ㄨㄤˊ ㄑㄧˊ ㄍㄨ ㄕㄣ ㄧˋ ㄖㄣˊ ㄨˊ ㄦˊ ㄨˊ ㄋㄩˇ ㄎㄠˋ ㄓㄥˋ ㄈㄨˊ ㄅㄨˇ ㄓㄨˋ ㄏㄜˊ ㄕˊ ㄏㄨㄤ ㄉㄨˋ ㄖˋ
009720,ㄐㄧˋ ㄓㄜˇ ㄇㄣ˙ ㄧˋ ㄅㄢ ㄉㄡ ㄕˋ ㄗㄞˋ ㄉㄚˊ ㄨㄣˋ ㄏㄨㄢˊ ㄐㄧㄝˊ ㄘㄞˊ ㄊㄨ ㄖㄢˊ ㄐㄧㄥ ㄕㄣˋ ㄉㄡˊ ㄙㄡˇ
009721,ㄉㄨㄛ ㄇㄧˇ ㄋㄧˊ ㄐㄧㄚ ㄖㄣˊ ㄏㄣˊ ㄒㄧㄤˇ ㄌㄧㄠˊ ㄐㄧㄝˇ ㄓㄨㄥ ㄍㄨㄛˊ ㄘㄞˋ ㄏㄜˊ ㄉㄧㄢˇ ㄒㄧㄣ ㄗㄣˇ ㄇㄜ˙ ㄗㄨㄛˋ
009722,ㄊㄨˇ ㄉㄧˋ ㄧㄡˇ ㄇㄟˊ ㄧㄡˇ ㄈㄨˋ ㄎㄜˊ ㄏㄠˇ ㄏㄜˊ ㄅㄨˊ ㄏㄜˊ ㄍㄜˊ ㄑㄨㄢˊ ㄎㄠˋ ㄧㄢˋ ㄕㄡ ㄌㄞˊ ㄅㄚˇ ㄍㄨㄢ
009723,ㄐㄧㄝˊ ㄕㄨㄛˋ ㄊㄞˋ ㄍㄨㄛˊ ㄧㄡˊ ㄏㄡˋ ㄓㄡ ㄐㄧㄝˊ ㄌㄨㄣˊ ㄌㄡˇ ㄓㄜ˙ ㄇㄚ ㄇㄚ˙ ㄅㄨˋ ㄔㄨ ㄊㄠˊ ㄩㄢˊ ㄐㄧ ㄔㄤˇ
009724,ㄧˋ ㄇㄧㄥˊ ㄋㄩˇ ㄕˋ ㄎㄨ ㄏㄠˊ ㄓㄜ˙ ㄅㄟˋ ㄒㄧㄠˇ ㄩㄝˋ ㄉㄥˇ ㄖㄣˊ ㄔㄢ ㄈㄨ˙ ㄓㄜˋ ㄌㄧˊ ㄎㄞ
009725,ㄏㄠˊ ㄨˊ ㄧˇ ㄨㄣˋ ㄎㄜˋ ㄇㄨˇ ㄊㄜˋ ㄕˋ ㄕˋ ㄐㄧㄝˋ ㄕㄤˋ ㄗㄨㄟˋ ㄕㄡˋ ㄏㄨㄢ ㄧㄥˊ ㄉㄜ˙ ㄉㄨㄥˋ ㄨˇ
009726,ㄕㄡˋ ㄒㄧㄤ ㄘㄨㄣˋ ㄇㄧㄣˊ ㄧˇ ㄙㄨㄥˋ ㄉㄠˋ ㄉㄤ ㄉㄧˋ ㄧ ㄩㄢˋ ㄐㄧㄝ ㄕㄡˋ ㄓˋ ㄌㄧㄠˊ
009727,ㄐㄧㄡ ㄐㄧㄥˋ ㄏㄠˇ ㄌㄞˊ ㄨ ㄏㄜˊ ㄉㄧˊ ㄙ ㄋㄧˊ ㄉㄜ˙ ㄇㄟˋ ㄌㄧˋ ㄏㄜˊ ㄗㄞˋ
009728,ㄏㄡˋ ㄉㄜ˙ ㄓ ㄊㄚ ㄏㄨㄢˋ ㄧㄡˇ ㄧㄢˊ ㄓㄨㄥˋ ㄓˋ ㄔㄨㄤˋ ㄧㄥˊ ㄒㄧㄤˊ ㄗㄡˇ ㄌㄨˋ
009729,ㄧˋ ㄒㄧㄝ ㄓㄨˋ ㄨㄛ ㄆㄥˊ ㄉㄜ˙ ㄘㄨㄣ ㄇㄧㄣˊ ㄧㄣˋ ㄓㄥˋ ㄌㄜ˙ ㄓㄜˋ ㄧˋ ㄕㄨㄛ ㄈㄚˇ
009730,ㄨˇ ㄕˋ ㄒㄩㄥˊ ㄎㄨㄥˋ ㄉㄜ˙ ㄘㄞˊ ㄌㄧˋ ㄓ ㄔㄨˊ ㄑㄧˊ ㄔˊ ㄒㄩˋ ㄌㄧㄣˇ ㄒㄧㄢ
009731,ㄓㄜˋ ㄧㄤˋ ㄘㄞˊ ㄋㄥˊ ㄓㄨˋ ㄏㄠˇ ㄔㄠˊ ㄘㄞˊ ㄋㄜ˙ ㄧㄣˇ ㄌㄞˊ ㄏㄠˇ ㄈㄥˋ ㄏㄨㄤ˙
009732,ㄑㄧㄠˊ ㄅㄨˋ ㄙ ㄗㄞˋ ㄨˇ ㄕˊ ㄌㄧㄡˋ ㄙㄨㄟˋ ㄕˊ ㄧㄣ ㄧˊ ㄒㄧㄣˋ ㄦˊ ㄅㄧㄥˋ ㄕˋ
009733,ㄔㄨㄢ ㄕㄤˋ ㄒㄧˋ ㄓㄨㄤ ㄕˋ ㄉㄧㄢˇ ㄩㄢˊ ㄊㄨㄛ ㄒㄧㄚˋ ㄒㄧˋ ㄓㄨㄤ ㄕˋ ㄋㄨㄥˊ ㄇㄧㄣˊ
009734,ㄋㄧˇ ㄋㄧㄢˊ ㄈㄤ ㄕˊ ㄅㄚ ㄧˋ ㄓ ㄏㄨㄚ ㄋㄧㄢˊ ㄈㄤ ㄦˋ ㄅㄚ ㄏㄨㄟˋ ㄔㄥˊ ㄐㄧㄚ ㄧㄣˇ ㄈㄤ ㄙㄢ ㄅㄚ ㄧㄡˇ ㄑㄧㄢˊ ㄏㄨㄚˊ ㄗㄣˇ ㄇㄜ˙ ㄧㄠˋ ㄓㄨㄣˇ ㄇㄚ˙
009735,ㄉㄢˋ ㄊㄚ ㄉㄜ˙ ㄌㄨㄢˇ ㄔㄠˊ ㄉㄥˇ ㄕㄥ ㄓˋ ㄑㄧˋ ㄍㄨㄢ ㄈㄚ ㄩˋ ㄓㄥˋ ㄔㄤˇ
009736,ㄆㄢ ㄅㄧㄥ ㄕˋ ㄧˊ ㄨㄟˋ ㄆㄛ ㄧㄡˇ ㄊㄜˋ ㄉㄧㄢˇ ㄏㄜˊ ㄍㄜˋ ㄒㄧㄥˋ ㄉㄜ˙ ㄒㄨㄢˊ ㄕㄡˇ
009737,ㄨㄛˇ ㄊㄧㄢ ㄊㄧㄢ ㄔㄠˇ ㄗㄞˋ ㄗㄨㄛˋ ㄈㄢˋ ㄍㄟˇ ㄊㄚ ㄨㄟˋ ㄉㄜ˙ ㄅㄠˊ ㄅㄠˇ ㄉㄜ˙
009738,ㄉㄨㄟˋ ㄧㄡˇ ㄇㄣˊ ㄈㄥ ㄈㄥ ㄍㄨㄤ ㄍㄨㄤ ㄉㄜ˙ ㄌㄨㄣˊ ㄈㄢ ㄔㄨ ㄑㄩˋ ㄅㄧˇ ㄙㄞˋ
009739,ㄙㄨㄣ ㄉㄚˇ ㄉㄧㄢˋ ㄏㄨㄚˋ ㄍㄟˇ ㄨㄤˊ ㄌㄧㄣˊ ㄧㄠˋ ㄊㄚ ㄐㄧㄠˋ ㄒㄩㄋˋ ㄔㄣˊ ㄇㄡˇ ㄌㄧㄤˋ
009740,ㄅㄧˇ ㄖㄨˊ ㄉㄚˋ ㄓㄚˊ ㄒㄧㄝ ㄕㄤˋ ㄕˋ ㄌㄜ˙ ㄐㄧㄡˋ ㄈㄚ ㄆㄤˊ ㄒㄧㄢˋ ㄑㄨㄢˋ
009741,ㄅㄨˋ ㄖㄢˊ ㄐㄧㄡˋ ㄏㄨㄟˋ ㄗㄠˋ ㄔㄥˊ ㄐㄧˊ ㄉㄚˋ ㄉㄜ˙ ㄨˋ ㄔㄨㄢˊ ㄏㄜˊ ㄘㄞ ㄘㄜˋ
009742,ㄓㄜˋ ㄇㄜ˙ ㄐㄧˊ ㄑㄧㄝˋ ㄉㄜ˙ ㄏㄨ ㄏㄨㄢˋ ㄨㄛˇ ㄕˋ ㄅㄨˊ ㄕˋ ㄒㄧㄤˊ ㄨㄛˇ ㄌㄜ˙
009743,ㄋㄚˋ ㄏㄨㄟㄖˋ ㄒㄧㄣ ㄑㄧㄥˊ ㄧㄝˊ ㄏㄣˇ ㄩˋ ㄇㄣ˙ ㄒㄧㄥˋ ㄏㄠˇ ㄊㄚ ㄇㄣ˙ ㄌㄞˊ ㄌㄜ˙
009744,ㄨㄥ ㄇㄟˋ ㄌㄧㄥˊ ㄗ˙ ㄕㄚ ㄉㄜ˙ ㄗㄨㄟˋ ㄓㄨˇ ㄧㄠˋ ㄩㄢˊ ㄧㄣ ㄕˋ ㄍㄨㄥ ㄗㄨㄛˋ ㄧㄚˊ ㄌㄧˇ
009745,ㄅㄨˊ ㄧㄠˋ ㄈㄣˋ ㄋㄨˋ ㄧㄝˇ ㄅㄨˊ ㄧㄠˋ ㄕˋ ㄊㄨˊ ㄍㄞˇ ㄅㄧㄢˋ ㄧㄡˇ ㄒㄧˋ ㄍㄨㄟ ㄗㄜˊ
009746,ㄦˊ ㄑㄧㄝˇ ㄊㄚ ㄎㄜˊ ㄧˇ ㄓㄥˋ ㄔㄤ ㄒㄧㄥˊ ㄗㄡˇ ㄐㄧㄡˋ ㄕˋ ㄧㄡˊ ㄉㄧㄢˊ ㄅㄨˇ ㄛ˙
009747,ㄕㄜˊ ㄉㄜ˙ ㄑㄧˊ ㄊㄚ ㄅㄨˋ ㄈㄣ˙ ㄕㄨㄛ ㄋㄧˇ ㄇㄟˊ ㄧㄡˊ ㄧㄢˇ ㄐㄧㄥ˙ ㄅㄧˊ ㄗ˙ ㄗㄣˇ ㄇㄜ˙ ㄋㄥˋ ㄓ ㄧˊ ㄨㄛˇ ㄇㄣ˙ ㄒㄧㄤˋ ㄑㄧㄢˊ ㄗㄡˇ
009748,ㄑㄧˊ ㄕˊ ㄨㄛˇ ㄅㄨˊ ㄕˋ ㄊㄜˋ ㄅㄧㄝˊ ㄒㄧˇ ㄏㄨㄢ˙ ㄓㄠˋ ㄒㄧㄤˋ ㄌㄠˊ ㄐㄧˋ ㄨㄛˇ ㄗㄞˋ ㄋㄧˇ ㄒㄧㄣ ㄌㄧˇ ㄉㄜ˙ ㄧㄤˋ ㄗ˙ ㄐㄧㄠˋ ㄏㄠˇ ㄌㄜ˙
009749,ㄊㄚ ㄕㄨㄛ ㄙㄨㄟ ㄖㄢˊ ㄊㄚ ㄉㄜ˙ ㄍㄡˇ ㄉㄨㄟˋ ㄖㄣˊ ㄏㄣˇ ㄧㄡˊ ㄏㄠˇ ㄉㄢˋ ㄇㄟˇ ㄗˋ ㄌㄧㄡˋ ㄍㄡˇ ㄉㄡ ㄩㄥˋ ㄕㄥˊ ㄗ˙ ㄕㄨㄢ ㄓㄜ˙
009750,ㄅㄧˇ ㄙㄞˋ ㄓㄨㄥ ㄐㄧ ㄏㄨ ㄇㄟˊ ㄧˋ ㄇㄧㄥˊ ㄒㄨㄢˊ ㄕㄡˇ ㄉㄡ ㄕˋ ㄘˋ ㄧㄚ ㄌㄧㄝˊ ㄗㄨㄟˇ ㄊㄨㄥˋ ㄎㄨˇ ㄅㄨˋ ㄎㄢ ㄉㄜ˙ ㄅㄧㄠˇ ㄑㄧㄥˊ
009751,ㄉㄨㄟˋ ㄩˊ ㄅㄧˇ ㄙㄞˋ ㄓㄨㄥ ㄉㄜ˙ ㄘㄨ ㄧㄝˊ ㄔㄤˇ ㄇㄧㄢˋ ㄉㄨˋ ㄌㄨㄣˊ ㄉㄢ ㄖㄣˋ ㄨㄟˊ ㄅㄧˇ ㄙㄞˋ ㄐㄧ ㄌㄧㄝˋ ㄎㄜˊ ㄧˇ ㄌㄧˊ ㄐㄧㄝˇ
009752,ㄇㄧㄠˊ ㄇㄧㄠˊ ㄑㄧㄤˇ ㄒㄧㄢ ㄉㄧㄢˇ ㄌㄜ˙ ㄍㄢ ㄍㄨㄛˇ ㄆㄢˊ ㄕㄨㄟˊ ㄍㄨㄛˋ ㄆㄢˊ ㄍㄜˋ ㄧˊ ㄍㄜˋ ㄆㄧˊ ㄐㄧㄡˇ ㄏㄨㄥˊ ㄐㄧㄡˇ ㄖㄨㄛˋ ㄍㄢ
009753,ㄍㄨㄛ ㄐㄧㄣ ㄌㄨㄥˊ ㄆㄧㄥˊ ㄐㄧㄚˋ ㄌㄨˊ ㄩㄥˇ ㄕˋ ㄧㄝˋ ㄒㄧㄣ ㄗㄜˊ ㄖㄢˊ ㄍㄢˇ ㄐㄧㄠˋ ㄑㄧㄤˊ ㄗㄨˇ ㄓ ㄒㄧㄝˊ ㄊㄧㄠˊ ㄋㄥˊ ㄌㄧˋ ㄑㄧㄤˊ
009754,ㄓㄨㄥ ㄍㄨㄛˊ ㄓㄥˋ ㄈㄨˊ ㄏㄣˇ ㄓㄡ ㄑㄨㄢˊ ㄨˊ ㄎㄜˇ ㄊㄧㄠ ㄊㄧˋ
009755,ㄎㄜˊ ㄧˇ ㄑㄩˋ ㄐㄧㄡˋ ㄐㄧㄢˋ ㄉㄜ˙ ㄓㄨˊ ㄍㄨㄢˇ ㄕㄨㄟˋ ㄨˋ ㄐㄩˊ ㄕㄣ ㄅㄠˋ ㄖㄨˊ ㄍㄨㄛˋ ㄧㄡˇ ㄐㄧㄠ ㄧˋ ㄆㄧㄥˊ ㄓㄥˋ ㄎㄜˊ ㄧˇ ㄒㄧㄝˊ ㄉㄞˋ
009756,ㄊㄞˊ ㄨㄢ ㄙ ㄈㄚˇ ㄐㄧ ㄍㄡ ㄐㄧㄣˋ ㄌㄞˊ ㄔㄡˇ ㄨㄣˊ ㄅㄨˊ ㄉㄨㄢˋ
009757,ㄐㄩˋ ㄊㄧˇ ㄎㄞ ㄊㄧㄥ ㄕㄣˊ ㄌㄧˇ ㄕˊ ㄐㄧㄢ ㄉㄢ ㄌㄧㄥˊ ㄒㄧㄢˋ ㄈㄚˇ ㄩㄢˋ ㄗㄞˋ ㄊㄨㄥ ㄅㄠˋ ㄓㄨㄥ ㄨㄟˋ ㄊㄧˊ ㄐㄧˊ
009758,ㄊㄚ ㄇㄟˊ ㄌㄨㄣˊ ㄅㄧㄠˇ ㄕˋ ㄍㄢˇ ㄒㄧㄝˋ ㄅㄧㄥˋ ㄑㄧㄥˊ ㄓㄨㄢˇ ㄉㄚˊ ㄉㄨㄟˋ ㄨㄣ ㄐㄧㄚ ㄅㄠˇ ㄗㄨㄥˊ ㄌㄧˇ ㄉㄜ˙ ㄨㄣˋ ㄏㄡˋ
009759,ㄉㄢˋ ㄧㄥ ㄘㄞˇ ㄦˊ ㄏㄡˋ ㄌㄞˊ ㄈㄚ ㄒㄧㄢˋ ㄋㄚˋ ㄘˋ ㄈㄣ ㄇㄧㄥˊ ㄕˋ ㄊㄚ ㄧㄡˋ ㄨㄤˋ ㄌㄜ˙ ㄇㄞˊ ㄌㄧˇ ㄨˋ
009760,ㄕㄥˇ ㄨㄟˋ ㄕㄥ ㄊㄧㄥ ㄓㄨㄢ ㄐㄧㄚ ㄨㄟˋ ㄗㄞ ㄑㄩˋ ㄑㄩㄋˊ ㄓㄨㄥˋ ㄐㄧㄤˊ ㄐㄧㄣˇ ㄧˋ ㄈㄤˊ ㄐㄧˊ ㄅㄧㄥˋ ㄓ ㄕˋ
009761,ㄌㄞˊ ㄓㄥˋ ㄓㄡ ㄕˊ ㄐㄧˇ ㄋㄧㄢˊ ㄌㄧㄡˊ ㄎㄨㄟ ㄩㄢˊ ㄉㄡ ㄇㄟˊ ㄋㄥˊ ㄉㄞˋ ㄌㄠˇ ㄅㄢˋ ㄔㄨ ㄑㄩ ㄨㄢˊ ㄨㄢ˙
009762,ㄕㄤˋ ㄒㄩㄜˊ ㄉㄜ˙ ㄕˊ ㄏㄡˋ ㄨㄛˇ ㄐㄧㄡˋ ㄏㄣˇ ㄌㄧㄢˋ ㄐㄧㄚ ㄆㄧㄥˊ ㄕˊ ㄧㄝˇ ㄏㄨㄟˋ ㄒㄧㄝˊ ㄍㄢˇ ㄉㄨㄥ ㄒㄧ˙
009763,ㄌㄧㄤˊ ㄇㄡˇ ㄐㄧㄝˋ ㄓㄜ˙ ㄐㄧㄡˇ ㄐㄧㄚˋ ㄅㄨˋ ㄊㄧㄥˊ ㄉㄜ˙ ㄗㄞˋ ㄑㄧˊ ㄈㄨˋ ㄇㄨˇ ㄇㄧㄢˋ ㄑㄧㄢˊ ㄕㄨˇ ㄨㄛˋ ㄨㄛˇ
009764,ㄩˇ ㄒㄧㄤ ㄌㄧㄢˊ ㄉㄡˋ ㄉㄜ˙ ㄩㄥˇ ㄑㄧˋ ㄧㄝˇ ㄇㄟˊ ㄧㄡˇ ㄓˊ ㄧㄡˇ ㄗㄞˋ ㄅㄟˋ ㄌㄧˋ ㄌㄧˇ ㄇㄚˋ ㄉㄜ˙ ㄅㄣˇ ㄕˋ
009765,ㄐㄧㄣˊ ㄌㄧˇ ㄏㄣˊ ㄏㄠˇ ㄨㄢˊ ㄎㄜˊ ㄧˇ ㄔ ㄉㄠˋ ㄍㄜˋ ㄓㄨㄥˇ ㄔㄥˊ ㄉㄨ ㄊㄜˋ ㄙㄜˋ ㄒㄧㄠˇ ㄔ ㄧㄚ˙
009766,ㄔㄨㄤˋ ㄗㄠˋ ㄍㄥˋ ㄉㄨㄛ ㄉㄜ˙ ㄕㄤ ㄧㄢˋ ㄌㄧˋ ㄖㄨㄣˋ
009767,ㄕㄤˋ ㄌㄜ˙ ㄌㄧˇ ㄧˋ ㄅㄚ ㄋㄧˇ ㄐㄧㄡˋ ㄉㄨㄥˇ ㄌㄜ˙
009768,ㄌㄧㄥˋ ㄨㄛˇ ㄓˋ ㄐㄧㄣ ㄋㄢˊ ㄇㄤˋ ㄉㄜ˙ ㄏㄞˊ ㄧㄡˇ ㄓㄡ ㄗㄨㄥˊ ㄌㄧˇ ㄋㄚˋ ㄕㄨㄤˊ ㄌㄤˇ ㄉㄜ˙ ㄒㄧㄠˋ ㄕㄥ
009769,ㄓㄜˋ ㄘˋ ㄓㄨˇ ㄖㄣˊ ㄅㄚˊ ㄨㄛˇ ㄋㄢˊ ㄉㄠˋ ㄌㄜ˙
009770,ㄨㄞˋ ㄅㄧㄠˇ ㄏㄢ ㄏㄡˋ ㄑㄩㄜˋ ㄍㄨㄥ ㄩˊ ㄒㄧㄣ ㄐㄧˋ
009771,ㄊㄚ ㄐㄧㄤ ㄅㄟˋ ㄎㄨㄥˋ ㄈㄟ ㄈㄚ ㄔㄨㄤˇ ㄖㄨˋ ㄧˇ ㄐㄧˊ ㄇㄧㄠˇ ㄕˋ ㄈㄚˇ ㄊㄧㄥˊ ㄌㄧㄤˇ ㄗㄨㄥ ㄗㄨㄟˋ
009772,ㄗㄨㄟˋ ㄏㄡˋ ㄕˊ ㄗㄞˋ ㄠˇ ㄅㄨˊ ㄍㄨㄛˋ ㄊㄚ ㄊㄧㄥˊ ㄊㄧㄥˋ ㄏㄜˊ ㄏㄞˇ ㄗㄡˇ ㄐㄧㄣˋ ㄌㄜ˙ ㄅㄧㄣ ㄍㄨㄢˇ
009773,ㄔㄡˇ ㄨㄟˊ ㄇㄧㄥˊ ㄒㄧㄥ ㄗㄡˇ ㄅㄨˋ ㄌㄧㄠˋ ㄔㄤˊ ㄒㄧㄢˋ
009774,ㄓㄜˋ ㄈㄨˊ ㄏㄜˊ ㄍㄨㄤˇ ㄉㄚˋ ㄈㄚ ㄓㄢˇ ㄓㄨㄥ ㄍㄨㄛˊ ㄐㄧㄚ ㄉㄜ˙ ㄌㄧˋ ㄧˋ ㄧㄝˊ ㄧㄡˇ ㄌㄧˋ ㄩˊ ㄊㄨㄟ ㄐㄧㄣˋ ㄑㄧˋ ㄏㄡˋ ㄅㄧㄢˋ ㄏㄨㄚˋ ㄍㄨㄛˊ ㄐㄧˋ ㄏㄜˊ ㄗㄨㄛˋ
009775,ㄅㄨˊ ㄧㄠˋ ㄌㄤˋ ㄈㄟˋ ㄕˊ ㄐㄧㄢ ㄔㄜˇ ㄉㄢˋ ㄌㄚ˙
009776,ㄔㄣˊ ㄐㄧˋ ㄇㄧㄥˊ ㄖㄣˋ ㄨㄟˊ ㄉㄨㄟˋ ㄈㄤ ㄑㄧㄠˊ ㄅㄨˋ ㄑㄧˇ ㄊㄚ ㄌㄧㄤˇ ㄖㄣˊ ㄈㄚ ㄕㄥ ㄓㄨㄚ ㄔㄜˇ
009777,ㄐㄧˋ ㄓㄜˊ ㄕㄨˇ ㄌㄜ˙ ㄧˊ ㄒㄧㄚˋ ㄅㄧㄠ ㄐㄧㄢ ㄕㄤˋ ㄉㄜ˙ ㄕㄨˋ ㄗ˙ ㄗㄨㄟˋ ㄍㄠ ㄨㄟˊ ㄌㄧㄡˋ ㄕˊ ㄧ
009778,ㄌㄤ ㄍㄜ˙ ㄓㄜˋ ㄓㄨㄥˊ ㄩˇ ㄑㄧ ㄕㄨㄛ ㄏㄨㄚˋ ㄇㄚ˙
009779,ㄙ ㄉㄧˇ ㄒㄧㄚˋ ㄧㄝˇ ㄅㄨˋ ㄘㄥˊ ㄐㄧㄝˋ ㄇㄧㄢˋ ㄍㄨㄛˋ
009780,ㄓㄨˋ ㄗㄞˋ ㄒㄧㄤ ㄒㄧㄚˋ ㄉㄜ˙ ㄕㄤ ㄅㄨˋ ㄑㄧˇ ㄧㄚ˙
009781,ㄧ ㄍㄜ˙ ㄧㄡˇ ㄌㄥˊ ㄐㄧㄠˇ ㄉㄜ˙ ㄕㄨ ㄕㄥ ㄇㄨˊ ㄧㄤˋ
009782,ㄊㄧˊ ㄉㄠˋ ㄕㄤˇ ㄑㄧㄡ ㄅㄨˋ ㄧㄥ ㄍㄞ ㄓˇ ㄖㄤˋ ㄖㄣˊ ㄐㄧㄢˇ ㄉㄢ ㄉㄜ˙ ㄒㄧㄤˇ ㄉㄠˋ ㄏㄨㄥˊ ㄙㄜˋ
009783,ㄉㄧˋ ㄦˋ ㄓㄢˋ ㄕˋ ㄦˋ ㄩㄝˋ ㄉㄜ˙ ㄋㄨㄥˊ ㄒㄧㄣ ㄅㄟ
009784,ㄊㄨˊ ㄨㄟˊ ㄔㄣˊ ㄍㄨㄤ ㄅㄧㄠ ㄕㄡˊ ㄆㄥˇ ㄒㄧㄢˋ ㄐㄧㄣ
009785,ㄅㄧˊ ㄘˇ ㄅㄧˊ ㄘˇ ㄅㄢˋ ㄐㄧㄣ ㄉㄚ ㄌㄧㄤ˙
009786,ㄋㄧˇ ㄕˋ ㄈㄡˊ ㄧㄡˇ ㄒㄧㄥˋ ㄑㄩˋ ㄩˇ ㄊㄚ ㄉㄜ˙ ㄐㄩˋ ㄌㄨㄥˊ ㄈㄥ ㄓㄥˋ ㄧˋ ㄑㄧˇ ㄈㄟˋ ㄊㄧㄢ ㄋㄜ˙
009787,ㄒㄧㄠˇ ㄇㄧㄥˊ ㄓㄤˇ ㄉㄜ˙ ㄒㄧㄤ ㄅㄧㄥ ㄍㄨㄣˋ ㄗㄞˋ ㄕㄨㄟˊ ㄌㄧˇ ㄧㄡˊ ㄩㄥˇ ㄧㄡˊ ㄓㄜ˙ ㄧㄡˊ ㄓㄜ˙ ㄇㄟˊ ㄌㄜ˙
009788,ㄋㄧˊ ㄎㄜˋ ㄙㄨㄥ ㄉㄨㄟˋ ㄘˇ ㄗㄢˋ ㄅㄨˋ ㄐㄩㄜˊ ㄎㄡˇ ㄧˋ ㄌㄧㄢˊ ㄔ ㄌㄜ˙ ㄌㄧㄡˋ ㄓˋ ㄏㄨㄣˊ ㄊㄨㄣˊ
009789,ㄐㄧㄤˇ ㄨㄢˊ ㄍㄨˋ ㄕˋ ㄅㄠˇ ㄓㄥˋ ㄋㄧˇ ㄎㄞ ㄒㄧㄣ
009790,ㄓㄤ ㄋㄩˇ ㄕˋ ㄧㄝˇ ㄕㄨㄣˋ ㄕㄡˇ ㄋㄚˊ ㄑㄧˇ ㄈㄤˋ ㄗㄞˋ ㄓㄣˇ ㄅㄧㄢ ㄉㄜ˙ ㄇㄨˋ ㄍㄨㄣˋ ㄔㄠˊ ㄋㄚˋ ㄇㄧㄥˊ ㄋㄢˊ ㄗˇ ㄊㄡˊ ㄕㄤˋ ㄌㄨㄣ ㄑㄩˋ
009791,ㄊㄚ ㄗㄨㄛˋ ㄉㄜ˙ ㄘㄞˋ ㄊㄜˋ ㄅㄧㄝˊ ㄏㄠˇ ㄔ ㄊㄨㄥˊ ㄕˋ ㄒㄧˇ ㄏㄨㄢ ㄌㄞˊ ㄘㄥˋ ㄉㄨㄣˋ ㄈㄢˋ ㄔ
009792,ㄙㄨㄛˊ ㄧˇ ㄍㄨˇ ㄍㄜ ㄓㄜˋ ㄘˋ ㄖㄣˊ ㄕˋ ㄅㄧㄢˋ ㄉㄨㄥˋ ㄕㄡ ㄉㄠˋ ㄨㄞˋ ㄐㄧㄝˋ ㄆㄨˇ ㄅㄧㄢˋ ㄍㄨㄢ ㄓㄨˋ
009793,ㄙㄨˋ ㄧㄚ ㄏㄨˊ ㄏㄨˊ ㄅㄧㄢ ㄉㄜ˙ ㄇㄞˋ ㄉㄧˋ ㄌㄧˇ ㄅㄟˋ ㄉㄨˊ ㄙˇ ㄉㄜ˙ ㄧㄝˇ ㄐㄧ ㄏㄜˊ ㄒㄧˇ ㄑㄩㄜˋ ㄙㄨㄟˊ ㄔㄨ ㄏㄜˇ ㄐㄧㄢˋ
009794,ㄔㄨㄣ ㄩㄣˋ ㄑㄧ ㄐㄧㄢ ㄍㄨㄤˊ ㄊㄧㄝˇ ㄐㄧˊ ㄊㄨㄢˊ ㄖˋ ㄎㄞ ㄒㄧㄥˊ ㄉㄨㄥˋ ㄔㄜ ㄗㄨˇ ㄌㄧㄝˋ ㄔㄜ ㄦˋ ㄅㄞˊ ㄨˇ ㄕˋ ㄌㄧㄡˋ ㄉㄨㄟˋ
009795,ㄅㄠˋ ㄇㄧㄥˊ ㄕˊ ㄓㄠˋ ㄇㄧㄥˊ ㄧˋ ㄉㄧㄢˇ ㄏㄡˋ ㄇㄢˊ ㄩㄝˇ ㄇㄟˊ ㄗㄡˇ ㄍㄨㄞ ㄍㄨㄞ ㄗㄞˋ ㄖㄣˊ ㄑㄩㄋˊ ㄓㄨㄥ ㄆㄞˊ ㄉㄨㄟˋ ㄌㄧㄥˇ ㄏㄠˋ
009796,ㄉㄧㄢˋ ㄏㄨㄚ ㄋㄚˋ ㄊㄡˊ ㄖㄨㄛˋ ㄖㄨㄛˋ ㄉㄜ˙ ㄕㄨㄛ ㄨㄛˇ ㄐㄧㄡˋ ㄗㄞˋ ㄧˇ ㄏㄡˋ ㄇㄧㄢˋ ㄨㄛˇ ㄐㄧㄡˋ ㄕˋ ㄋㄚˋ ㄍㄜ˙ ㄦˋ ㄅㄧ
009797,ㄋㄧㄣˊ ㄋㄚˇ ㄋㄚˋ ㄇㄜ˙ ㄉㄨㄛ ㄈㄟˋ ㄏㄨㄚˋ ㄍㄟˊ ㄌㄠˇ ㄌㄧㄤˊ ㄍㄨㄟˋ ㄏㄠˇ
009798,ㄍㄢ ㄉㄧㄝ ㄉㄧㄝ˙ ㄔㄥ ㄑㄧˇ ㄩˊ ㄙㄢˇ ㄌㄨㄢˋ ㄇㄢˋ ㄗㄡˇ ㄌㄜ˙ ㄍㄨㄛˋ ㄑㄩˋ
009799,ㄩˊ ㄒㄩㄥˊ ㄕˋ ㄍㄜ˙ ㄕㄠˇ ㄧㄢˊ ㄉㄜ˙ ㄖㄣˊ ㄧˋ ㄒㄧㄣ ㄧˊ ㄧˋ ㄗㄞˋ ㄔ ㄇㄧㄢˋ
009800,ㄓˊ ㄧㄡˇ ㄌㄧˊ ㄌㄜ˙ ㄏㄨㄣ ㄨㄛˇ ㄘㄞˊ ㄋㄥˊ ㄒㄩㄜˊ ㄓㄜ˙ ㄍㄥˋ ㄐㄧㄢ ㄑㄧㄤˊ ㄧㄚ˙
009801,ㄆㄥ ㄕㄤˋ ㄓㄜˋ ㄧㄤˋ ㄉㄜ˙ ㄒㄧㄤˇ ㄏㄜˊ ㄧㄥˇ ㄐㄧㄡˋ ㄏㄨㄟˋ ㄈㄟ ㄔㄤˊ ㄎㄨㄣˋ ㄋㄢˇ
009802,ㄨㄞˋ ㄧˋ ㄕㄨㄟˋ ㄓㄠˊ ㄕˊ ㄨˊ ㄗˇ ㄐㄧㄡˋ ㄅㄟˋ ㄈㄤˋ ㄏㄨㄛˇ ㄕㄠ ㄌㄜ˙ ㄋㄜ˙
009803,ㄐㄧㄥ ㄑㄩ ㄓㄥˋ ㄈㄨˊ ㄩˇ ㄉㄨㄛ ㄈㄤ ㄒㄧㄝˊ ㄊㄧㄠˊ ㄔㄨㄥˊ ㄒㄧㄣ ㄕㄤˋ ㄌㄨˋ
009804,ㄊㄚ ㄇㄣ˙ ㄉㄢ ㄒㄧㄣ ㄧㄢˇ ㄒㄧㄤˋ ㄅㄢ ㄐㄧㄚ ㄏㄡˋ ㄎㄜˇ ㄋㄥˊ ㄔㄨㄥˊ ㄈㄢˇ
009805,ㄋㄩˇ ㄈㄤ ㄉㄚˊ ㄋㄧˇ ㄗㄨㄥˋ ㄌㄠˇ ㄋㄧㄤˊ ㄉㄜ˙ ㄧㄝˇ ㄓㄜˋ ㄇㄜ˙ ㄉㄚˋ
009806,ㄍㄨㄢ ㄓㄨㄥˋ ㄗㄨㄥˇ ㄏㄨㄟˋ ㄧㄡˇ ㄒㄧㄣ ㄔㄨㄥˇ ㄅㄨˊ ㄈㄨˋ ㄋㄧㄢˋ ㄐㄧㄡˋ ㄖㄣˊ
009807,ㄙㄨㄟˊ ㄏㄡˋ ㄒㄧㄢˋ ㄔㄤˇ ㄓㄨㄥˋ ㄖㄣˊ ㄧˋ ㄊㄨㄥˊ ㄑㄧˇ ㄏㄨㄥ ㄅㄧ ㄎㄨㄣ
009808,ㄊㄚ ㄕㄨㄛ ㄓㄜˋ ㄓㄨㄥˇ ㄆㄢ ㄧㄢˊ ㄕˋ ㄗㄨㄟˋ ㄔㄨㄣˊ ㄐㄧㄥˋ ㄉㄜ˙ ㄩㄣˋ ㄉㄨㄥˋ
009809,ㄏㄨㄛˇ ㄘㄨㄥˊ ㄙㄢ ㄐㄧㄠˋ ㄒㄧㄥˊ ㄉㄜ˙ ㄎㄨ ㄌㄨㄥ˙ ㄎㄞ ㄕˋ ㄖㄢˊ ㄕㄠ
009810,ㄐㄧˋ ㄓㄜˊ ㄓㄠˇ ㄉㄠˋ ㄌㄜ˙ ㄑㄧˇ ㄕˋ ㄅㄨˋ ㄓˋ ㄓㄜˇ ㄒㄧㄠˊ ㄇㄚˇ
009811,ㄍㄤ ㄖㄣˋ ㄕˋ ㄐㄧㄡˋ ㄧㄠˋ ㄇㄟˋ ㄗ˙ ㄗㄠˋ ㄆㄧㄢˋ ㄗㄞˋ ㄌㄧㄠˊ ㄕˊ ㄎㄨㄞˋ ㄐㄧㄢˋ ㄉㄜ˙ ㄅㄚˊ
009812,ㄉㄨㄛˊ ㄇㄨˋ ㄘㄨㄟˇ ㄘㄢˋ ㄉㄜ˙ ㄉㄥ ㄍㄨㄤ ㄐㄧㄠ ㄓ ㄓㄜ˙ ㄐㄧ ㄑㄧㄥˊ ㄆㄥˇ ㄆㄞˋ ㄉㄜ˙ ㄧˊ ㄩㄝˋ
009813,ㄌㄠˇ ㄅㄚˋ ㄈㄟ ㄕㄣ ㄧˋ ㄐㄧㄠˇ ㄕㄨㄛ ㄋㄧˇ ㄍㄜ ㄗㄞˋ ㄊㄢˊ ㄓㄥˋ ㄕˋ ㄋㄧˇ ㄍㄢˋ ㄇㄚˊ
009814,ㄇㄚˇ ㄉㄜˊ ㄅㄠˇ ㄉㄜ˙ ㄌㄧˇ ㄌㄨㄣˋ ㄎㄜˋ ㄕㄤˋ ㄉㄜ˙ ㄖㄣˊ ㄒㄧㄣ ㄏㄨㄢˋ ㄙㄢˋ ㄌㄧㄤˇ ㄍㄜ˙ ㄌㄧˋ ㄅㄞˋ ㄌㄧˇ ㄊㄨㄟˋ ㄕㄜˋ ㄉㄜ˙ ㄖㄣˊ ㄕㄨˋ ㄉㄠˋ ㄌㄜ˙ ㄕˊ ㄨˇ ㄍㄜˋ
009815,ㄏㄨㄚ ㄩㄢˊ ㄎㄡˇ ㄩˇ ㄐㄧㄤ ㄐㄩㄋˋ ㄅㄚˋ ㄉㄠˋ ㄓㄥˋ ㄓㄡ ㄎㄢˋ ㄏㄨㄤˊ ㄏㄜˊ ㄅㄧˋ ㄖㄢˊ ㄒㄧㄢ ㄉㄠˋ ㄏㄨㄚˊ ㄩㄢˊ ㄎㄡˇ
009816,ㄗㄞˋ ㄌㄧㄣˊ ㄋㄩˇ ㄕˋ ㄒㄧㄣ ㄓㄨㄥ ㄒㄧㄠˇ ㄖㄨㄥˊ ㄘㄨㄥˊ ㄒㄧㄠˇ ㄍㄨㄞ ㄑㄧㄠˊ ㄉㄨㄥˇ ㄕˋ ㄐㄧㄡˋ ㄐㄧㄤˋ ㄊㄚ ㄉㄜ˙ ㄊㄧㄢ ㄒㄧㄣ ㄒㄧㄠˇ ㄇㄧㄢˊ ㄠˇ
009817,ㄑㄧㄣ ㄕㄨˇ ㄇㄣ˙ ㄙ ㄏㄠˋ ㄇㄟˊ ㄧㄡˇ ㄏㄨㄞˊ ㄧˊ ㄐㄧㄤ ㄆㄧㄥˊ ㄖˋ ㄐㄧ ㄗㄞˇ ㄉㄜ˙ ㄘㄨㄣˊ ㄎㄨㄢˇ ㄐㄧㄠ ㄉㄤˋ ㄌㄜ˙ ㄊㄚ ㄉㄜ˙ ㄕㄡˇ ㄕㄤˋ
009818,ㄧ ㄕㄥ ㄐㄧㄢˇ ㄔㄚˊ ㄈㄚ ㄒㄧㄢˋ ㄉㄧㄝ ㄉㄧㄝ˙ ㄓˊ ㄔㄤˊ ㄔㄨㄢ ㄎㄨㄥˇ ㄌㄧˋ ㄐㄧˋ ㄨㄟˋ ㄊㄚ ㄕˊ ㄕˋ ㄌㄜ˙ ㄕㄡˇ ㄕㄨˋ
009819,ㄖㄣˊ ㄇㄣ˙ ㄕㄡˊ ㄆㄥˇ ㄒㄧㄢ ㄏㄨㄚ ㄗㄞˋ ㄌㄧㄣˊ ㄕˊ ㄕㄜˋ ㄓˋ ㄉㄜ˙ ㄉㄥˇ ㄏㄡˋ ㄑㄩ ㄌㄧˇ ㄏㄨㄢˊ ㄏㄨㄢˇ ㄑㄧㄢˊ ㄒㄧㄥˊ
009820,ㄧㄡˋ ㄖㄣˊ ㄍㄢ ㄨㄟˋ ㄅㄨˋ ㄉㄜˊ ㄐㄩˋ ㄐㄩㄜˊ ㄗㄨˇ ㄋㄠˊ
009821,ㄆㄧㄥˊ ㄕˊ ㄨㄛˊ ㄧㄝˇ ㄅㄨˊ ㄞˋ ㄔㄨ ㄇㄣ˙ ㄗㄞˋ ㄐㄧㄚ ㄎㄢˋ ㄎㄢˋ ㄅㄠˋ ㄓˇ ㄒㄧㄝˊ ㄒㄧㄝˊ ㄅㄧˇ ㄐㄧˋ ㄕㄚˊ ㄉㄜ˙
009822,ㄎㄜˇ ㄋㄧㄢˊ ㄍㄨㄢ ㄓㄜ˙ ㄏㄨㄟㄖˋ ㄗㄨㄛˋ ㄒㄧㄢˋ ㄉㄜ˙ ㄐㄧㄡˇ ㄘㄞˋ ㄐㄧㄚˋ ㄑㄧㄢˊ ㄓㄤˇ ㄉㄜ˙ ㄗㄨㄟˋ ㄌㄧˊ ㄆㄨˇ
009823,ㄓㄜˋ ㄧˊ ㄘˋ ㄅㄠˇ ㄉㄧㄠˋ ㄔㄨㄢˊ ㄓ ㄅㄟˋ ㄙˋ ㄙㄡ ㄖˋ ㄅㄣˇ ㄔㄨㄢˊ ㄐㄧˊ ㄓˊ ㄕㄥ ㄐㄧ ㄅㄠˋ ㄨㄟˊ ㄉㄨㄥˋ ㄊㄢˋ ㄅㄨˋ ㄉㄜˊ
009824,ㄉㄧㄢˋ ㄆㄛˋ ㄋㄟˋ ㄅㄛ ㄌㄧˋ ㄙㄨㄟˋ ㄅㄧㄢˋ ㄉㄧˋ ㄧˋ
009825,ㄅㄨˋ ㄏㄠˇ ㄆㄢˋ ㄉㄨㄢˋ ㄐㄩˋ ㄊㄧˇ ㄕˊ ㄐㄧㄢ
009826,ㄎㄠˊ ㄍㄨˇ ㄓㄨㄢ ㄐㄧㄚ ㄍㄢˇ ㄉㄠˋ ㄋㄠˊ ㄊㄡˊ
009827,ㄍㄥˊ ㄋㄩˇ ㄕˋ ㄍㄢˊ ㄐㄧㄣˋ ㄅㄠˋ ㄌㄜ˙ ㄐㄧㄥˇ
009828,ㄙㄡ ㄏㄨˊ ㄗㄜˊ ㄘㄨㄥˊ ㄑㄧ ㄕˊ ㄙㄢ ㄉㄧㄢ ㄕˋ ㄨˇ ㄕˊ ㄙㄢ ㄉㄧㄝˇ ㄈㄨˊ ㄅㄞˇ ㄈㄣ ㄓ ㄦˋ ㄕˊ ㄑㄧ
009829,ㄕㄣˊ ㄇㄜ˙ ㄕˊ ㄏㄡˋ ㄍㄟˊ ㄨㄛˇ ㄏㄨㄢˋ ㄍㄜ˙ ㄘㄞˊ ㄆㄧㄥˊ ㄕㄡˇ ㄐㄧ
009830,ㄨㄛˇ ㄉㄜ˙ ㄆㄨˇ ㄊㄨㄥ ㄏㄨㄚˋ ㄏㄞˊ ㄕˋ ㄊㄧㄥˇ ㄅㄧㄠ ㄓㄨㄣˇ ㄉㄜ˙ ㄅㄚ˙
009831,ㄓˋ ㄩˊ ㄉㄤ ㄔㄨ ㄅㄠˋ ㄎㄠˇ ㄋㄢˊ ㄎㄜ ㄉㄚˋ ㄊㄞˋ ㄧㄝˊ ㄓˇ ㄕˋ ㄒㄧㄤˇ ㄊㄠˊ ㄅㄧˋ ㄍㄠ ㄎㄠˇ ㄙㄨㄟˊ ㄅㄧㄢˋ ㄎㄠˇ ㄓㄨˋ ㄨㄢˊ ㄨㄢˋ
009832,ㄩˊ ㄕˋ ㄌㄟˊ ㄐㄧㄣ ㄘㄨㄥˊ ㄗˋ ㄐㄧˇ ㄉㄜ˙ ㄖㄣˊ ㄕㄥ ㄏㄜˊ ㄌㄧˊ ㄒㄧㄤˇ ㄐㄧㄤˊ ㄑㄧˇ
009833,ㄊㄚ ㄐㄧㄢˋ ㄓㄜˋ ㄏㄠˇ ㄨㄢˊ ㄓㄥˋ ㄔㄡˊ ㄒㄧ ㄐㄧㄠ ㄕㄨㄟˇ ㄇㄟˊ ㄔㄨ ㄉㄠˋ ㄕㄨㄣˋ ㄉㄚˋ ㄕˋ ㄉㄤˋ ㄌㄜ˙ ㄒㄧㄚˋ ㄑㄩˋ
009834,ㄧˊ ㄍㄜˋ ㄖㄣˊ ㄎㄨ ㄗㄨㄛˋ ㄗㄞˋ ㄧㄣ ㄢˋ ㄉㄜ˙ ㄐㄧㄠˇ ㄌㄨㄛˋ ㄌㄧˇ ㄐㄧㄡ ㄓㄜ˙ ㄉㄚˋ ㄊㄨㄟˇ ㄨㄣˋ ㄗˋ ㄐㄧˊ ㄗㄣˇ ㄇㄜ˙ ㄅㄢˋ
009835,ㄇㄟˊ ㄖㄣˊ ㄍㄠˋ ㄙㄨˋ ㄊㄚ ㄉㄧˇ ㄧˊ ㄘˇ ㄐㄧㄢˋ ㄇㄧㄢˋ ㄅㄟˇ ㄑㄧㄢ ㄒㄩˋ ㄒㄧㄝ ㄅㄧㄝˊ ㄖㄤˋ ㄋㄩˇ ㄏㄞˊ ㄋㄢˊ ㄎㄢ
009836,ㄧㄡˇ ㄌㄜ˙ ㄎㄜ ㄒㄨㄢˋ ㄓˊ ㄧㄣˇ ㄓˊ ㄒㄧㄥˊ ㄙㄡ ㄐㄧㄡˋ ㄖㄣˋ ㄨˋ ㄉㄜ˙ ㄍㄨㄢ ㄅㄧㄥ ㄉㄨㄣˋ ㄕˊ ㄉㄡˋ ㄓˋ ㄅㄟˋ ㄗㄥ
009837,ㄊㄚ ㄔㄨㄢ ㄕㄤˋ ㄑㄧㄢˊ ㄕㄨㄟˇ ㄧ ㄕㄣ ㄕㄤˋ ㄕㄨㄢ ㄌㄜ˙ ㄍㄣ ㄕㄥˊ ㄗ˙ ㄧˊ ㄏㄣˇ ㄒㄧㄣ ㄊㄧㄠˋ ㄌㄜ˙ ㄒㄧㄚˋ ㄑㄩˋ
009838,ㄉㄠˋ ㄌㄜ˙ ㄏㄨˊ ㄊㄡˊ ㄌㄧㄤˇ ㄍㄜ˙ ㄒㄧㄠˇ ㄏㄞˊ ㄈㄚ ㄐㄩㄜˊ ㄅㄨˊ ㄉㄨㄟˋ ㄐㄧㄣˋ ㄒㄧㄤˇ ㄊㄚ ㄖㄤ ㄖㄤˇ ㄧㄠˋ ㄏㄨㄟˊ ㄐㄧㄚ
009839,ㄊㄨㄥˊ ㄕˊ ㄐㄧㄤ ㄐㄧㄚ ㄉㄚˋ ㄙㄚˊ ㄕㄨㄟˇ ㄔㄜ ㄙㄨㄥˋ ㄕㄨㄟˇ ㄌㄧˋ ㄉㄨˋ ㄍㄨˇ ㄌㄧˋ ㄐㄩ ㄇㄧㄣˊ ㄕㄨㄟˊ ㄐㄧㄥˇ ㄑㄩˊ ㄕㄨㄟˇ
009840,ㄌㄧㄤˇ ㄋㄧㄢˊ ㄑㄧㄢˊ ㄒㄩㄥˊ ㄐㄧㄝˊ ㄗㄞˋ ㄋㄢˊ ㄐㄧㄥ ㄙㄢ ㄆㄞˊ ㄌㄡˊ ㄈㄨˋ ㄐㄧㄣˋ ㄎㄢ ㄌㄜ˙ ㄧˋ ㄐㄧㄚ ㄗㄨˊ ㄌㄧㄠˊ ㄉㄧㄢˋ
009841,ㄧˊ ㄍㄜˋ ㄐㄩˋ ㄉㄚˋ ㄉㄜ˙ ㄆㄧˊ ㄗㄤˋ ㄨㄢˊ ㄓㄥˇ ㄉㄜ˙ ㄊㄨㄛ ㄔㄨ ㄉㄨㄛ ㄌㄧˊ ㄐㄧㄝˊ ㄗㄚ ㄅㄧㄥ ㄔㄨㄥˊ ㄍㄨㄥ ㄑㄧㄝ ㄔㄨˇ
009842,ㄓㄨㄥ ㄖㄨㄟˋ ㄍㄨㄢ ㄒㄧ˙ ㄩˋ ㄌㄞˊ ㄩㄢˋ ㄇㄧˋ ㄑㄧㄝˇ ㄒㄩㄜˊ ㄒㄧˊ ㄏㄢˋ ㄩˇ ㄉㄜ˙ ㄖˋ ㄅㄣˇ ㄖㄣˊ ㄧˋ ㄅㄨˊ ㄐㄧˋ ㄑㄧˊ ㄕㄨˋ
009843,ㄍㄨㄢ ㄧㄣ ㄐㄧㄢˋ ㄧˋ ㄅㄨˋ ㄖㄨˊ ㄖㄤˋ ㄌㄧㄤˇ ㄏㄡˊ ㄒㄨㄢˇ ㄗㄜˊ ㄗㄨㄟˋ ㄞˋ ㄉㄜ˙ ㄕㄨㄟˊ ㄍㄨㄛˇ ㄓㄨㄥˋ ㄕㄥ ㄐㄧㄝ ㄇㄧˊ ㄇㄤˊ
009844,ㄉㄤ ㄖㄢˊ ㄕㄤˋ ㄨㄤˊ ㄧㄝˇ ㄅㄨˋ ㄍㄨㄤ ㄕˋ ㄎㄢˋ ㄑㄧˊ ㄧㄝˇ ㄌㄧㄠˊ ㄌㄧㄠˊ ㄊㄧㄢ ㄔㄚˊ ㄔㄚˊ ㄧㄡˊ ㄐㄧㄢˋ ㄕㄣˊ ㄇㄜ˙ ㄉㄜ˙
009845,ㄋㄨㄢˊ ㄋㄨㄢˇ ㄍㄨㄟˋ ㄒㄧㄚˋ ㄌㄜ˙ ㄨㄛˇ ㄗㄞˋ ㄧㄝˇ ㄅㄨˊ ㄈㄢˋ ㄘㄨㄛˋ ㄨㄛˇ ㄌㄜ˙ ㄇㄚ ㄇㄚ˙ ㄋㄧˇ ㄍㄢˊ ㄐㄧㄣˋ ㄑㄩˋ ㄧˊ ㄩㄢˋ ㄅㄚ˙
009846,ㄧㄢˊ ㄐㄧㄡ ㄌㄧㄥˊ ㄕㄨㄛ ㄗˋ ㄕˋ ㄩㄥˋ ㄏㄟ ㄙㄜˋ ㄐㄧˋ ㄏㄠˋ ㄅㄧˊ ㄒㄧㄝˇ ㄉㄜ˙ ㄅㄨˊ ㄕˋ ㄩㄥˋ ㄉㄠ ㄗ˙ ㄎㄜˋ ㄉㄜ˙
009847,ㄕˊ ㄒㄧㄚˋ ㄋㄧˇ ㄅㄟˋ ㄐㄧㄝˇ ㄍㄨˋ ㄌㄜ˙ ㄗㄞˋ ㄇㄟˇ ㄍㄨㄛˊ ㄕㄣˋ ㄨㄟˋ ㄌㄧㄡˊ ㄒㄧㄥˊ ㄔㄥˊ ㄌㄜ˙ ㄧˊ ㄐㄩˋ ㄕˊ ㄇㄠˇ ㄩˊ
009848,ㄒㄧㄥˊ ㄇㄢˇ ㄕˋ ㄈㄤˋ ㄏㄡˋ ㄉㄜ˙ ㄍㄠ ㄧˋ ㄑㄧㄤˊ ㄅㄨˋ ㄙ ㄏㄨㄟˊ ㄍㄞˇ ㄅㄧㄥˋ ㄖㄢˇ ㄕㄤˋ ㄉㄨˋ ㄅㄛˊ ㄉㄜ˙ ㄜˋ ㄒㄧˊ
009849,ㄉㄧˋ ㄦˋ ㄊㄧㄢ ㄧㄡˇ ㄦˋ ㄅㄞˇ ㄌㄧㄥˊ ㄙㄨㄢˋ ㄐㄧㄚ ㄔㄤˇ ㄈㄤˊ ㄏㄜˊ ㄅㄚ ㄅㄞˇ ㄌㄧㄥˊ ㄨˇ ㄐㄧㄚ ㄕㄤ ㄆㄨˋ ㄅㄟˋ ㄉㄧㄥˋ ㄍㄡˋ
009850,ㄋㄧˇ ㄓㄜˋ ㄆㄛˋ ㄈㄣ ㄕㄨˋ ㄐㄧㄡˋ ㄕˋ ㄒㄧㄠˇ ㄕˊ ㄏㄡˋ ㄌㄨㄢˋ ㄑㄧˋ ㄅㄚ ㄗㄠ ㄕㄨ ㄎㄢˋ ㄊㄞˋ ㄉㄨㄛ ㄉㄜ˙ ㄩㄢˊ ㄧㄣ
009851,ㄉㄤ ㄍㄨㄢ ㄓㄣ ㄏㄠˇ ㄕㄣˊ ㄇㄜ˙ ㄉㄡˋ ㄨㄢˊ ㄕㄣˊ ㄇㄜ˙ ㄉㄡ ㄏㄨㄟˋ ㄕㄣˊ ㄇㄜ˙ ㄓㄨㄢˋ ㄑㄧㄢˊ ㄏㄜ ㄏㄜ
009852,ㄗㄞˋ ㄔㄣˊ ㄕㄨㄟˊ ㄅㄧㄢˇ ㄉㄢ ㄖㄣˋ ㄎㄞˊ ㄅㄟˇ ㄕˋ ㄧˋ ㄩㄢˊ ㄕˊ ㄙㄨ ㄏㄨㄢˋ ㄓˋ ㄘㄥˊ ㄉㄢ ㄖㄣˋ ㄅㄧㄢˇ ㄓㄨˋ ㄌㄧˇ
009853,ㄍㄤ ㄎㄞ ㄕˇ ㄊㄚ ㄏㄞˊ ㄌㄧㄢˋ ㄒㄧ ㄍㄨˇ ㄓㄥ ㄧㄣ ㄨㄟˋ ㄊㄢˊ ㄑㄧㄣˊ ㄕㄡˊ ㄓˇ ㄉㄡ ㄇㄛˊ ㄆㄛˋ ㄌㄜ˙ ㄊㄚ ㄩㄝˋ ㄅㄨˋ ㄏㄢˊ ㄎㄨˇ
009854,ㄒㄧˋ ㄒㄧˋ ㄔㄨㄢˇ ㄇㄛˊ ㄙˇ ㄏㄨ ㄧㄝˇ ㄆㄛ ㄨㄟˊ ㄈㄨˊ ㄏㄜˊ ㄓㄥˋ ㄓㄡ ㄏㄨㄤˊ ㄏㄜˊ ㄍㄨㄥ ㄌㄨˋ ㄉㄚˋ ㄑㄧㄠˊ ㄉㄜ˙ ㄑㄧㄢˊ ㄕˋ ㄐㄧㄣ ㄕㄥ
009855,ㄊㄚ ㄒㄧˇ ㄏㄨㄢ ㄎㄞ ㄨㄢˊ ㄒㄧㄠˋ ㄅㄧˇ ㄖㄨˊ ㄨㄛˊ ㄐㄩˇ ㄑㄧㄤ ㄐㄩˇ ㄌㄜ˙ ㄕˊ ㄈㄣ ㄓㄨㄥ ㄊㄚ ㄐㄧㄡˋ ㄗㄡˇ ㄍㄨㄛˋ ㄌㄞˊ ㄕㄨㄛ ㄌㄟˋ ㄅㄚ˙
009856,ㄧㄡˊ ㄩˊ ㄌㄨㄛˋ ㄕㄨㄟˇ ㄏㄡˋ ㄌㄧㄢˊ ㄑㄧㄤˋ ㄌㄜ˙ ㄐㄧˇ ㄎㄡ ㄕㄨㄟˇ ㄕㄤˋ ㄢˋ ㄏㄡˋ ㄉㄜ˙ ㄆㄛˊ ㄆㄛˋ ㄐㄧㄥ ㄏㄨㄥˊ ㄨㄟˋ ㄉㄧㄥˋ ㄌㄧㄝˇ ㄙㄜˋ ㄘㄤ ㄅㄞˊ
009857,ㄒㄧㄣ ㄏㄨㄚˋ ㄕㄜˋ ㄐㄧˋ ㄓㄜˇ ㄗㄨˋ ㄐㄧㄢˋ ㄧˇ ㄙㄡ ㄉㄤ ㄉㄧˋ ㄩˊ ㄔㄨㄢˊ ㄎㄠˋ ㄐㄧㄣˋ ㄌㄜ˙ ㄗㄞˋ ㄑㄧㄢˊ ㄏㄞˇ ㄓㄨㄥ ㄉㄜ˙ ㄓㄨㄥ ㄍㄨㄛˊ ㄩˊ ㄔㄨㄢˊ
009858,ㄒㄧ ㄖˋ ㄊㄨˇ ㄋㄧㄝ ㄉㄧㄢˋ ㄕˊ ㄕㄤˋ ㄌㄚˋ ㄇㄟˋ ㄖㄤˋ ㄉㄚˋ ㄓㄨㄥˋ ㄎㄢˋ ㄉㄠˋ ㄌㄜ˙ ㄧˊ ㄍㄜ˙ ㄅㄨˊ ㄉㄨㄢˋ ㄔㄥˊ ㄓㄤˇ ㄉㄜ˙ ㄏㄞˇ ㄑㄧㄥ
009859,ㄧㄣ ㄨㄟˋ ㄆㄢˊ ㄔㄢˋ ㄐㄧ ㄏㄨˋ ㄏㄠˋ ㄐㄧㄢˋ ㄙㄢ ㄖㄣˊ ㄓˇ ㄋㄥˊ ㄎㄠˋ ㄌㄧㄣˊ ㄐㄩ ㄏㄜˊ ㄅㄠˇ ㄢ ㄉㄜ˙ ㄐㄧㄝ ㄐㄧˋ ㄇㄧㄢˊ ㄑㄧㄤˇ ㄉㄨˋ ㄖˋ
009860,ㄏㄨㄥˊ ㄍㄨㄤ ㄌㄨˋ ㄕㄤˋ ㄉㄜ˙ ㄑㄧㄣˊ ㄜˊ ㄆㄤˊ ㄍㄨㄥ ㄐㄧㄥˇ ㄑㄩ ㄧˊ ㄉㄨˋ ㄖㄤˋ ㄖㄣˊ ㄇㄣ˙ ㄖㄣˋ ㄨㄟˊ ㄓㄜˋ ㄌㄧˇ ㄐㄧㄡˋ ㄕˋ ㄜˋ ㄆㄤˊ ㄍㄨㄥ
009861,ㄓㄜˋ ㄨㄟˋ ㄌㄠˇ ㄅㄛˊ ㄔˊ ㄌㄠˇ ㄖㄣˊ ㄇㄧㄢˇ ㄈㄟ ㄓㄥˋ ㄕㄤˋ ㄔㄜ ㄘㄞˊ ㄐㄩˇ ㄍㄜˋ ㄓㄨㄥˇ ㄅㄢˋ ㄈㄚˇ ㄒㄧㄥˋ ㄙㄠ ㄖㄠˊ ㄋㄩˇ ㄔㄥˊ ㄎㄜˋ
009862,ㄆㄧㄥˊ ㄒㄧㄥˋ ㄉㄜ˙ ㄧㄡˇ ㄕㄢ ㄧㄠˋ ㄅㄞˊ ㄌㄨㄛˊ ㄅㄛ˙ ㄍㄢ ㄕㄨˇ ㄇㄚˋ ㄌㄧㄥˊ ㄕㄨˇ ㄋㄢˊ ㄍㄨㄚ ㄒㄧ ㄏㄨㄥˊ ㄕˋ ㄇㄛˊ ㄍㄨㄛˋ ㄉㄥˇ
009863,ㄓㄜˋ ㄈㄥ ㄎㄨㄤˊ ㄉㄜ˙ ㄧˊ ㄇㄨˋ ㄧㄝˊ ㄒㄩˇ ㄓˊ ㄧㄡˊ ㄉㄥˇ ㄉㄠˋ ㄉㄚˋ ㄔㄠˊ ㄊㄨㄟˋ ㄑㄩˋ ㄌㄨㄛˊ ㄩㄥˊ ㄓㄜˇ ㄘㄞˊ ㄏㄨㄟˋ ㄈㄨˊ ㄔㄨ ㄕㄨㄟˇ ㄋㄧㄢˋ
009864,ㄧˊ ㄏㄡˋ ㄉㄧˋ ㄔㄥˊ ㄊㄨㄥˊ ㄓˋ ㄕㄨㄞˋ ㄅㄨˋ ㄘㄢ ㄐㄧㄚ ㄌㄜ˙ ㄌㄧㄤˇ ㄘˋ ㄌㄧㄢˋ ㄕㄨㄟˊ ㄅㄠˇ ㄨㄟˋ ㄓㄢˋ ㄘㄜˋ ㄧㄥˋ ㄌㄜ˙ ㄙㄨˋ ㄅㄟˇ ㄉㄚˋ ㄓㄢˋ ㄉㄜ˙ ㄕㄥ ㄌㄧˋ
009865,ㄨㄟˋ ㄌㄜ˙ ㄋㄥˊ ㄆㄠˊ ㄑㄧㄝˇ ㄈㄤ ㄅㄧㄢˋ ㄊㄚ ㄇㄣ˙ ㄓˇ ㄅㄟˋ ㄓㄜ˙ ㄐㄧㄢˇ ㄉㄢ ㄉㄜ˙ ㄍㄨㄥ ㄐㄩˋ ㄏㄨˋ ㄒㄧㄤ ㄓㄠˋ ㄧㄥˋ ㄓㄜ˙ ㄋㄥˊ ㄆㄠˇ ㄐㄧㄡˋ ㄆㄠˇ
009866,ㄘㄨㄥˊ ㄑㄧㄢˊ ㄧㄡˇ ㄍㄜ˙ ㄉㄚˋ ㄏㄨㄟ ㄌㄤˊ ㄋㄧˇ ㄘㄞ ㄉㄚˋ ㄏㄨㄟ ㄌㄤˊ ㄕˋ ㄕㄨㄟˊ
009867,ㄕㄡ ㄈㄟˋ ㄋㄧㄢˊ ㄒㄧㄢˋ ㄈㄣ ㄅㄧㄝˊ ㄔˊ ㄒㄩˋ ㄓˋ ㄦˋ ㄌㄧㄥˊ ㄙㄢ ㄦˋ ㄋㄧㄢˊ ㄐㄧˊ ㄦˋ ㄌㄧㄥˊ ㄙˋ ㄌㄧㄥˊ ㄋㄧㄢˇ
009868,ㄖㄨˊ ㄍㄨㄛˇ ㄔ ㄑㄧˇ ㄌㄞˊ ㄈㄟ ㄔㄤˊ ㄒㄧˋ ㄋㄧˇ ㄗㄜˇ ㄕㄨㄛ ㄇㄧㄥˊ ㄩˋ ㄇㄧˊ ㄈㄣˇ ㄐㄧㄚ ㄉㄜ˙ ㄅㄨˋ ㄉㄨㄛ
009869,ㄖㄣˊ ㄇㄣ˙ ㄓˇ ㄏㄨㄟˋ ㄆㄟˋ ㄈㄨˊ ㄋㄚˋ ㄒㄧㄝ ㄧㄡˇ ㄔㄨㄤˋ ㄗㄠˋ ㄒㄧㄥˋ ㄍㄨㄥˋ ㄐㄧㄢˋ ㄉㄜ˙ ㄖㄣˊ
009870,ㄐㄧㄠ ㄍㄨㄥ ㄌㄧㄤˊ ㄨㄛˇ ㄅㄚˇ ㄗㄨㄟˋ ㄏㄠˇ ㄉㄜ˙ ㄒㄧㄠˇ ㄇㄞˋ ㄩˋ ㄇㄧˇ ㄗㄨㄥˋ ㄉㄠˋ ㄌㄧㄢˊ ㄍㄨㄢˊ ㄙㄨㄛˇ
009871,ㄅㄨˊ ㄏㄨㄟˋ ㄧㄚˋ ㄓㄨˇ ㄖㄣˊ ㄇㄚˋ ㄖㄣˊ ㄕˋ ㄅㄨˊ ㄉㄨㄟˋ ㄉㄜ˙
009872,ㄘㄠˊ ㄏㄨㄥˊ ㄌㄧㄤˋ ㄕㄨㄛ ㄏㄞˊ ㄧㄡˊ ㄐㄧˇ ㄍㄜ˙ ㄎㄨㄥ ㄓㄜ˙ ㄇㄟˊ ㄍㄨㄢ ㄒㄧ˙ ㄖㄤˋ ㄨㄛˇ ㄔㄠ ㄔㄠˋ
009873,ㄓㄠˋ ㄍㄨ ㄋㄧㄤ˙ ㄅㄟˊ ㄓㄜˇ ㄍㄜ˙ ㄕㄨㄤ ㄐㄧㄢ ㄅㄠ ㄗㄨㄛˋ ㄒㄧㄚˋ ㄕˊ ㄕㄨㄣˋ ㄕˋ ㄈㄤˋ ㄗㄞˋ ㄧˋ ㄅㄧㄢ
009874,ㄨㄛˇ ㄕㄨㄛ ㄧㄢˋ ㄅㄨˊ ㄒㄧㄚˋ ㄓㄜ˙ ㄎㄡˇ ㄑㄧˋ
009875,ㄇㄚ ㄙ ㄑㄧㄥˊ ㄕㄨ ㄋㄚ˙
009876,ㄧㄥ ㄍㄞ ㄕˋ ㄅㄧˇ ㄇㄛˋ ㄓˇ ㄧㄢˋ ㄅㄚ˙
009877,ㄩˊ ㄇㄟˊ ㄐㄩㄜˊ ㄉㄧㄥˋ ㄆㄠ ㄈㄨˋ ㄔㄢˇ
009878,ㄨㄛˇ ㄅㄨˋ ㄔ ㄋㄧˇ ㄋㄚˋ ㄊㄠˋ
009879,ㄗㄡˇ ㄔㄚˋ ㄅㄨˊ ㄉㄨㄛ ㄐㄧˇ ㄈㄣ ㄓㄨㄥ
009880,ㄉㄠˋ ㄕㄨㄟˇ ㄉㄜ˙ ㄒㄩㄜˊ ㄕㄥ ㄓˇ ㄊㄧㄥ ㄉㄠˋ ㄑㄧㄢˊ ㄅㄢˋ ㄐㄩˋ ㄗㄨㄣ ㄑㄧˊ ㄇㄧㄥˋ ㄗㄞˋ ㄑㄧㄥ ㄑㄧˋ ㄩˊ ㄕㄨㄟˇ ㄅㄧㄢ ㄉㄠˋ ㄅㄧㄢ ㄐㄧㄠˋ ㄑㄩ ㄋㄧˇ ㄉㄜ˙
009881,ㄌㄧㄤˇ ㄖㄣˊ ㄧˋ ㄔㄤˇ ㄜˋ ㄉㄡˋ ㄕㄥˋ ㄈㄨˋ ㄋㄢˊ ㄈㄣ ㄓˊ ㄏㄠˊ ㄅㄚˇ ㄇㄠˊ ㄊㄡˊ ㄉㄨㄟˋ ㄓㄨㄣˇ ㄗㄞˋ ㄉㄨˊ ㄧㄥ ㄩˇ ㄍㄜ˙ ㄒㄧㄝˋ ㄐㄧㄥˇ ㄩㄢ ㄉㄠˋ ㄋㄧˇ ㄋㄜ˙
009882,ㄓㄡ ㄅㄧㄢ ㄐㄩ ㄇㄧㄣˊ ㄕˊ ㄔㄤˊ ㄏㄨㄟˋ ㄎㄢˋ ㄉㄠˋ ㄧㄡˇ ㄧㄢ ㄑㄧˋ ㄘㄨㄥˊ ㄌㄩˊ ㄔㄤˇ ㄌㄧㄥˊ ㄌㄧˋ ㄉㄜ˙ ㄉㄚˋ ㄧㄢ ㄗㄨㄥˋ ㄓㄨㄥ ㄆㄞˊ ㄔㄨ
009883,ㄕˊ ㄖㄣˋ ㄕㄣ ㄓㄣˋ ㄕˋ ㄙ ㄈㄚˇ ㄐㄩˊ ㄈㄨˋ ㄐㄩˊ ㄓㄤˇ ㄉㄜ˙ ㄒㄩˊ ㄐㄧㄢˋ ㄕㄡˋ ㄇㄧㄥˋ ㄕㄜˋ ㄐㄧˋ ㄧˊ ㄊㄠˋ ㄓㄥˋ ㄍㄞˇ ㄈㄤ ㄢˋ
009884,ㄑㄧㄢˊ ㄨㄟˇ ㄔㄤˊ ㄉㄨㄟˋ ㄧㄣˇ ㄕˊ ㄘㄨㄥˊ ㄅㄨˋ ㄊㄧㄠ ㄊㄧ˙ ㄐㄧˋ ㄅㄨˋ ㄔㄡ ㄧㄢ ㄧㄝˇ ㄅㄨˋ ㄏㄜ ㄐㄧㄡˇ ㄧㄣˇ ㄔㄚˊ ㄧㄝˇ ㄅㄨˋ ㄐㄧㄤˇ ㄐㄧㄡ˙
009885,ㄧˇ ㄏㄡˋ ㄨㄛˇ ㄕㄥ ㄖˋ ㄐㄧㄡˋ ㄅㄨˋ ㄋㄥˊ ㄌㄧㄥˊ ㄌㄧˇ ㄨˋ ㄌㄜ˙ ㄏㄜ ㄏㄜ ㄎㄜˇ ㄋㄥˊ ㄊㄚ ㄕˋ ㄨㄟˋ ㄌㄜ˙ ㄕㄥˊ ㄌㄧˇ ㄨˋ ㄅㄚ˙
009886,ㄑㄧˊ ㄍㄜ˙ ㄖㄣˊ ㄇㄧㄢˋ ㄇㄧㄢˋ ㄒㄧㄤ ㄑㄩˋ ㄖㄢˊ ㄏㄨㄛˋ ㄕㄨㄛ ㄋㄧˊ ㄗㄡˇ ㄘㄨㄛˋ ㄉㄧˋ ㄈㄤˋ ㄌㄜ˙ ㄨㄛˇ ㄇㄣ˙ ㄕˋ ㄏㄨˊ ㄌㄨˋ ㄨㄚˊ
009887,ㄨ ㄧㄚ ㄉㄜ˙ ㄙˇ ㄕˋ ㄗˋ ㄐㄧˇ ㄗㄠ ㄔㄥˊ ㄉㄜ˙ ㄩㄣˊ ㄧㄣ ㄓˇ ㄗㄞˋ ㄩˊ ㄊㄚ ㄇㄟˊ ㄧㄡˇ ㄗㄨㄛˋ ㄉㄧㄠˋ ㄔㄚˊ ㄕˋ ㄊㄤˋ ㄏㄨㄛˊ ㄉㄨㄥˋ
009888,ㄐㄧㄝˊ ㄓˋ ㄇㄨˋ ㄑㄧㄢˊ ㄨㄚ ㄐㄩㄜˊ ㄍㄨㄥ ㄗㄨㄛˋ ㄧˇ ㄐㄧㄥ ㄐㄧㄝˊ ㄕㄨˋ ㄇㄨˋ ㄑㄧㄢˊ ㄧㄚ ㄌㄨˋ ㄐㄧ ㄓㄥˋ ㄗㄞˋ ㄏㄤ ㄕˊ ㄉㄧˋ ㄐㄧ
009889,ㄍㄢ ㄖㄣˊ ㄕˋ ㄊㄧˊ ㄒㄧㄥˇ ㄅㄨˊ ㄧㄠˋ ㄙㄨㄟˊ ㄧˋ ㄧˊ ㄑㄧˋ ㄑㄨㄢˇ ㄓ ㄍㄟˋ ㄕˋ ㄇㄧㄣˊ ㄔㄨ ㄒㄧㄥˊ ㄉㄞˋ ㄌㄞˊ ㄢ ㄑㄨㄢ ㄧㄣˇ ㄏㄨㄢˋ
009890,ㄓㄜˋ ㄌㄟˋ ㄨㄣˊ ㄗ˙ ㄉㄜ˙ ㄊㄨˊ ㄇㄛˇ ㄍㄨㄥ ㄐㄩˋ ㄅㄨˊ ㄗㄞˋ ㄕˋ ㄐㄧ ㄏㄠˋ ㄅㄧˇ ㄦˊ ㄕˊ ㄌㄟˋ ㄙˋ ㄇㄟˊ ㄏㄨㄟ ㄉㄜ˙ ㄨˋ ㄓˋ
009891,ㄋㄢˊ ㄧㄡˇ ㄕˋ ㄓㄜˋ ㄧㄤˋ ㄨㄛˇ ㄐㄧˋ ㄉㄜ˙ ㄨㄛˇ ㄕˋ ㄗㄞˋ ㄧˊ ㄍㄜˋ ㄩㄝˋ ㄙㄣˋ ㄇㄥˊ ㄇㄡˊ ㄉㄡ ㄨㄢˇ ㄕㄤˋ ㄒㄧㄚˋ ㄋㄧˇ ㄑㄧㄡˊ ㄉㄜ˙ ㄏㄨㄣ
009892,ㄐㄧㄥˇ ㄈㄤ ㄔㄚˊ ㄒㄩㄋˊ ㄌㄜ˙ ㄨˋ ㄌㄧㄠˋ ㄌㄧㄥˊ ㄐㄩˇ ㄉㄢ ㄐㄩˋ ㄖˋ ㄑㄧ ㄩˇ ㄢ ㄓㄨㄤ ㄕˊ ㄐㄧㄢ ㄒㄧㄤ ㄈㄨˊ
009893,ㄐㄧˋ ㄒㄧ ㄓㄜˋ ㄍㄜ˙ ㄌㄧㄡˊ ㄉㄨㄥˋ ㄉㄜ˙ ㄌㄨㄛˋ ㄊㄨㄛ˙ ㄓㄠˋ ㄒㄧㄤˋ ㄊㄢ ㄅㄧㄥˋ ㄨㄟˋ ㄅㄢˋ ㄌㄧˇ ㄖㄣˋ ㄏㄜˊ ㄕㄡˇ ㄒㄩˋ
009894,ㄊㄨㄥˊ ㄕˊ ㄧˋ ㄙㄨㄢˋ ㄢˋ ㄉㄜ˙ ㄉㄧㄢˋ ㄗˊ ㄅㄢˇ ㄧㄝˇ ㄐㄧㄤ ㄕㄤˋ ㄨㄤˇ ㄖㄣˋ ㄏㄜˊ ㄖㄣˊ ㄉㄡ ㄎㄜˊ ㄧˇ ㄔㄚˊ ㄩㄝˋ
009895,ㄑㄧˇ ㄔㄨ ㄏㄜˊ ㄔㄥˋ ㄇㄧㄥˊ ㄌㄡˇ ㄓㄜ˙ ㄧˊ ㄨㄟˋ ㄋㄩˇ ㄒㄧㄥˋ ㄧㄡˇ ㄖㄣˊ ㄉㄜ˙ ㄍㄜ ㄅㄛ˙ ㄅㄧㄢ ㄗㄡˇ ㄅㄧㄢˋ ㄌㄧㄠˊ
009896,ㄋㄥˊ ㄅㄟˋ ㄒㄨㄢˇ ㄗㄨㄛˋ ㄐㄧ ㄒㄧㄣ ㄍㄜˊ ㄗˋ ㄌㄧㄠˋ ㄉㄜ˙ ㄕㄡ ㄘㄤˊ ㄓㄜˇ ㄧㄝˋ ㄌㄨˋ ㄕㄣ ㄍㄢˇ ㄖㄨㄥˊ ㄒㄧㄥˋ
009897,ㄓㄜˋ ㄏㄜˊ ㄍㄠ ㄘㄥˊ ㄍㄨㄢˊ ㄌㄧˊ ㄓㄜˇ ㄐㄧㄥ ㄕㄣˊ ㄧㄚ ㄌㄧˋ ㄉㄚˋ ㄧㄥˋ ㄔㄡˊ ㄉㄨㄛ ㄧㄡˊ ㄏㄣˇ ㄉㄚˋ ㄍㄨㄢ ㄒㄧ˙
009898,ㄗㄢˊ ㄇㄣ˙ ㄇㄨˋ ㄇㄧㄣˊ ㄑㄩㄋˊ ㄓㄨㄥˋ ㄊㄜˋ ㄅㄧㄝˊ ㄖㄜˋ ㄒㄧㄣ ㄊㄜˋ ㄅㄧㄝˊ ㄏㄠˋ ㄎㄜˋ ㄈㄟ ㄔㄤˊ ㄕㄢˋ ㄌㄧㄤ˙
009899,ㄇㄟˇ ㄧˊ ㄍㄜˋ ㄏㄨㄛˇ ㄐㄧㄢˋ ㄍㄨㄢ ㄉㄡ ㄕㄨㄣˋ ㄌㄧˋ ㄉㄜ˙ ㄕㄥ ㄕㄤˋ ㄑㄩˋ ㄌㄜ˙ ㄖㄢˊ ㄖㄢˇ ㄖㄨㄛˋ ㄒㄧㄥ ㄍㄨㄤ
009900,ㄇㄟˇ ㄊㄧㄢ ㄅㄚˇ ㄌㄠˊ ㄙㄠ ㄇㄚˊ ㄔㄨ ㄌㄞ˙ ㄕㄞˋ ㄕㄜˋ ㄊㄞˋ ㄧㄤ˙ ㄒㄧㄣ ㄑㄧㄥˊ ㄐㄧㄡˋ ㄅㄨˊ ㄏㄨㄟˋ ㄑㄩㄜˋ ㄍㄞˋ
009901,ㄗㄨㄛˊ ㄖˋ ㄓㄜˋ ㄇㄧㄥˊ ㄕㄤ ㄓㄜˊ ㄩˇ ㄧ ㄕㄥ ㄑㄨㄢˊ ㄅㄨˋ ㄨㄟˋ ㄐㄧㄥˇ ㄈㄤ ㄧ ㄈㄚˇ ㄒㄧㄥˊ ㄕˋ ㄐㄩ ㄌㄧㄡˊ
009902,ㄑㄧㄢˊ ㄨㄟˇ ㄔㄤˊ ㄒㄧㄤˇ ㄉㄠˋ ㄕㄤˋ ㄏㄞˇ ㄌㄞˊ ㄅㄢˋ ㄒㄩㄜˊ ㄒㄧㄠˋ ㄕˊ ㄐㄧㄣ ㄍㄨㄛˋ ㄕㄣ ㄙ ㄕㄨˊ ㄌㄩˋ ㄉㄜ˙
009903,ㄊㄚ ㄐㄧㄢˋ ㄨㄛˇ ㄧˊ ㄐㄧㄣˋ ㄇㄣˊ ㄐㄧㄡˋ ㄇㄚˋ ㄔ ㄈㄢˋ ㄕˊ ㄧㄝˇ ㄇㄚ˙ ㄇㄚˋ ㄉㄜ˙ ㄨㄛˇ ㄊㄞˊ ㄅㄨˋ ㄑㄧˇ ㄊㄡˊ
009904,ㄌㄧˇ ㄕㄨˋ ㄉㄜˊ ㄗㄞˋ ㄌㄧˊ ㄎㄞ ㄓ ㄑㄧㄢˊ ㄓˇ ㄕㄨㄛ ㄌㄜ˙ ㄧˊ ㄐㄩˋ ㄓㄨˋ ㄊㄨㄛˊ ㄕㄚ ㄈㄨˋ ㄑㄧㄥˇ ㄌㄜ˙
009905,ㄓㄜˋ ㄓㄨㄥˇ ㄔㄜ ㄆㄧㄠˋ ㄏㄜˊ ㄅㄠˊ ㄒㄧㄢˇ ㄉㄢ ㄎㄨㄣˊ ㄅㄤˇ ㄔㄨ ㄕㄡˋ ㄕㄨˇ ㄩˊ ㄔㄨㄥˊ ㄈㄨˋ ㄒㄧㄥˋ ㄍㄡˋ ㄇㄞˇ
009906,ㄉㄞˋ ㄅㄧㄢˋ ㄋㄧˊ ㄉㄜ˙ ㄋㄢˊ ㄧㄡˇ ㄒㄧㄣ ㄇㄧˇ ㄌㄨˋ ㄐㄧㄝˋ ㄔㄤˋ ㄑㄧㄥˊ ㄍㄜ ㄖㄤˇ ㄊㄚ ㄈㄟ ㄔㄤˇ ㄎㄞ ㄒㄧㄣ
009907,ㄍㄨㄢ ㄉㄚˋ ㄕˋ ㄇㄡˊ ㄉㄚˋ ㄐㄩˊ ㄔㄨ ㄉㄚˋ ㄘㄜˋ ㄕˇ ㄓㄨㄥ ㄕˋ ㄍㄞ ㄩㄢˋ ㄉㄜ˙ ㄅㄢˋ ㄩㄢˋ ㄈㄤ ㄓㄣ
009908,ㄊㄚ ㄇㄣ˙ ㄑㄧˊ ㄓㄜˋ ㄇㄛˊ ㄊㄨㄛ ㄏㄨㄟˊ ㄐㄧㄚ ㄓㄥˋ ㄏㄠˇ ㄨㄟˋ ㄋㄥˊ ㄇㄤˊ ㄕˊ ㄉㄜ˙ ㄈㄨˋ ㄇㄨˇ ㄅㄤ ㄇㄤˊ
009909,ㄉㄢˋ ㄕˋ ㄧㄣ ㄨㄟˋ ㄏㄞˊ ㄇㄟˊ ㄉㄠˋ ㄊㄨㄟˋ ㄐㄧㄡˋ ㄋㄧㄢˊ ㄌㄧㄥˊ ㄓˇ ㄋㄥˊ ㄅㄞ ㄓㄜ˙ ㄓˇ ㄊㄡ ㄏㄞˊ ㄖˋ ㄗ˙
009910,ㄓㄜˋ ㄐㄧˇ ㄊㄧㄢ ㄩˊ ㄕㄨㄟˇ ㄅㄨˊ ㄉㄨㄢˋ ㄖㄣˊ ㄇㄜ˙ ㄏㄣˋ ㄅㄨˋ ㄉㄜ˙ ㄉㄞ ㄗㄞˋ ㄐㄧㄚ ㄌㄧˇ ㄅㄨˋ ㄔㄨ ㄇㄣˊ
009911,ㄇㄟˊ ㄒㄧㄤˇ ㄉㄠˋ ㄒㄩˊ ㄩㄣ ㄓㄤ ㄏㄞˇ ㄒㄧㄤˊ ㄌㄧㄤˇ ㄖㄣˊ ㄐㄧㄡˋ ㄘˇ ㄨㄢˊ ㄑㄧˇ ㄌㄜ˙ ㄖㄣˊ ㄐㄧㄢ ㄓㄥ ㄈㄚ
009912,ㄊㄥˊ ㄘㄨㄣ ㄘˇ ㄈㄢ ㄈㄚ ㄧㄢˊ ㄎㄜˇ ㄋㄥˊ ㄕˋ ㄨㄟˋ ㄌㄜ˙ ㄊㄨ ㄒㄧㄢˇ ㄧㄝˇ ㄊㄧㄢˊ ㄉㄜ˙ ㄌㄧㄥˊ ㄉㄠˋ ㄋㄥˊ ㄌㄧˋ
009913,ㄔㄥˊ ㄔㄤˊ ㄍㄥ ㄕㄥ ㄗㄞˋ ㄑㄧㄥ ㄨㄤˊ ㄔㄠˊ ㄐㄧㄚ ㄑㄧㄥˋ ㄋㄧㄢˊ ㄐㄧㄢ ㄖㄣˊ ㄏㄨㄟˊ ㄉㄜ˙ ㄑㄧㄢˊ ㄕㄢ ㄒㄧㄠˇ ㄒㄧㄢˋ
009914,ㄋㄢˊ ㄏㄞˊ ㄏㄞˇ ㄩˋ ㄗㄨㄥ ㄏㄜˊ ㄅㄨˊ ㄐㄧˇ ㄐㄧ ㄉㄧˋ ㄇㄚˇ ㄊㄡˊ ㄒㄧㄤˋ ㄇㄨˋ ㄓㄥˋ ㄗㄞˋ ㄌㄨㄣˋ ㄓㄥˋ ㄓㄨㄥ
009915,ㄧㄝˇ ㄐㄧㄡˋ ㄕˋ ㄕㄨㄛ ㄐㄧㄣ ㄨㄢˇ ㄔㄨㄥˊ ㄅㄨˋ ㄕˋ ㄇㄧㄣˊ ㄐㄧˊ ㄧㄡˊ ㄎㄜˇ ㄋㄥˊ ㄗㄞˋ ㄘˋ ㄎㄢˋ ㄉㄠˋ ㄆㄧㄠ ㄒㄩㄜˇ
009916,ㄙㄨㄟˊ ㄓㄜ˙ ㄊㄧㄢ ㄐㄧˋ ㄓㄨㄢˇ ㄖㄜˋ ㄍㄜˋ ㄉㄧˋ ㄉㄜ˙ ㄧㄡˊ ㄩㄥˋ ㄔㄤˊ ㄙㄨㄛˇ ㄎㄞ ㄕˇ ㄖㄢˊ ㄊㄡˊ ㄘㄨㄢˊ ㄉㄨㄥˋ
009917,ㄍㄡˋ ㄖㄤˋ ㄒㄩˋ ㄒㄧㄢ ㄕㄥ˙ ㄋㄚˋ ㄇㄣˋ ㄉㄜ˙ ㄕˋ ㄈㄤˊ ㄎㄜˋ ㄉㄜ˙ ㄕㄡˇ ㄐㄧㄝˋ ㄧㄚˋ ㄉㄚˇ ㄅㄨˊ ㄊㄨㄥ ㄌㄜ˙
009918,ㄩˋ ㄉㄠˋ ㄉㄧㄢ ㄅㄛˇ ㄕˊ ㄧㄥ ㄊㄧㄥ ㄘㄨㄥˊ ㄔㄥˊ ㄨˋ ㄩㄢˊ ㄉㄜ˙ ㄢ ㄑㄨㄢˊ ㄓˇ ㄌㄧㄥˋ ㄏㄨㄟˊ ㄗㄨㄛˋ ㄨㄟˋ ㄗㄨㄛˋ ㄏㄠˇ
009919,ㄊㄚ ㄗㄞˋ ㄏㄡˋ ㄇㄧㄢˋ ㄉㄞ ㄍㄨㄢˋ ㄌㄜ˙ ㄊㄚ ㄗˋ ㄐㄧˇ ㄧˋ ㄔㄚ ㄕㄣ ㄏㄡˋ ㄉㄜ˙ ㄖㄣˊ ㄏㄨㄟˋ ㄅㄨˋ ㄇㄢˇ ㄅㄨˋ ㄍㄢˇ ㄆㄞˊ ㄐㄧㄣˋ ㄑㄩˋ
009920,ㄅㄤˋ ㄨㄢˇ ㄒㄧ ㄍㄜ˙ ㄒㄧㄠˇ ㄖㄣˊ ㄏㄨㄟˊ ㄌㄞˋ ㄌㄜ˙ ㄉㄞˋ ㄒㄧㄠˇ ㄍㄨㄥ ㄓㄨˇ ㄕㄨㄛ ㄋㄧˇ ㄇㄣˊ ㄐㄧㄡˋ ㄕˋ ㄨㄛˇ ㄇㄧㄥˋ ㄓㄨㄥ ㄉㄜ˙ ㄑㄧ ㄍㄜ˙ ㄐㄧㄠ ㄞˋ ㄩㄢˊ ㄅㄚ˙
009921,ㄊㄚ ㄇㄣˊ ㄒㄧㄤˇ ㄕㄨㄛ ㄐㄧㄠˋ ㄩˋ ㄐㄩˊ ㄍㄨㄢˇ ㄓㄜˋ ㄍㄜ˙ ㄊㄚ ㄇㄣ˙ ㄕˋ ㄧˊ ㄌㄨˋ ㄉㄜ˙ ㄓㄜˋ ㄧㄤˋ ㄧˋ ㄍㄨㄢˇ ㄑㄧˇ ㄅㄨˊ ㄕˋ ㄐㄧㄣˋ ㄋㄩˊ ㄑㄧˇ ㄆㄧㄠˊ ㄎㄜˋ
009922,ㄧˋ ㄓㄨㄥˊ ㄅㄧㄠˇ ㄕˋ ㄕㄤ ㄆㄧˇ ㄙㄨㄛˊ ㄧㄡˇ ㄑㄨㄢˊ ㄉㄜ˙ ㄘㄞˊ ㄨˋ ㄓㄥˋ ㄑㄨㄢˋ ㄧㄝˇ ㄔㄥ ㄕㄤ ㄆㄧㄣˇ ㄓㄥˋ ㄑㄨㄢˋ ㄖㄨˊ ㄊㄧˊ ㄏㄨㄛˋ ㄉㄢ ㄐㄧㄠ ㄏㄨㄛˋ ㄉㄢ
009923,ㄏㄨㄟˋ ㄧㄡˊ ㄏㄣˇ ㄈㄥ ㄈㄨˋ ㄉㄜ˙ ㄉㄨㄥ ㄒㄧ˙ ㄌㄧㄡˊ ㄒㄧㄚˋ ㄌㄞˊ ㄕㄨㄛ ㄉㄡˋ ㄕㄨㄛ ㄅㄨˋ ㄨㄢˊ
009924,ㄓㄜˋ ㄐㄩˋ ㄏㄨㄚˋ ㄒㄧㄤˋ ㄘㄨㄥˊ ㄊㄧㄢ ㄦˊ ㄐㄧㄤˋ ㄒㄧㄚˋ ㄉㄜ˙ ㄙˋ ㄓㄡ ㄧˊ ㄆㄧㄢˋ ㄐㄧˋ ㄐㄧㄥˋ
009925,ㄐㄧˋ ㄓㄜˊ ㄙㄨㄛˇ ㄗㄞˋ ㄉㄜ˙ ㄕˋ ㄕㄡˋ ㄏㄞˇ ㄖㄣˊ ㄐㄧㄚ ㄕㄨ ㄗㄨㄛˇ ㄗㄞˋ ㄉㄜ˙ ㄧㄡˋ ㄑㄩ ㄩˋ
009926,ㄅㄨˋ ㄍㄨㄢˇ ㄏㄚ ㄉㄚˋ ㄧㄝˊ ㄑㄩˋ ㄋㄚˇ ㄊㄚ ㄉㄡ ㄧˊ ㄅㄨˋ ㄅㄨˋ ㄌㄧˊ ㄉㄜ˙ ㄍㄣ ㄓㄜ˙
009927,ㄉㄚˋ ㄐㄧㄚ ㄊㄞˊ ㄊㄡˊ ㄨㄤˋ ㄑㄩˋ ㄧˋ ㄓ ㄌㄠˊ ㄕㄨˇ ㄓㄥˋ ㄆㄚ ㄗㄞˋ ㄉㄧㄠˋ ㄉㄧㄥˇ ㄕㄤˋ
009928,ㄨㄛˇ ㄐㄩㄜˊ ㄉㄧㄥˋ ㄍㄨㄛˋ ㄋㄧㄢˊ ㄐㄧㄡˋ ㄘˊ ㄓˊ ㄐㄧㄝ ㄕㄡˊ ㄨㄛˇ ㄅㄚˋ ㄉㄜ˙ ㄈㄟˋ ㄆㄧㄣˇ ㄓㄢˋ
009929,ㄗㄨㄟˋ ㄓㄨㄥ ㄓㄨㄥ ㄍㄨㄛˊ ㄋㄢˊ ㄗˇ ㄆㄧㄥ ㄆㄤ ㄑㄧㄡˊ ㄉㄨㄟˋ ㄏㄨㄛˋ ㄉㄜ˙ ㄘˊ ㄐㄧㄤˇ ㄒㄧㄤˋ
009930,ㄈㄤˊ ㄒㄩㄋˋ ㄎㄤˋ ㄏㄢˋ ㄌㄧㄤˊ ㄕㄡˇ ㄓㄨㄚ ㄎㄤˋ ㄏㄢˋ ㄒㄧㄤ ㄉㄨㄟˋ ㄓㄨㄚ ㄉㄜ˙ ㄅㄨˊ ㄍㄡˋ
009931,ㄊㄨˊ ㄇㄣˊ ㄐㄧㄤ ㄒㄧㄚˋ ㄧㄡˊ ㄉㄧˋ ㄑㄩ ㄎㄞ ㄈㄚ ㄎㄞ ㄈㄤˋ ㄉㄜ˙ ㄐㄧㄣˋ ㄓㄢˇ ㄖㄨˊ ㄏㄜˊ
009932,ㄓㄜˋ ㄧㄠ ㄑㄧㄡˊ ㄓㄨㄥ ㄍㄨㄛˊ ㄅㄧˋ ㄒㄩ ㄧㄡˇ ㄧˊ ㄍㄜˋ ㄐㄧㄢ ㄑㄧㄤˊ ㄉㄜ˙ ㄓㄥˋ ㄉㄤˇ ㄌㄧㄥˊ ㄉㄠˇ
009933,ㄗㄞˋ ㄕㄨㄛ ㄍㄨㄢ ㄩˊ ㄌㄧˋ ㄧˋ ㄕㄤˋ ㄉㄜ˙ ㄕˋ ㄢ ㄌㄧㄚˇ ㄉㄡ ㄅㄨˋ ㄏㄠˇ ㄎㄞ ㄎㄡˇ
009934,ㄇㄧㄥˊ ㄉㄞˋ ㄨㄚˇ ㄌㄚˋ ㄉㄚˊ ㄉㄚˊ ㄖㄨˋ ㄑㄧㄣ ㄇㄧㄥˊ ㄐㄧㄥˋ ㄧㄝˇ ㄕˋ ㄊㄨㄥ ㄍㄨㄛˋ ㄘˇ ㄉㄧˋ
009935,ㄋㄧˊ ㄇㄧˊ ㄊㄧㄢˇ ㄓㄜ˙ ㄏㄞˊ ㄗ˙ ㄉㄚˇ ㄎㄞ ㄕㄣ ㄕㄤˋ ㄉㄜ˙ ㄇㄠˊ ㄊㄧㄢˇ ㄍㄢ ㄐㄧㄥˋ
009936,ㄕˋ ㄈㄡˇ ㄓㄜˋ ㄘˋ ㄉㄜ˙ ㄍㄨㄛˊ ㄅㄧㄠ ㄒㄧㄡ ㄉㄧㄥˋ ㄅㄟˋ ㄉㄚˋ ㄑㄧˇ ㄧㄝˊ ㄅㄤˇ ㄐㄧㄚˋ ㄌㄜ˙
009937,ㄆㄢˋ ㄐㄩㄜˊ ㄏㄡˋ ㄧㄠˊ ㄇㄡˇ ㄑㄧ ㄗ˙ ㄏㄨˊ ㄇㄡˇ ㄅㄨˋ ㄈㄨˊ ㄊㄧˊ ㄑㄧˇ ㄕㄤˋ ㄙㄨˋ
009938,ㄧㄡˊ ㄘˇ ㄎㄜˊ ㄧˇ ㄎㄢˋ ㄔㄨ ㄏㄢˊ ㄍㄤ ㄉㄜ˙ ㄐㄧㄥ ㄐㄧˋ ㄒㄧㄠˋ ㄧˋ ㄌㄞˊ ㄗˋ ㄏㄜˊ ㄔㄨˋ
009939,ㄌㄧㄣˊ ㄉㄚˋ ㄕㄨㄛ ㄕˋ ㄩˊ ㄐㄧㄚ ㄍㄞˇ ㄅㄧㄢˋ ㄌㄜ˙ ㄊㄚ ㄏㄜˊ ㄇㄚˇ ㄦˊ ㄉㄜ˙ ㄕㄥ ㄏㄨㄛˊ
009940,ㄌㄡˊ ㄒㄧㄚˋ ㄉㄜ˙ ㄅㄠˇ ㄢ ㄍㄠˋ ㄙㄨˋ ㄐㄧˋ ㄓㄜˇ ㄓㄜˋ ㄌㄧˇ ㄅㄨˋ ㄗㄨ ㄧㄝˇ ㄅㄨˊ ㄇㄞˋ
009941,ㄒㄧˊ ㄐㄧㄣˋ ㄆㄧㄥˊ ㄕㄨㄛ ㄓㄨㄥ ㄙ ㄌㄧㄤˇ ㄍㄨㄛˊ ㄖㄣˊ ㄇㄧㄣˊ ㄔㄨㄢˊ ㄊㄨㄥˊ ㄧㄡˇ ㄧˋ ㄕㄣ ㄏㄡˋ
009942,ㄔㄨㄢˊ ㄨㄣˊ ㄩㄝˋ ㄌㄞˊ ㄩㄝˋ ㄉㄨㄛ ㄏㄡˋ ㄌㄞˊ ㄌㄧㄢˊ ㄌㄠˇ ㄊㄚˋ ㄗˋ ㄐㄧˇ ㄉㄡ ㄆㄚˋ ㄌㄜ˙
009943,ㄨㄛˇ ㄋㄨˋ ㄏㄡˊ ㄧˋ ㄕㄥ ㄔㄨㄥ ㄕㄤˋ ㄑㄩˋ ㄐㄩˊ ㄑㄧˇ ㄓㄨㄢ ㄊㄡ˙ ㄗㄚˊ ㄌㄜ˙ ㄍㄨㄛˋ ㄑㄩˋ
009944,ㄨㄛˇ ㄒㄧㄢˋ ㄗㄞˋ ㄏㄞˊ ㄅㄨˊ ㄏㄨㄟˋ ㄓㄜˋ ㄐㄧㄡˋ ㄏㄨㄟˊ ㄑㄩˋ ㄨㄣˋ ㄨㄣˋ ㄈㄚ ㄇㄧㄥˊ ㄨㄛˇ ㄉㄜ˙ ㄖㄣˊ
009945,ㄒㄧㄢˇ ㄖㄢˊ ㄌㄨㄛˋ ㄧㄤˊ ㄒㄧㄥˋ ㄇㄨˋ ㄢˋ ㄅㄨˊ ㄐㄩˋ ㄅㄟˋ ㄕㄤˋ ㄕㄨˋ ㄌㄧㄢˇ ㄉㄜ˙ ㄑㄧㄢˊ ㄊㄧˊ
009946,ㄌㄧㄥˋ ㄨㄞˋ ㄐㄧㄝˊ ㄏㄜˋ ㄒㄩㄋˋ ㄧㄡˇ ㄨㄣˊ ㄔㄨㄣˊ ㄒㄧㄢˋ ㄧㄢˇ ㄒㄧㄢˋ ㄇㄟˊ ㄇㄠˋ ㄉㄜ˙ ㄉㄨㄥˋ ㄗㄨㄛˋ
009947,ㄗㄨㄛˊ ㄨㄢˇ ㄏㄨㄚˊ ㄒㄧ ㄉㄨ ㄕˋ ㄇㄠˋ ㄐㄧˋ ㄓㄜˇ ㄉㄧㄢˋ ㄏㄨㄚˋ ㄘㄞˊ ㄈㄤˇ ㄌㄜ˙ ㄧㄣˇ ㄑㄧˊ
009948,ㄧㄝˋ ㄌㄚ ㄐㄧˋ ㄎㄜˋ ㄨㄟˋ ㄊㄡ ㄌㄨˋ ㄓㄜˋ ㄒㄧㄝ ㄏㄤˊ ㄍㄨㄥ ㄍㄨㄥ ㄙ ㄨㄣˋ ㄇㄧㄥˊ ㄔㄥ
009949,ㄘㄨㄥˊ ㄩㄣˋ ㄒㄧㄥˊ ㄍㄨㄟˇ ㄐㄧˋ ㄕㄤˋ ㄌㄞˊ ㄕㄨㄛ ㄊㄚ ㄧㄝˇ ㄅㄨˋ ㄎㄜˇ ㄋㄥˊ ㄕˋ ㄒㄧㄥ ㄒㄧㄥ˙
009950,ㄇㄨˋ ㄑㄧㄢˊ ㄎㄢˋ ㄖㄨˊ ㄍㄨㄛˇ ㄐㄧˋ ㄒㄩˋ ㄐㄧㄚ ㄒㄧ ㄧㄝˇ ㄘㄨㄣˊ ㄗㄞˋ ㄌㄧㄤˇ ㄋㄢˊ ㄨㄣˋ ㄊㄧˊ
009951,ㄗㄥ ㄇㄠˇ ㄧˊ ㄗㄞˋ ㄐㄧㄝˊ ㄇㄨˋ ㄌㄨˋ ㄓˋ ㄒㄧㄢˋ ㄔㄤˇ ㄉㄚˋ ㄅㄠˋ ㄍㄨㄢ ㄓㄨㄥˋ ㄑㄧㄡˇ ㄕˋ
009952,ㄉㄢˋ ㄖㄣˋ ㄆㄧㄥˊ ㄓㄡ ㄇㄡˊ ㄗㄣˇ ㄇㄜ˙ ㄐㄧㄠˋ ㄋㄢˊ ㄗˇ ㄖㄥˊ ㄏㄢ ㄕㄨㄟˋ ㄅㄨˋ ㄒㄧㄥˇ
009953,ㄌㄠˇ ㄉㄚˋ ㄧㄝ˙ ㄕㄨㄛ ㄒㄧㄠˇ ㄗ˙ ㄋㄧˇ ㄉㄤ ㄨㄛˇ ㄘㄞˊ ㄌㄨˋ ㄌㄜ˙ ㄓ ㄉㄠˋ ㄅㄛ˙
009954,ㄇㄟˊ ㄌㄧㄠˋ ㄉㄠˋ ㄔㄨㄤˇ ㄒㄧㄚˋ ㄉㄚˋ ㄏㄨㄛˊ ㄈㄛˊ ㄉㄜ˙ ㄚ ㄨㄟˇ ㄏㄞˊ ㄅㄨˋ ㄓ ㄏㄨㄟˊ ㄍㄞˇ
009955,ㄎㄚˇ ㄓㄚ ㄈㄟ ㄅㄨˋ ㄌㄨㄛˋ ㄕˋ ㄊㄨㄥˇ ㄓˋ ㄧˇ ㄗㄠ ㄩˋ ㄅㄨˋ ㄌㄨㄛˋ ㄋㄟˋ ㄏㄨㄥˋ
009956,ㄓㄜˋ ㄍㄜ˙ ㄏㄞˊ ㄗ˙ ㄉㄜ˙ ㄕㄥ ㄇㄧㄥˋ ㄧˊ ㄅㄢˋ ㄌㄞˊ ㄩㄢˊ ㄩˊ ㄌㄧㄥˋ ㄧˋ ㄨㄟˋ ㄋㄩˇ ㄕˋ ㄐㄧㄢˋ ㄗㄥˋ ㄅㄥˇ ㄌㄥˇ ㄉㄨㄥˋ ㄇㄨㄢˊ ㄗˇ
009957,ㄔㄨ ㄒㄧㄢˋ ㄓㄜˋ ㄓㄨㄥˇ ㄋㄧˊ ㄑㄧㄡˋ ㄋㄟˋ ㄍㄜˊ ㄉㄜ˙ ㄐㄩˊ ㄇㄧㄢˋ ㄐㄧㄣˋ ㄕˋ ㄧㄝˇ ㄊㄧㄢˊ ㄧㄡˇ ㄧˋ ㄨㄟˊ ㄓ ㄧㄝˇ ㄕˊ ㄕㄨˇ ㄨˊ ㄋㄞˋ
009958,ㄐㄧˇ ㄑㄧㄥ ㄍㄠ ㄙㄨˋ ㄐㄧˇ ㄋㄢˊ ㄏㄨㄚˋ ㄕㄢ ㄓㄤ ㄑㄧㄡ ㄗㄡ ㄆㄧㄥˊ ㄓㄡ ㄘㄨㄣ ㄗ ㄅㄛˊ ㄌㄧㄣˊ ㄗ ㄓㄢˋ
009959,ㄓㄠˋ ㄌㄧㄥˊ ㄈㄟ ㄉㄜ˙ ㄏㄨㄚˋ ㄈㄢˇ ㄧㄥˋ ㄌㄜ˙ ㄕㄣˇ ㄧㄤˊ ㄗㄞˋ ㄑㄩ ㄙㄨㄛˊ ㄧㄡˇ ㄠˋ ㄩㄣˋ ㄓ ㄩㄢˋ ㄓㄜˇ ㄉㄜ˙ ㄍㄨㄥˋ ㄊㄨㄥˊ ㄒㄧㄣ ㄕㄥ
009960,ㄧㄣ ㄨㄟˋ ㄨㄛˇ ㄇㄣ˙ ㄙㄨㄛˇ ㄈㄚ ㄔㄨ ㄉㄜ˙ ㄌㄧˋ ㄌㄧㄤˋ ㄅㄧˋ ㄏㄨㄟˋ ㄧㄣ ㄋㄢˊ ㄉㄨˋ ㄐㄧㄚ ㄉㄚˋ ㄦˊ ㄐㄧㄢˇ ㄖㄨㄛˋ
009961,ㄈㄚ ㄕㄥ ㄕˋ ㄍㄨˋ ㄉㄜ˙ ㄌㄡˊ ㄊㄧˊ ㄍㄨㄞˊ ㄐㄧㄠˇ ㄔㄨˋ ㄖㄥˊ ㄎㄜˇ ㄎㄢˋ ㄉㄠˋ ㄒㄩㄜˋ ㄐㄧˋ
009962,ㄒㄧㄤˇ ㄍㄨㄛˋ ㄐㄧㄣˋ ㄍㄨㄥ ㄢ ㄎㄜˇ ㄋㄥˊ ㄕㄣ ㄍㄠ ㄅㄨˊ ㄍㄡˋ ㄌㄠˇ ㄏㄢㄖˋ ㄧㄝˇ ㄅㄨˊ ㄖㄤˋ ㄨㄛˇ ㄐㄧㄣˋ ㄑㄩˋ
009963,ㄌㄨˋ ㄕㄤˋ ㄍㄨㄢ ㄑㄧㄚ ㄏㄣˇ ㄉㄨㄛ ㄨㄟˋ ㄌㄜ˙ ㄈㄤ ㄅㄧㄢˋ ㄔㄜˋ ㄌㄧˊ ㄓˊ ㄏㄠˇ ㄑㄧㄥ ㄓㄨㄤ ㄑㄧㄢˊ ㄐㄧㄣˋ
009964,ㄩㄢˊ ㄌㄞˊ ㄅㄧˋ ㄦˋ ㄍㄞˋ ㄘˊ ㄐㄧㄡˋ ㄕˋ ㄇㄟˇ ㄍㄨㄛˊ ㄨㄟ ㄖㄨㄢˇ ㄍㄨㄥ ㄙ ㄌㄧㄢˊ ㄏㄜˊ ㄔㄨㄤˋ ㄕˋ ㄖㄣˊ ㄧㄚ˙
009965,ㄓ ㄏㄡˋ ㄊㄚ ㄇㄣ˙ ㄧˋ ㄐㄧㄚ ㄙㄢ ㄎㄡˇ ㄐㄧㄤ ㄧˇ ㄕㄨㄤ ㄈㄤ ㄈㄨˋ ㄇㄨˊ ㄨㄤˇ ㄎㄜˋ ㄌㄧˊ ㄉㄠˇ ㄌㄩˋ ㄧㄡˊ
009966,ㄒㄧㄝˋ ㄒㄧㄝ˙ ㄗㄨㄥˊ ㄌㄧˇ ㄧㄝˊ ㄍㄢˇ ㄒㄧㄝˋ ㄍㄨㄤˇ ㄉㄚˋ ㄨㄤˊ ㄧㄡˇ ㄉㄜ˙ ㄘㄢ ㄩˋ ㄨㄛˇ ㄇㄣ˙ ㄇㄧㄥˊ ㄋㄧㄢˊ ㄗㄞˋ ㄐㄧㄢˋ
009967,ㄕˋ ㄕˊ ㄕㄤˋ ㄕˋ ㄘㄨㄥˊ ㄌㄞˊ ㄇㄟˊ ㄧㄡˇ ㄧˊ ㄍㄜ˙ ㄑㄧ ㄕㄢˋ ㄆㄚ ㄜˋ ㄉㄜ˙ ㄖㄣˊ ㄋㄥˊ ㄗㄨㄛˋ ㄔㄨ ㄍㄨㄛˋ ㄕㄠ ㄉㄚˋ ㄧˋ ㄉㄧㄢˇ ㄉㄜ˙ ㄔㄥˊ ㄐㄧㄡˋ
009968,ㄨㄛˇ ㄏㄨㄟˋ ㄉㄚˇ ㄎㄞ ㄧㄡˊ ㄐㄧㄢˋ ㄋㄧˇ ㄎㄜˊ ㄧˇ ㄘㄨㄥˊ ㄋㄚˋ ㄌㄧˇ ㄐㄧˋ ㄒㄩˋ
009969,ㄇㄟˇ ㄈㄤ ㄉㄨㄟˋ ㄐㄧㄣˋ ㄑㄧ ㄉㄨㄥ ㄏㄞˇ ㄐㄩˊ ㄕˋ ㄅㄧㄠˇ ㄕˋ ㄍㄨㄢ ㄑㄧㄝˋ
009970,ㄐㄩˋ ㄒㄧ ㄧㄠˋ ㄅㄚ ㄇㄚˇ ㄧˋ ㄐㄧㄚ ㄖㄣˊ ㄉㄨㄟˋ ㄓㄜˋ ㄗㄨㄛˋ ㄉㄨㄥ ㄐㄧˋ ㄅㄞˊ ㄍㄨㄥ ㄐㄧˊ ㄨㄟˋ ㄇㄢˇ ㄧˋ
009971,ㄉㄚˊ ㄙㄠˇ ㄨㄢ ㄋㄧˇ ㄏㄨㄟˋ ㄏㄣˊ ㄧㄡˇ ㄔㄥˊ ㄐㄧㄡˋ ㄍㄢˇ ㄉㄜ˙ ㄕˋ ㄧˊ ㄕˋ ㄋㄧˇ ㄐㄧㄡˋ ㄒㄧㄣˋ ㄌㄜ˙
009972,ㄋㄨˋ ㄇㄢˋ ㄓㄢˋ ㄗㄞˋ ㄏㄨㄚˊ ㄅㄢˇ ㄔㄜ ㄕㄤˋ ㄍㄜˋ ㄐㄧㄡˋ ㄍㄜˋ ㄨㄟˋ ㄓㄨㄣˇ ㄅㄟˋ ㄔㄨ ㄈㄚ ㄌㄚ˙
009973,ㄊㄚˇ ㄏㄜˊ ㄉㄜ˙ ㄏㄢˊ ㄧㄝˋ ㄑㄧˊ ㄨㄣ ㄐㄧㄤˋ ㄉㄠˋ ㄌㄜ˙ ㄌㄧㄥˊ ㄒㄧㄚˋ ㄙㄢ ㄕˋ ㄉㄨㄛ ㄕㄜˋ ㄕˋ ㄉㄨˋ
009974,ㄑㄧˊ ㄐㄧㄢ ㄌㄧㄢˊ ㄆㄛ ㄌㄧㄡˋ ㄉㄧㄢˇ ㄌㄧㄡˋ ㄌㄧㄡˋ ㄉㄧㄢˊ ㄨˇ ㄌㄧㄡˋ ㄉㄧㄢˇ ㄙˋ ㄌㄧㄡˋ ㄉㄧㄢˇ ㄙㄢˋ ㄨ ㄉㄥˇ ㄉㄨㄛ ㄍㄜ˙ ㄓㄨㄥˋ ㄧㄠˋ ㄍㄨㄢ ㄎㄡˇ
009975,ㄙㄨㄢˋ ㄇㄧㄥˋ ㄑㄧˊ ㄕˊ ㄓˇ ㄕˋ ㄖㄣˊ ㄇㄣ˙ ㄉㄜ˙ ㄧˋ ㄓㄨㄥˇ ㄗˋ ㄨㄛˇ ㄢ ㄨㄟˋ ㄏㄜˊ ㄗˋ ㄨㄛˇ ㄢˋ ㄕˋ ㄦˊ ㄧˇ ㄨㄛˇ ㄇㄣ˙ ㄏㄞˊ ㄕˋ ㄧㄠˋ ㄒㄧㄤ ㄒㄧㄣˋ ㄎㄜ ㄒㄩㄜˊ ㄘㄞˊ ㄏㄠˇ
009976,ㄓㄜˋ ㄧˊ ㄑㄧㄝˋ ㄉㄡ ㄌㄧㄥˋ ㄖㄣˊ ㄏㄨㄞˊ ㄒㄧㄣ ㄍㄨˊ ㄨˇ ㄦˊ ㄋㄜˋ ㄒㄧ ㄇㄟˊ ㄌㄧˇ ㄧㄡˊ ㄅㄨˋ ㄐㄧㄢˋ ㄓˋ ㄉㄠˋ ㄗㄨㄟˋ ㄏㄡˋ
009977,ㄓˊ ㄓˋ ㄍㄨㄥ ㄩㄢˊ ㄑㄧㄢˊ ㄧˊ ㄨㄢ ㄧˋ ㄑㄧㄢ ㄋㄧㄢˊ ㄊㄚ ㄧㄡˋ ㄗㄞˋ ㄘˋ ㄔㄨ ㄒㄧㄢˋ
009978,ㄐㄧㄣˇ ㄌㄧㄤˋ ㄕㄠˇ ㄨㄢˊ ㄉㄧㄢˋ ㄋㄠˇ ㄕㄠˇ ㄎㄢ ㄉㄧㄢˋ ㄕˋ ㄕㄠˊ ㄉㄚˇ ㄧㄡˊ ㄒㄧˋ
009979,ㄘㄨㄥˊ ㄨˇ ㄉㄠˋ ㄑㄧ ㄑㄧㄢˊ ㄏㄡˋ ㄧㄝˇ ㄐㄧㄡˋ ㄕˊ ㄌㄧㄡˋ ㄍㄜ˙ ㄩㄝˋ ㄉㄜ˙ ㄕˊ ㄐㄧㄢ
009980,ㄧˊ ㄐㄧㄣˋ ㄎㄚˋ ㄈㄟ ㄉㄧㄢˋ ㄊㄚ ㄐㄧㄡˋ ㄩˋ ㄐㄧㄢˋ ㄧˋ ㄓㄤ ㄕㄨˊ ㄒㄧˋ ㄉㄜ˙ ㄌㄧㄢˇ
009981,ㄏㄠˇ ㄗㄞˋ ㄓㄨㄥˋ ㄉㄧˋ ㄒㄩㄥ ㄎㄢˋ ㄉㄠˋ ㄌㄜ˙ ㄅㄚˇ ㄊㄚ ㄓㄨㄟ ㄌㄜ˙ ㄏㄨㄟˊ ㄌㄞˊ
009982,ㄧㄡˇ ㄧˊ ㄍㄜ˙ ㄖㄣˊ ㄕㄨㄛ ㄍㄜ ㄇㄞㄖˋ ㄨㄛˇ ㄇㄣ˙ ㄆㄠˇ ㄍㄨㄛˋ ㄊㄚ ㄘㄞˊ ㄋㄥˊ ㄏㄨㄛˊ
009983,ㄊㄨㄥˇ ㄌㄜ˙ ㄊㄚ ㄧˇ ㄏㄡˋ ㄋㄨㄛˊ ㄏㄨ ㄐㄧˋ ㄉㄜ˙ ㄊㄚ ㄇㄟˊ ㄗㄚˇ ㄉㄨㄥˋ ㄌㄜ˙
009984,ㄘㄨㄥˊ ㄒㄧㄠˇ ㄉㄠˋ ㄉㄚˋ ㄍㄜˊ ㄑㄧˇ ㄧˋ ㄇㄟˊ ㄧㄡˇ ㄕㄡ ㄉㄠˋ ㄍㄨㄛˊ ㄧㄚ ㄙㄨㄟˋ ㄑㄧㄢˊ
009985,ㄨˇ ㄊㄞˊ ㄒㄧㄚˋ ㄉㄜ˙ ㄋㄧˇ ㄏㄨㄟˋ ㄉㄨㄟˋ ㄨˇ ㄊㄞˊ ㄕㄤˋ ㄉㄜ˙ ㄋㄧˇ ㄕㄨㄛ ㄕㄣˊ ㄇㄜ˙
009986,ㄉㄢˋ ㄎㄠˇ ㄕㄥ ㄆㄨˇ ㄅㄧㄢˋ ㄖㄣˋ ㄨㄟˊ ㄕˋ ㄊㄧˊ ㄉㄜ˙ ㄍㄨㄞˋ ㄉㄨㄛ ㄍㄨㄛˋ ㄋㄢˊ
009987,ㄨㄛˇ ㄒㄧ ㄨㄤˋ ㄇㄟˇ ㄍㄜˋ ㄖㄣˊ ㄉㄡ ㄋㄥˊ ㄍㄡˋ ㄗㄨㄣ ㄓㄨㄥˋ ㄨㄛˇ ㄇㄣ˙ ㄉㄜ˙ ㄧㄣˇ ㄙ
009988,ㄇㄢˋ ㄊㄧㄢ ㄉㄜ˙ ㄏㄨㄥˊ ㄒㄧㄚ ㄕˇ ㄐㄧㄣˋ ㄍㄟˊ ㄌㄧㄤˇ ㄖㄣˊ ㄗㄥ ㄊㄧㄢ ㄑㄧˋ ㄈㄣ
009989,ㄨㄢˇ ㄕㄤˋ ㄐㄧㄚˋ ㄨㄢˋ ㄅㄢˋ ㄊㄞˋ ㄔㄜ ㄏㄨㄟˊ ㄐㄧㄚ ㄊㄞ ㄌㄟˋ ㄌㄜ˙ ㄇㄧˊ ㄇㄧˋ ㄏㄨ ㄏㄨ ㄎㄞ ㄓㄜ˙ ㄔㄜ ㄗㄡˇ ㄧˊ ㄅㄢˋ ㄉㄜ˙ ㄕˊ ㄏㄡˋ ㄉㄤ ㄧˋ ㄕㄥ
009990,ㄍㄞ ㄔㄜ ㄐㄧㄤ ㄙㄢ ㄖㄣˊ ㄓㄨㄤˋ ㄉㄠˇ ㄏㄡˋ ㄗㄞˋ ㄉㄚˋ ㄨˋ ㄓㄨㄥ ㄊㄠˊ ㄘㄨㄢˋ
009991,ㄓㄜˋ ㄖㄣˊ ㄧˋ ㄉㄨㄛ ㄙㄨㄛˇ ㄈㄤ ㄒㄧㄤˋ ㄆㄢˊ ㄧㄝˊ ㄅㄚˇ ㄅㄨˋ ㄨㄣˇ ㄌㄜ˙ ㄔㄚ ㄌㄧㄢˊ ㄓㄨㄤˋ ㄕㄤˋ ㄌㄜ˙ ㄍㄠ ㄙㄨˋ ㄅㄧㄢ ㄉㄠˋ ㄏㄨˋ ㄌㄢˊ
009992,ㄋㄚˋ ㄋㄧˇ ㄏㄞˊ ㄨㄟˇ ㄑㄩˋ ㄉㄜ˙ ㄕㄨㄛ ㄨㄛˊ ㄧˋ ㄏㄨㄟˊ ㄊㄡˊ ㄐㄧㄢˋ ㄧˊ ㄧˇ ㄐㄧㄥ ㄐㄧㄣˋ ㄑㄩˋ ㄌㄜ˙ ㄨㄛˇ ㄅㄨˋ ㄍㄢˇ ㄐㄧㄣˋ ㄑㄩˋ ㄚ˙
009993,ㄒㄧㄠˇ ㄇㄧㄥˊ ㄧㄠˊ ㄧㄠˊ ㄊㄡˊ ㄕㄨㄛ ㄅㄨˊ ㄕˋ ㄨㄛˊ ㄓˇ ㄕˋ ㄇㄟˊ ㄋㄩˇ ㄎㄢˋ ㄉㄨㄛ ㄌㄜ˙ ㄒㄧㄠˇ ㄏㄨㄢˋ ㄍㄜ˙ ㄎㄡˇ ㄨㄟˋ ㄦˊ ㄧˇ
009994,ㄐㄧㄝˊ ㄒㄧㄚˋ ㄌㄞˊ ㄏㄨㄥˊ ㄋㄧㄤˊ ㄧㄠ ㄑㄧㄡˊ ㄐㄧˋ ㄖㄣˇ ㄐㄧㄠ ㄈㄟˋ ㄐㄧˋ ㄓㄜˊ ㄅㄧㄠˇ ㄕˋ ㄅㄨˋ ㄓ ㄅㄧㄠˊ ㄐㄧㄝˇ ㄕㄣ ㄇㄣ˙ ㄓㄤ ㄏㄠˋ ㄇㄚ˙
009995,ㄌㄧˇ ㄉㄨㄥ ㄨㄥˊ ㄅㄧㄠˇ ㄕˋ ㄗˋ ㄐㄧˇ ㄉㄤ ㄕˊ ㄗㄞˋ ㄈㄚˇ ㄊㄧㄥˊ ㄕㄤˋ ㄈㄚ ㄅㄧㄠˇ ㄌㄜ˙ ㄧˊ ㄘˋ ㄉㄨˊ ㄊㄜˋ ㄉㄜ˙ ㄍㄨㄥ ㄙㄨˋ ㄧˋ ㄐㄧㄢˋ
009996,ㄌㄧㄥˋ ㄧˋ ㄋㄢˊ ㄗˇ ㄆㄨ ㄌㄜ˙ ㄕㄤˋ ㄌㄞˊ ㄕㄡˊ ㄌㄧˇ ㄋㄚˊ ㄓㄜ˙ ㄇㄧㄥˊ ㄏㄨㄤˋ ㄏㄨㄤˋ ㄉㄜ˙ ㄔㄤˊ ㄉㄠ ㄒㄧㄤˇ ㄊㄚ ㄒㄩㄥ ㄎㄡˇ ㄓˊ ㄘˋ
009997,ㄐㄧㄣ ㄊㄧㄢ ㄎㄨㄞˋ ㄉㄧˋ ㄩㄢˊ ㄋㄚˊ ㄓㄜ˙ ㄧˊ ㄍㄜ˙ ㄎㄨㄞˋ ㄉㄧˋ ㄗㄞˋ ㄅㄢˋ ㄍㄨㄥ ㄕˋ ㄏㄢˇ ㄑㄧㄥˊ ㄨㄤˊ ㄕˋ ㄋㄚˋ ㄍㄜˋ ㄧㄡˇ ㄊㄚ ㄎㄨㄞˋ ㄉㄧˋ
009998,ㄓㄜˋ ㄔㄤˇ ㄎㄤˋ ㄧˋ ㄏㄨㄛˊ ㄉㄨㄥˋ ㄐㄧㄡ ㄐㄧㄥˋ ㄕˋ ㄖㄨˊ ㄏㄜˊ ㄈㄚ ㄓㄢˊ ㄧㄢˇ ㄅㄧㄢˋ ㄉㄜ˙ ㄧㄡˋ ㄐㄧㄡ ㄐㄧㄥˋ ㄕˋ ㄕㄨㄟˊ ㄕㄤ ㄏㄞˋ ㄌㄜ˙ ㄕㄨㄟˊ
009999,ㄧㄣ ㄏㄨㄚˋ ㄍㄨㄛˊ ㄈㄥ ㄒㄧㄠˋ ㄐㄧ ㄌㄨˋ ㄉㄧˋ ㄕㄜˋ ㄐㄧˋ ㄍㄣ ㄐㄩˋ ㄑㄧˊ ㄕㄨˇ ㄒㄧㄤˋ ㄕㄜˋ ㄐㄧˋ
010000,ㄗㄞˋ ㄩˋ ㄓㄨㄥ ㄓㄤ ㄇㄧㄥˊ ㄅㄠˊ ㄏㄨㄟˇ ㄏㄣˋ ㄐㄧㄠ ㄐㄧㄚ ㄒㄧㄝˇ ㄌㄜ˙ ㄧˊ ㄈㄣˋ ㄔㄢˋ ㄏㄨㄣˇ ㄕㄨ
