ID,Answer
1147-2-1,我有一條特別了不起的神經
1147-2-2,我有一條特別了不起的神經
1147-2-3,我有一條特別了不起的神經
1147-3-1,我有一條特別了不起的神經
1147-3-2,我有一條特別了不起的神經
1147-3-3,我有一條特別了不起的神經
1147-8-1,我有一條特別了不起的神經
1147-8-2,我有一條特別了不起的神經
1147-8-3,我有一條特別了不起的神經
1149-13-1,我有一條特別了不起的神經
1149-13-2,我有一條特別了不起的神經
1149-13-3,我有一條特別了不起的神經
1149-14-1,我有一條特別了不起的神經
1149-14-2,我有一條特別了不起的神經
1149-14-3,我有一條特別了不起的神經
1149-2-1,我有一條特別了不起的神經
1149-2-2,我有一條特別了不起的神經
1149-2-3,我有一條特別了不起的神經
1149-3-1,我有一條特別了不起的神經
1149-3-2,我有一條特別了不起的神經
1149-3-3,我有一條特別了不起的神經
1149-4-1,我有一條特別了不起的神經
1149-4-2,我有一條特別了不起的神經
1149-4-3,我有一條特別了不起的神經
1150-1-1,我有一條特別了不起的神經
1150-1-2,我有一條特別了不起的神經
1150-1-3,我有一條特別了不起的神經
1150-2-1,我有一條特別了不起的神經
1150-2-2,我有一條特別了不起的神經
1150-2-3,我有一條特別了不起的神經
1151-10-1,我有一條特別了不起的神經
1151-10-2,我有一條特別了不起的神經
1151-10-3,我有一條特別了不起的神經
1151-11-1,我有一條特別了不起的神經
1151-11-2,我有一條特別了不起的神經
1151-11-3,我有一條特別了不起的神經
1151-13-1,我有一條特別了不起的神經
1151-13-2,我有一條特別了不起的神經
1151-13-3,我有一條特別了不起的神經
1151-23-1,我有一條特別了不起的神經
1151-23-2,我有一條特別了不起的神經
1151-23-3,我有一條特別了不起的神經
1151-3-1,我有一條特別了不起的神經
1151-3-2,我有一條特別了不起的神經
1151-3-3,我有一條特別了不起的神經
1151-8-1,我有一條特別了不起的神經
1151-8-2,我有一條特別了不起的神經
1151-8-3,我有一條特別了不起的神經
1152-10-1,我有一條特別了不起的神經
1152-10-2,我有一條特別了不起的神經
1152-10-3,我有一條特別了不起的神經
1152-13-1,我有一條特別了不起的神經
1152-13-2,我有一條特別了不起的神經
1152-13-3,我有一條特別了不起的神經
1152-16-1,我有一條特別了不起的神經
1152-16-2,我有一條特別了不起的神經
1152-16-3,我有一條特別了不起的神經
1152-17-1,我有一條特別了不起的神經
1152-17-2,我有一條特別了不起的神經
1152-17-3,我有一條特別了不起的神經
1152-2-1,我有一條特別了不起的神經
1152-2-2,我有一條特別了不起的神經
1152-2-3,我有一條特別了不起的神經
1152-22-1,我有一條特別了不起的神經
1152-22-2,我有一條特別了不起的神經
1152-22-3,我有一條特別了不起的神經
1152-28-1,我有一條特別了不起的神經
1152-28-2,我有一條特別了不起的神經
1152-28-3,我有一條特別了不起的神經
1152-5-1,我有一條特別了不起的神經
1152-5-2,我有一條特別了不起的神經
1152-5-3,我有一條特別了不起的神經
1152-6-1,我有一條特別了不起的神經
1152-6-2,我有一條特別了不起的神經
1152-6-3,我有一條特別了不起的神經
1152-8-1,我有一條特別了不起的神經
1152-8-2,我有一條特別了不起的神經
1152-8-3,我有一條特別了不起的神經
1153-3-1,我有一條特別了不起的神經
1153-3-2,我有一條特別了不起的神經
1153-3-3,我有一條特別了不起的神經
1153-5-1,我有一條特別了不起的神經
1153-5-2,我有一條特別了不起的神經
1153-5-3,我有一條特別了不起的神經
1153-6-1,我有一條特別了不起的神經
1153-6-2,我有一條特別了不起的神經
1153-6-3,我有一條特別了不起的神經
1154-10-1,我有一條特別了不起的神經
1154-10-2,我有一條特別了不起的神經
1154-10-3,我有一條特別了不起的神經
1154-2-1,我有一條特別了不起的神經
1154-2-2,我有一條特別了不起的神經
1154-2-3,我有一條特別了不起的神經
1155-9-1,我有一條特別了不起的神經
1155-9-2,我有一條特別了不起的神經
1155-9-3,我有一條特別了不起的神經
1156-1-1,我有一條特別了不起的神經
1156-1-2,我有一條特別了不起的神經
1156-1-3,我有一條特別了不起的神經
1156-11-1,我有一條特別了不起的神經
1156-11-2,我有一條特別了不起的神經
1156-11-3,我有一條特別了不起的神經
1156-4-1,我有一條特別了不起的神經
1156-4-2,我有一條特別了不起的神經
1156-4-3,我有一條特別了不起的神經
1156-6-1,我有一條特別了不起的神經
1156-6-2,我有一條特別了不起的神經
1156-6-3,我有一條特別了不起的神經
1158-2-1,我有一條特別了不起的神經
1158-2-2,我有一條特別了不起的神經
1158-2-3,我有一條特別了不起的神經
1160-11-1,我有一條特別了不起的神經
1160-11-2,我有一條特別了不起的神經
1160-11-3,我有一條特別了不起的神經
1160-2-1,我有一條特別了不起的神經
1160-2-2,我有一條特別了不起的神經
1160-2-3,我有一條特別了不起的神經
1161-11-1,我有一條特別了不起的神經
1161-11-2,我有一條特別了不起的神經
1161-11-3,我有一條特別了不起的神經
1161-12-1,我有一條特別了不起的神經
1161-12-2,我有一條特別了不起的神經
1161-12-3,我有一條特別了不起的神經
1161-18-1,我有一條特別了不起的神經
1161-18-2,我有一條特別了不起的神經
1161-18-3,我有一條特別了不起的神經
1161-5-1,我有一條特別了不起的神經
1161-5-2,我有一條特別了不起的神經
1161-5-3,我有一條特別了不起的神經
1161-6-1,我有一條特別了不起的神經
1161-6-2,我有一條特別了不起的神經
1161-6-3,我有一條特別了不起的神經
1161-9-1,我有一條特別了不起的神經
1161-9-2,我有一條特別了不起的神經
1161-9-3,我有一條特別了不起的神經
1163-2-1,我有一條特別了不起的神經
1163-2-2,我有一條特別了不起的神經
1163-2-3,我有一條特別了不起的神經
1163-6-1,我有一條特別了不起的神經
1163-6-2,我有一條特別了不起的神經
1163-6-3,我有一條特別了不起的神經
1164-2-1,我有一條特別了不起的神經
1164-2-2,我有一條特別了不起的神經
1164-2-3,我有一條特別了不起的神經
1165-11-1,我有一條特別了不起的神經
1165-11-2,我有一條特別了不起的神經
1165-11-3,我有一條特別了不起的神經
1165-12-1,我有一條特別了不起的神經
1165-12-2,我有一條特別了不起的神經
1165-12-3,我有一條特別了不起的神經
1165-4-1,我有一條特別了不起的神經
1165-4-2,我有一條特別了不起的神經
1165-4-3,我有一條特別了不起的神經
1165-8-1,我有一條特別了不起的神經
1165-8-2,我有一條特別了不起的神經
1165-8-3,我有一條特別了不起的神經
1165-9-1,我有一條特別了不起的神經
1165-9-2,我有一條特別了不起的神經
1165-9-3,我有一條特別了不起的神經
1166-2-1,我有一條特別了不起的神經
1166-2-2,我有一條特別了不起的神經
1166-2-3,我有一條特別了不起的神經
1166-4-1,我有一條特別了不起的神經
1166-4-2,我有一條特別了不起的神經
1166-4-3,我有一條特別了不起的神經
1166-8-1,我有一條特別了不起的神經
1166-8-2,我有一條特別了不起的神經
1166-8-3,我有一條特別了不起的神經
1167-2-1,我有一條特別了不起的神經
1167-2-2,我有一條特別了不起的神經
1167-2-3,我有一條特別了不起的神經
1168-14-1,我有一條特別了不起的神經
1168-14-2,我有一條特別了不起的神經
1168-14-3,我有一條特別了不起的神經
1168-5-1,我有一條特別了不起的神經
1168-5-2,我有一條特別了不起的神經
1168-5-3,我有一條特別了不起的神經
1168-7-1,我有一條特別了不起的神經
1168-7-2,我有一條特別了不起的神經
1168-7-3,我有一條特別了不起的神經
1168-8-1,我有一條特別了不起的神經
1168-8-2,我有一條特別了不起的神經
1168-8-3,我有一條特別了不起的神經
1174-13-1,我有一條特別了不起的神經
1174-13-2,我有一條特別了不起的神經
1174-13-3,我有一條特別了不起的神經
1174-15-1,我有一條特別了不起的神經
1174-15-2,我有一條特別了不起的神經
1174-15-3,我有一條特別了不起的神經
1174-19-1,我有一條特別了不起的神經
1174-19-2,我有一條特別了不起的神經
1174-19-3,我有一條特別了不起的神經
1174-20-1,我有一條特別了不起的神經
1174-20-2,我有一條特別了不起的神經
1174-20-3,我有一條特別了不起的神經
1174-21-1,我有一條特別了不起的神經
1174-21-2,我有一條特別了不起的神經
1174-21-3,我有一條特別了不起的神經
1174-22-1,我有一條特別了不起的神經
1174-22-2,我有一條特別了不起的神經
1174-22-3,我有一條特別了不起的神經
1174-23-1,我有一條特別了不起的神經
1174-23-2,我有一條特別了不起的神經
1174-23-3,我有一條特別了不起的神經
1174-26-1,我有一條特別了不起的神經
1174-26-2,我有一條特別了不起的神經
1174-26-3,我有一條特別了不起的神經
1174-4-1,我有一條特別了不起的神經
1174-4-2,我有一條特別了不起的神經
1174-4-3,我有一條特別了不起的神經
1174-7-1,我有一條特別了不起的神經
1174-7-2,我有一條特別了不起的神經
1174-7-3,我有一條特別了不起的神經
1174-9-1,我有一條特別了不起的神經
1174-9-2,我有一條特別了不起的神經
1174-9-3,我有一條特別了不起的神經
1176-1-1,我有一條特別了不起的神經
1176-1-2,我有一條特別了不起的神經
1176-1-3,我有一條特別了不起的神經
1176-3-1,我有一條特別了不起的神經
1176-3-2,我有一條特別了不起的神經
1176-3-3,我有一條特別了不起的神經
1176-4-1,我有一條特別了不起的神經
1176-4-2,我有一條特別了不起的神經
1176-4-3,我有一條特別了不起的神經
1176-5-1,我有一條特別了不起的神經
1176-5-2,我有一條特別了不起的神經
1176-5-3,我有一條特別了不起的神經
1176-7-1,我有一條特別了不起的神經
1176-7-2,我有一條特別了不起的神經
1176-7-3,我有一條特別了不起的神經
1177-18-1,我有一條特別了不起的神經
1177-18-2,我有一條特別了不起的神經
1177-18-3,我有一條特別了不起的神經
1177-20-1,我有一條特別了不起的神經
1177-20-2,我有一條特別了不起的神經
1177-20-3,我有一條特別了不起的神經
1177-3-1,我有一條特別了不起的神經
1177-3-2,我有一條特別了不起的神經
1177-3-3,我有一條特別了不起的神經
1177-30-1,我有一條特別了不起的神經
1177-30-2,我有一條特別了不起的神經
1177-30-3,我有一條特別了不起的神經
1177-34-1,我有一條特別了不起的神經
1177-34-2,我有一條特別了不起的神經
1177-34-3,我有一條特別了不起的神經
1177-4-1,我有一條特別了不起的神經
1177-4-2,我有一條特別了不起的神經
1177-4-3,我有一條特別了不起的神經
1179-1-1,我有一條特別了不起的神經
1179-1-2,我有一條特別了不起的神經
1179-1-3,我有一條特別了不起的神經
1179-10-1,我有一條特別了不起的神經
1179-10-2,我有一條特別了不起的神經
1179-10-3,我有一條特別了不起的神經
1179-13-1,我有一條特別了不起的神經
1179-13-2,我有一條特別了不起的神經
1179-13-3,我有一條特別了不起的神經
1179-15-1,我有一條特別了不起的神經
1179-15-2,我有一條特別了不起的神經
1179-15-3,我有一條特別了不起的神經
1179-22-1,我有一條特別了不起的神經
1179-22-2,我有一條特別了不起的神經
1179-22-3,我有一條特別了不起的神經
1179-28-1,我有一條特別了不起的神經
1179-28-2,我有一條特別了不起的神經
1179-28-3,我有一條特別了不起的神經
1179-29-1,我有一條特別了不起的神經
1179-29-2,我有一條特別了不起的神經
1179-29-3,我有一條特別了不起的神經
1179-3-1,我有一條特別了不起的神經
1179-3-2,我有一條特別了不起的神經
1179-3-3,我有一條特別了不起的神經
1179-33-1,我有一條特別了不起的神經
1179-33-2,我有一條特別了不起的神經
1179-33-3,我有一條特別了不起的神經
1179-38-1,我有一條特別了不起的神經
1179-38-2,我有一條特別了不起的神經
1179-38-3,我有一條特別了不起的神經
1179-4-1,我有一條特別了不起的神經
1179-4-2,我有一條特別了不起的神經
1179-4-3,我有一條特別了不起的神經
1180-15-1,我有一條特別了不起的神經
1180-15-2,我有一條特別了不起的神經
1180-15-3,我有一條特別了不起的神經
1180-16-1,我有一條特別了不起的神經
1180-16-2,我有一條特別了不起的神經
1180-16-3,我有一條特別了不起的神經
1180-17-1,我有一條特別了不起的神經
1180-17-2,我有一條特別了不起的神經
1180-17-3,我有一條特別了不起的神經
1180-20-1,我有一條特別了不起的神經
1180-20-2,我有一條特別了不起的神經
1180-20-3,我有一條特別了不起的神經
1180-21-1,我有一條特別了不起的神經
1180-21-2,我有一條特別了不起的神經
1180-21-3,我有一條特別了不起的神經
1180-28-1,我有一條特別了不起的神經
1180-28-2,我有一條特別了不起的神經
1180-28-3,我有一條特別了不起的神經
1180-3-1,我有一條特別了不起的神經
1180-3-2,我有一條特別了不起的神經
1180-3-3,我有一條特別了不起的神經
1180-32-1,我有一條特別了不起的神經
1180-32-2,我有一條特別了不起的神經
1180-32-3,我有一條特別了不起的神經
1180-33-1,我有一條特別了不起的神經
1180-33-2,我有一條特別了不起的神經
1180-33-3,我有一條特別了不起的神經
1180-36-1,我有一條特別了不起的神經
1180-36-2,我有一條特別了不起的神經
1180-36-3,我有一條特別了不起的神經
1180-38-1,我有一條特別了不起的神經
1180-38-2,我有一條特別了不起的神經
1180-38-3,我有一條特別了不起的神經
1180-4-1,我有一條特別了不起的神經
1180-4-2,我有一條特別了不起的神經
1180-4-3,我有一條特別了不起的神經
1180-42-1,我有一條特別了不起的神經
1180-42-2,我有一條特別了不起的神經
1180-42-3,我有一條特別了不起的神經
1180-45-1,我有一條特別了不起的神經
1180-45-2,我有一條特別了不起的神經
1180-45-3,我有一條特別了不起的神經
1180-46-1,我有一條特別了不起的神經
1180-46-2,我有一條特別了不起的神經
1180-46-3,我有一條特別了不起的神經
1180-5-1,我有一條特別了不起的神經
1180-5-2,我有一條特別了不起的神經
1180-5-3,我有一條特別了不起的神經
1180-6-1,我有一條特別了不起的神經
1180-6-2,我有一條特別了不起的神經
1180-6-3,我有一條特別了不起的神經
1180-9-1,我有一條特別了不起的神經
1180-9-2,我有一條特別了不起的神經
1180-9-3,我有一條特別了不起的神經
1181-3-1,我有一條特別了不起的神經
1181-3-2,我有一條特別了不起的神經
1181-3-3,我有一條特別了不起的神經
1181-8-1,我有一條特別了不起的神經
1181-8-2,我有一條特別了不起的神經
1181-8-3,我有一條特別了不起的神經
1183-1-1,我有一條特別了不起的神經
1183-1-2,我有一條特別了不起的神經
1183-1-3,我有一條特別了不起的神經
1183-4-1,我有一條特別了不起的神經
1183-4-2,我有一條特別了不起的神經
1183-4-3,我有一條特別了不起的神經
1184-2-1,我有一條特別了不起的神經
1184-2-2,我有一條特別了不起的神經
1184-2-3,我有一條特別了不起的神經
1186-2-1,我有一條特別了不起的神經
1186-2-2,我有一條特別了不起的神經
1186-2-3,我有一條特別了不起的神經
1189-1-1,我有一條特別了不起的神經
1189-1-2,我有一條特別了不起的神經
1189-1-3,我有一條特別了不起的神經
1189-3-1,我有一條特別了不起的神經
1189-3-2,我有一條特別了不起的神經
1189-3-3,我有一條特別了不起的神經
1190-17-1,我有一條特別了不起的神經
1190-17-2,我有一條特別了不起的神經
1190-17-3,我有一條特別了不起的神經
1190-21-1,我有一條特別了不起的神經
1190-21-2,我有一條特別了不起的神經
1190-21-3,我有一條特別了不起的神經
1190-26-1,我有一條特別了不起的神經
1190-26-2,我有一條特別了不起的神經
1190-26-3,我有一條特別了不起的神經
1190-3-1,我有一條特別了不起的神經
1190-3-2,我有一條特別了不起的神經
1190-3-3,我有一條特別了不起的神經
1190-34-1,我有一條特別了不起的神經
1190-34-2,我有一條特別了不起的神經
1190-34-3,我有一條特別了不起的神經
1190-7-1,我有一條特別了不起的神經
1190-7-2,我有一條特別了不起的神經
1190-7-3,我有一條特別了不起的神經
1193-13-1,我有一條特別了不起的神經
1193-13-2,我有一條特別了不起的神經
1193-13-3,我有一條特別了不起的神經
1193-14-1,我有一條特別了不起的神經
1193-14-2,我有一條特別了不起的神經
1193-14-3,我有一條特別了不起的神經
1193-15-1,我有一條特別了不起的神經
1193-15-2,我有一條特別了不起的神經
1193-15-3,我有一條特別了不起的神經
1193-17-1,我有一條特別了不起的神經
1193-17-2,我有一條特別了不起的神經
1193-17-3,我有一條特別了不起的神經
1193-18-1,我有一條特別了不起的神經
1193-18-2,我有一條特別了不起的神經
1193-18-3,我有一條特別了不起的神經
1193-2-1,我有一條特別了不起的神經
1193-2-2,我有一條特別了不起的神經
1193-2-3,我有一條特別了不起的神經
1193-25-1,我有一條特別了不起的神經
1193-25-2,我有一條特別了不起的神經
1193-25-3,我有一條特別了不起的神經
1193-28-1,我有一條特別了不起的神經
1193-28-2,我有一條特別了不起的神經
1193-28-3,我有一條特別了不起的神經
1193-29-1,我有一條特別了不起的神經
1193-29-2,我有一條特別了不起的神經
1193-29-3,我有一條特別了不起的神經
1193-3-1,我有一條特別了不起的神經
1193-3-2,我有一條特別了不起的神經
1193-3-3,我有一條特別了不起的神經
1193-31-1,我有一條特別了不起的神經
1193-31-2,我有一條特別了不起的神經
1193-31-3,我有一條特別了不起的神經
1193-36-1,我有一條特別了不起的神經
1193-36-2,我有一條特別了不起的神經
1193-36-3,我有一條特別了不起的神經
1193-4-1,我有一條特別了不起的神經
1193-4-2,我有一條特別了不起的神經
1193-4-3,我有一條特別了不起的神經
1193-40-1,我有一條特別了不起的神經
1193-40-2,我有一條特別了不起的神經
1193-40-3,我有一條特別了不起的神經
1193-43-1,我有一條特別了不起的神經
1193-43-2,我有一條特別了不起的神經
1193-43-3,我有一條特別了不起的神經
1193-44-1,我有一條特別了不起的神經
1193-44-2,我有一條特別了不起的神經
1193-44-3,我有一條特別了不起的神經
1193-46-1,我有一條特別了不起的神經
1193-46-2,我有一條特別了不起的神經
1193-46-3,我有一條特別了不起的神經
1193-48-1,我有一條特別了不起的神經
1193-48-2,我有一條特別了不起的神經
1193-48-3,我有一條特別了不起的神經
1193-54-1,我有一條特別了不起的神經
1193-54-2,我有一條特別了不起的神經
1193-54-3,我有一條特別了不起的神經
1193-55-1,我有一條特別了不起的神經
1193-55-2,我有一條特別了不起的神經
1193-55-3,我有一條特別了不起的神經
1193-58-1,我有一條特別了不起的神經
1193-58-2,我有一條特別了不起的神經
1193-58-3,我有一條特別了不起的神經
1193-59-1,我有一條特別了不起的神經
1193-59-2,我有一條特別了不起的神經
1193-59-3,我有一條特別了不起的神經
1193-6-1,我有一條特別了不起的神經
1193-6-2,我有一條特別了不起的神經
1193-6-3,我有一條特別了不起的神經
1193-61-1,我有一條特別了不起的神經
1193-61-2,我有一條特別了不起的神經
1193-61-3,我有一條特別了不起的神經
1193-62-1,我有一條特別了不起的神經
1193-62-2,我有一條特別了不起的神經
1193-62-3,我有一條特別了不起的神經
1193-63-1,我有一條特別了不起的神經
1193-63-2,我有一條特別了不起的神經
1193-63-3,我有一條特別了不起的神經
1193-66-1,我有一條特別了不起的神經
1193-66-2,我有一條特別了不起的神經
1193-66-3,我有一條特別了不起的神經
1193-68-1,我有一條特別了不起的神經
1193-68-2,我有一條特別了不起的神經
1193-68-3,我有一條特別了不起的神經
1193-69-1,我有一條特別了不起的神經
1193-69-2,我有一條特別了不起的神經
1193-69-3,我有一條特別了不起的神經
1193-7-1,我有一條特別了不起的神經
1193-7-2,我有一條特別了不起的神經
1193-7-3,我有一條特別了不起的神經
1193-71-1,我有一條特別了不起的神經
1193-71-2,我有一條特別了不起的神經
1193-71-3,我有一條特別了不起的神經
1193-72-1,我有一條特別了不起的神經
1193-72-2,我有一條特別了不起的神經
1193-72-3,我有一條特別了不起的神經
1193-75-1,我有一條特別了不起的神經
1193-75-2,我有一條特別了不起的神經
1193-75-3,我有一條特別了不起的神經
1193-77-1,我有一條特別了不起的神經
1193-77-2,我有一條特別了不起的神經
1193-77-3,我有一條特別了不起的神經
1193-79-1,我有一條特別了不起的神經
1193-79-2,我有一條特別了不起的神經
1193-79-3,我有一條特別了不起的神經
1193-85-1,我有一條特別了不起的神經
1193-85-2,我有一條特別了不起的神經
1193-85-3,我有一條特別了不起的神經
1193-88-1,我有一條特別了不起的神經
1193-88-2,我有一條特別了不起的神經
1193-88-3,我有一條特別了不起的神經
1193-91-1,我有一條特別了不起的神經
1193-91-2,我有一條特別了不起的神經
1193-91-3,我有一條特別了不起的神經
1194-11-1,我有一條特別了不起的神經
1194-11-2,我有一條特別了不起的神經
1194-11-3,我有一條特別了不起的神經
1194-13-1,我有一條特別了不起的神經
1194-13-2,我有一條特別了不起的神經
1194-13-3,我有一條特別了不起的神經
1194-7-1,我有一條特別了不起的神經
1194-7-2,我有一條特別了不起的神經
1194-7-3,我有一條特別了不起的神經
1194-8-1,我有一條特別了不起的神經
1194-8-2,我有一條特別了不起的神經
1194-8-3,我有一條特別了不起的神經
1194-9-1,我有一條特別了不起的神經
1194-9-2,我有一條特別了不起的神經
1194-9-3,我有一條特別了不起的神經
1196-10-1,我有一條特別了不起的神經
1196-10-2,我有一條特別了不起的神經
1196-10-3,我有一條特別了不起的神經
1199-11-1,我有一條特別了不起的神經
1199-11-2,我有一條特別了不起的神經
1199-11-3,我有一條特別了不起的神經
1199-12-1,我有一條特別了不起的神經
1199-12-2,我有一條特別了不起的神經
1199-12-3,我有一條特別了不起的神經
1199-14-1,我有一條特別了不起的神經
1199-14-2,我有一條特別了不起的神經
1199-14-3,我有一條特別了不起的神經
1199-20-1,我有一條特別了不起的神經
1199-20-2,我有一條特別了不起的神經
1199-20-3,我有一條特別了不起的神經
1199-22-1,我有一條特別了不起的神經
1199-22-2,我有一條特別了不起的神經
1199-22-3,我有一條特別了不起的神經
1199-4-1,我有一條特別了不起的神經
1199-4-2,我有一條特別了不起的神經
1199-4-3,我有一條特別了不起的神經
1199-5-1,我有一條特別了不起的神經
1199-5-2,我有一條特別了不起的神經
1199-5-3,我有一條特別了不起的神經
1199-6-1,我有一條特別了不起的神經
1199-6-2,我有一條特別了不起的神經
1199-6-3,我有一條特別了不起的神經
2285-2-1,我有一條特別了不起的神經
2285-2-2,我有一條特別了不起的神經
2285-2-3,我有一條特別了不起的神經
2285-2-4,我有一條特別了不起的神經
2388-13-1,我有一條特別了不起的神經
2388-13-2,我有一條特別了不起的神經
2388-13-3,我有一條特別了不起的神經
2388-13-4,我有一條特別了不起的神經
2388-17-1,我有一條特別了不起的神經
2388-17-2,我有一條特別了不起的神經
2388-17-3,我有一條特別了不起的神經
2388-17-4,我有一條特別了不起的神經
2388-18-1,我有一條特別了不起的神經
2388-18-2,我有一條特別了不起的神經
2388-18-3,我有一條特別了不起的神經
2388-18-4,我有一條特別了不起的神經
2388-3-1,我有一條特別了不起的神經
2388-3-2,我有一條特別了不起的神經
2388-3-3,我有一條特別了不起的神經
2388-3-4,我有一條特別了不起的神經
2388-7-1,我有一條特別了不起的神經
2388-7-2,我有一條特別了不起的神經
2388-7-3,我有一條特別了不起的神經
2388-7-4,我有一條特別了不起的神經
2388-7-5,我有一條特別了不起的神經
2388-9-1,我有一條特別了不起的神經
2388-9-2,我有一條特別了不起的神經
2388-9-3,我有一條特別了不起的神經
2430-14-1,我有一條特別了不起的神經
2430-14-2,我有一條特別了不起的神經
2430-14-3,我有一條特別了不起的神經
2430-14-4,我有一條特別了不起的神經
2430-5-1,我有一條特別了不起的神經
2430-5-2,我有一條特別了不起的神經
2430-5-3,我有一條特別了不起的神經
2430-5-4,我有一條特別了不起的神經
2430-5-5,我有一條特別了不起的神經
2430-9-1,我有一條特別了不起的神經
2430-9-2,我有一條特別了不起的神經
2430-9-3,我有一條特別了不起的神經
2430-9-4,我有一條特別了不起的神經
2434-1-1,我有一條特別了不起的神經
2434-1-2,我有一條特別了不起的神經
2434-1-3,我有一條特別了不起的神經
2434-1-4,我有一條特別了不起的神經
2434-3-1,我有一條特別了不起的神經
2434-3-2,我有一條特別了不起的神經
2434-3-3,我有一條特別了不起的神經
2434-3-4,我有一條特別了不起的神經
2435-3-1,我有一條特別了不起的神經
2435-3-2,我有一條特別了不起的神經
2435-3-3,我有一條特別了不起的神經
2435-3-4,我有一條特別了不起的神經
2435-3-5,我有一條特別了不起的神經
2448-2-1,我有一條特別了不起的神經
2448-2-2,我有一條特別了不起的神經
2448-2-3,我有一條特別了不起的神經
2448-2-4,我有一條特別了不起的神經
2448-2-5,我有一條特別了不起的神經
2455-1-1,我有一條特別了不起的神經
2455-1-2,我有一條特別了不起的神經
2455-1-3,我有一條特別了不起的神經
2455-1-4,我有一條特別了不起的神經
2455-10-1,我有一條特別了不起的神經
2455-10-2,我有一條特別了不起的神經
2455-10-3,我有一條特別了不起的神經
2455-10-4,我有一條特別了不起的神經
2455-2-1,我有一條特別了不起的神經
2455-2-2,我有一條特別了不起的神經
2455-2-3,我有一條特別了不起的神經
2455-2-4,我有一條特別了不起的神經
2455-3-1,我有一條特別了不起的神經
2455-3-2,我有一條特別了不起的神經
2455-3-3,我有一條特別了不起的神經
2455-3-4,我有一條特別了不起的神經
2458-1-1,我有一條特別了不起的神經
2458-1-2,我有一條特別了不起的神經
2458-1-3,我有一條特別了不起的神經
2458-1-4,我有一條特別了不起的神經
2458-1-5,我有一條特別了不起的神經
2458-4-1,我有一條特別了不起的神經
2458-4-2,我有一條特別了不起的神經
2458-4-3,我有一條特別了不起的神經
2458-4-4,我有一條特別了不起的神經
2460-3-1,我有一條特別了不起的神經
2460-3-2,我有一條特別了不起的神經
2460-3-3,我有一條特別了不起的神經
2467-1-1,我有一條特別了不起的神經
2467-1-2,我有一條特別了不起的神經
2467-1-3,我有一條特別了不起的神經
2467-1-4,我有一條特別了不起的神經
2467-1-5,我有一條特別了不起的神經
2467-15-1,我有一條特別了不起的神經
2467-15-2,我有一條特別了不起的神經
2467-15-3,我有一條特別了不起的神經
2471-1-1,我有一條特別了不起的神經
2471-1-2,我有一條特別了不起的神經
2471-1-3,我有一條特別了不起的神經
2471-1-4,我有一條特別了不起的神經
2471-10-1,我有一條特別了不起的神經
2471-10-2,我有一條特別了不起的神經
2471-10-3,我有一條特別了不起的神經
2471-10-4,我有一條特別了不起的神經
2471-4-1,我有一條特別了不起的神經
2471-4-2,我有一條特別了不起的神經
2471-4-3,我有一條特別了不起的神經
2471-4-4,我有一條特別了不起的神經
2471-7-1,我有一條特別了不起的神經
2471-7-2,我有一條特別了不起的神經
2471-7-3,我有一條特別了不起的神經
2472-1-1,我有一條特別了不起的神經
2472-1-2,我有一條特別了不起的神經
2472-1-3,我有一條特別了不起的神經
2472-1-4,我有一條特別了不起的神經
2475-1-1,我有一條特別了不起的神經
2475-1-2,我有一條特別了不起的神經
2475-1-3,我有一條特別了不起的神經
2475-1-4,我有一條特別了不起的神經
2478-5-1,我有一條特別了不起的神經
2478-5-2,我有一條特別了不起的神經
2478-5-3,我有一條特別了不起的神經
2478-5-4,我有一條特別了不起的神經
2478-5-5,我有一條特別了不起的神經
2480-1-1,我有一條特別了不起的神經
2480-1-2,我有一條特別了不起的神經
2480-1-3,我有一條特別了不起的神經
2480-1-4,我有一條特別了不起的神經
2480-2-1,我有一條特別了不起的神經
2480-2-2,我有一條特別了不起的神經
2480-2-3,我有一條特別了不起的神經
2480-2-4,我有一條特別了不起的神經
2484-3-1,我有一條特別了不起的神經
2484-3-2,我有一條特別了不起的神經
2484-3-3,我有一條特別了不起的神經
2485-1-1,我有一條特別了不起的神經
2485-1-2,我有一條特別了不起的神經
2485-1-3,我有一條特別了不起的神經
2485-1-4,我有一條特別了不起的神經
2485-1-5,我有一條特別了不起的神經
2485-11-1,我有一條特別了不起的神經
2485-11-2,我有一條特別了不起的神經
2485-11-3,我有一條特別了不起的神經
2485-11-4,我有一條特別了不起的神經
2485-16-1,我有一條特別了不起的神經
2485-16-2,我有一條特別了不起的神經
2485-16-3,我有一條特別了不起的神經
2485-16-4,我有一條特別了不起的神經
2485-18-1,我有一條特別了不起的神經
2485-18-2,我有一條特別了不起的神經
2485-18-3,我有一條特別了不起的神經
2485-18-4,我有一條特別了不起的神經
2485-24-1,我有一條特別了不起的神經
2485-24-2,我有一條特別了不起的神經
2485-24-3,我有一條特別了不起的神經
2485-24-4,我有一條特別了不起的神經
2485-4-1,我有一條特別了不起的神經
2485-4-2,我有一條特別了不起的神經
2485-4-3,我有一條特別了不起的神經
2485-4-4,我有一條特別了不起的神經
2485-5-1,我有一條特別了不起的神經
2485-5-2,我有一條特別了不起的神經
2485-5-3,我有一條特別了不起的神經
2485-5-4,我有一條特別了不起的神經
2485-7-1,我有一條特別了不起的神經
2485-7-2,我有一條特別了不起的神經
2485-7-3,我有一條特別了不起的神經
2485-9-1,我有一條特別了不起的神經
2485-9-2,我有一條特別了不起的神經
2485-9-3,我有一條特別了不起的神經
2485-9-4,我有一條特別了不起的神經
2485-9-5,我有一條特別了不起的神經
2487-6-1,我有一條特別了不起的神經
2487-6-2,我有一條特別了不起的神經
2487-6-3,我有一條特別了不起的神經
2487-6-4,我有一條特別了不起的神經
2487-6-5,我有一條特別了不起的神經
2487-9-1,我有一條特別了不起的神經
2487-9-2,我有一條特別了不起的神經
2487-9-3,我有一條特別了不起的神經
2489-1-1,我有一條特別了不起的神經
2489-1-2,我有一條特別了不起的神經
2489-1-3,我有一條特別了不起的神經
2489-1-4,我有一條特別了不起的神經
2489-1-5,我有一條特別了不起的神經
2489-6-1,我有一條特別了不起的神經
2489-6-2,我有一條特別了不起的神經
2489-6-3,我有一條特別了不起的神經
2489-6-4,我有一條特別了不起的神經
2489-6-5,我有一條特別了不起的神經
2491-1-1,我有一條特別了不起的神經
2491-1-2,我有一條特別了不起的神經
2491-1-3,我有一條特別了不起的神經
2491-1-4,我有一條特別了不起的神經
2491-1-5,我有一條特別了不起的神經
2491-2-1,我有一條特別了不起的神經
2491-2-2,我有一條特別了不起的神經
2491-2-3,我有一條特別了不起的神經
2491-2-4,我有一條特別了不起的神經
2493-13-1,我有一條特別了不起的神經
2493-13-2,我有一條特別了不起的神經
2493-13-3,我有一條特別了不起的神經
2493-13-4,我有一條特別了不起的神經
2493-13-5,我有一條特別了不起的神經
2493-14-1,我有一條特別了不起的神經
2493-14-2,我有一條特別了不起的神經
2493-14-3,我有一條特別了不起的神經
2493-14-4,我有一條特別了不起的神經
2493-15-1,我有一條特別了不起的神經
2493-15-2,我有一條特別了不起的神經
2493-15-3,我有一條特別了不起的神經
2493-15-4,我有一條特別了不起的神經
2493-17-1,我有一條特別了不起的神經
2493-17-2,我有一條特別了不起的神經
2493-17-3,我有一條特別了不起的神經
2493-17-4,我有一條特別了不起的神經
2493-8-1,我有一條特別了不起的神經
2493-8-2,我有一條特別了不起的神經
2493-8-3,我有一條特別了不起的神經
2493-8-4,我有一條特別了不起的神經
2496-1-1,我有一條特別了不起的神經
2496-1-2,我有一條特別了不起的神經
2496-1-3,我有一條特別了不起的神經
2496-1-4,我有一條特別了不起的神經
2496-2-1,我有一條特別了不起的神經
2496-2-2,我有一條特別了不起的神經
2496-2-3,我有一條特別了不起的神經
2496-3-1,我有一條特別了不起的神經
2496-3-2,我有一條特別了不起的神經
2496-3-3,我有一條特別了不起的神經
2496-3-4,我有一條特別了不起的神經
2496-3-5,我有一條特別了不起的神經
2496-8-1,我有一條特別了不起的神經
2496-8-2,我有一條特別了不起的神經
2496-8-3,我有一條特別了不起的神經
2496-8-4,我有一條特別了不起的神經
2500-1-1,我有一條特別了不起的神經
2500-1-2,我有一條特別了不起的神經
2500-1-3,我有一條特別了不起的神經
2500-1-4,我有一條特別了不起的神經
2505-10-1,我有一條特別了不起的神經
2505-10-2,我有一條特別了不起的神經
2505-10-3,我有一條特別了不起的神經
2505-10-4,我有一條特別了不起的神經
2505-7-1,我有一條特別了不起的神經
2505-7-2,我有一條特別了不起的神經
2505-7-3,我有一條特別了不起的神經
2505-7-4,我有一條特別了不起的神經
2505-8-1,我有一條特別了不起的神經
2505-8-2,我有一條特別了不起的神經
2505-8-3,我有一條特別了不起的神經
2505-8-4,我有一條特別了不起的神經
2505-9-1,我有一條特別了不起的神經
2505-9-2,我有一條特別了不起的神經
2505-9-3,我有一條特別了不起的神經
2505-9-4,我有一條特別了不起的神經
2505-9-5,我有一條特別了不起的神經
2509-3-1,我有一條特別了不起的神經
2509-3-2,我有一條特別了不起的神經
2509-3-3,我有一條特別了不起的神經
2509-3-4,我有一條特別了不起的神經
2509-3-5,我有一條特別了不起的神經
2514-4-1,我有一條特別了不起的神經
2514-4-2,我有一條特別了不起的神經
2514-4-3,我有一條特別了不起的神經
2514-4-4,我有一條特別了不起的神經
2514-7-1,我有一條特別了不起的神經
2514-7-2,我有一條特別了不起的神經
2514-7-3,我有一條特別了不起的神經
2514-7-4,我有一條特別了不起的神經
2514-7-5,我有一條特別了不起的神經
2514-8-1,我有一條特別了不起的神經
2514-8-2,我有一條特別了不起的神經
2514-8-3,我有一條特別了不起的神經
2514-8-4,我有一條特別了不起的神經
2514-8-5,我有一條特別了不起的神經
2518-3-1,我有一條特別了不起的神經
2518-3-2,我有一條特別了不起的神經
2518-3-3,我有一條特別了不起的神經
2518-3-4,我有一條特別了不起的神經
2518-3-5,我有一條特別了不起的神經
2519-1-1,我有一條特別了不起的神經
2519-1-2,我有一條特別了不起的神經
2519-1-3,我有一條特別了不起的神經
2519-1-4,我有一條特別了不起的神經
2520-1-1,我有一條特別了不起的神經
2520-1-2,我有一條特別了不起的神經
2520-1-3,我有一條特別了不起的神經
2520-1-4,我有一條特別了不起的神經
2520-1-5,我有一條特別了不起的神經
2521-2-1,我有一條特別了不起的神經
2521-2-2,我有一條特別了不起的神經
2521-2-3,我有一條特別了不起的神經
2521-2-4,我有一條特別了不起的神經
2525-1-1,我有一條特別了不起的神經
2525-1-2,我有一條特別了不起的神經
2525-1-3,我有一條特別了不起的神經
2525-1-4,我有一條特別了不起的神經
2525-12-1,我有一條特別了不起的神經
2525-12-2,我有一條特別了不起的神經
2525-12-3,我有一條特別了不起的神經
2525-12-4,我有一條特別了不起的神經
2525-2-1,我有一條特別了不起的神經
2525-2-2,我有一條特別了不起的神經
2525-2-3,我有一條特別了不起的神經
2525-2-4,我有一條特別了不起的神經
2525-2-5,我有一條特別了不起的神經
2525-21-1,我有一條特別了不起的神經
2525-21-2,我有一條特別了不起的神經
2525-21-3,我有一條特別了不起的神經
2525-21-4,我有一條特別了不起的神經
2525-3-1,我有一條特別了不起的神經
2525-3-2,我有一條特別了不起的神經
2525-3-3,我有一條特別了不起的神經
2525-3-4,我有一條特別了不起的神經
2525-3-5,我有一條特別了不起的神經
2525-6-1,我有一條特別了不起的神經
2525-6-2,我有一條特別了不起的神經
2525-6-3,我有一條特別了不起的神經
2525-6-4,我有一條特別了不起的神經
2525-7-1,我有一條特別了不起的神經
2525-7-2,我有一條特別了不起的神經
2525-7-3,我有一條特別了不起的神經
2525-7-4,我有一條特別了不起的神經
2525-9-1,我有一條特別了不起的神經
2525-9-2,我有一條特別了不起的神經
2525-9-3,我有一條特別了不起的神經
2525-9-4,我有一條特別了不起的神經
2525-9-5,我有一條特別了不起的神經
2526-7-1,我有一條特別了不起的神經
2526-7-2,我有一條特別了不起的神經
2526-7-3,我有一條特別了不起的神經
2526-8-1,我有一條特別了不起的神經
2526-8-2,我有一條特別了不起的神經
2526-8-3,我有一條特別了不起的神經
2526-8-4,我有一條特別了不起的神經
2527-10-1,我有一條特別了不起的神經
2527-10-2,我有一條特別了不起的神經
2527-10-3,我有一條特別了不起的神經
2527-10-4,我有一條特別了不起的神經
2527-11-1,我有一條特別了不起的神經
2527-11-2,我有一條特別了不起的神經
2527-11-3,我有一條特別了不起的神經
2527-12-1,我有一條特別了不起的神經
2527-12-2,我有一條特別了不起的神經
2527-12-3,我有一條特別了不起的神經
2527-12-4,我有一條特別了不起的神經
2527-12-5,我有一條特別了不起的神經
2527-15-1,我有一條特別了不起的神經
2527-15-2,我有一條特別了不起的神經
2527-15-3,我有一條特別了不起的神經
2527-15-4,我有一條特別了不起的神經
2527-15-5,我有一條特別了不起的神經
2527-7-1,我有一條特別了不起的神經
2527-7-2,我有一條特別了不起的神經
2527-7-3,我有一條特別了不起的神經
2527-7-4,我有一條特別了不起的神經
2527-7-5,我有一條特別了不起的神經
2529-1-1,我有一條特別了不起的神經
2529-1-2,我有一條特別了不起的神經
2529-1-3,我有一條特別了不起的神經
2529-1-4,我有一條特別了不起的神經
2529-1-5,我有一條特別了不起的神經
2529-5-1,我有一條特別了不起的神經
2529-5-2,我有一條特別了不起的神經
2529-5-3,我有一條特別了不起的神經
2529-5-4,我有一條特別了不起的神經
2534-1-1,我有一條特別了不起的神經
2534-1-2,我有一條特別了不起的神經
2534-1-3,我有一條特別了不起的神經
2534-1-4,我有一條特別了不起的神經
2534-2-1,我有一條特別了不起的神經
2534-2-2,我有一條特別了不起的神經
2534-2-3,我有一條特別了不起的神經
2534-2-4,我有一條特別了不起的神經
2534-5-1,我有一條特別了不起的神經
2534-5-2,我有一條特別了不起的神經
2534-5-3,我有一條特別了不起的神經
2534-5-4,我有一條特別了不起的神經
2534-7-1,我有一條特別了不起的神經
2534-7-2,我有一條特別了不起的神經
2534-7-3,我有一條特別了不起的神經
2534-7-4,我有一條特別了不起的神經
2534-8-1,我有一條特別了不起的神經
2534-8-2,我有一條特別了不起的神經
2534-8-3,我有一條特別了不起的神經
2534-8-4,我有一條特別了不起的神經
2535-1-1,我有一條特別了不起的神經
2535-1-2,我有一條特別了不起的神經
2535-1-3,我有一條特別了不起的神經
2535-1-4,我有一條特別了不起的神經
2535-1-5,我有一條特別了不起的神經
3206-11-1,我有一條特別了不起的神經
3206-11-2,我有一條特別了不起的神經
3206-11-3,我有一條特別了不起的神經
3206-11-4,我有一條特別了不起的神經
3206-11-5,我有一條特別了不起的神經
3206-8-1,我有一條特別了不起的神經
3206-8-2,我有一條特別了不起的神經
3206-8-3,我有一條特別了不起的神經
3206-8-4,我有一條特別了不起的神經
3207-2-1,我有一條特別了不起的神經
3207-2-2,我有一條特別了不起的神經
3207-2-3,我有一條特別了不起的神經
3207-2-4,我有一條特別了不起的神經
3207-2-5,我有一條特別了不起的神經
3208-4-1,我有一條特別了不起的神經
3208-4-2,我有一條特別了不起的神經
3208-4-3,我有一條特別了不起的神經
3208-4-4,我有一條特別了不起的神經
3208-4-5,我有一條特別了不起的神經
3208-7-1,我有一條特別了不起的神經
3208-7-2,我有一條特別了不起的神經
3208-7-3,我有一條特別了不起的神經
3208-7-4,我有一條特別了不起的神經
3208-7-5,我有一條特別了不起的神經
3209-1-1,我有一條特別了不起的神經
3209-1-2,我有一條特別了不起的神經
3209-1-3,我有一條特別了不起的神經
3209-1-4,我有一條特別了不起的神經
3209-1-5,我有一條特別了不起的神經
3210-2-1,我有一條特別了不起的神經
3210-2-2,我有一條特別了不起的神經
3210-2-3,我有一條特別了不起的神經
3210-2-4,我有一條特別了不起的神經
3210-2-5,我有一條特別了不起的神經
3210-6-1,我有一條特別了不起的神經
3210-6-2,我有一條特別了不起的神經
3210-6-3,我有一條特別了不起的神經
3210-6-4,我有一條特別了不起的神經
3210-6-5,我有一條特別了不起的神經
3213-1-1,我有一條特別了不起的神經
3213-1-2,我有一條特別了不起的神經
3213-1-3,我有一條特別了不起的神經
3213-1-4,我有一條特別了不起的神經
3213-1-5,我有一條特別了不起的神經
3213-10-1,我有一條特別了不起的神經
3213-10-2,我有一條特別了不起的神經
3213-10-3,我有一條特別了不起的神經
3213-10-4,我有一條特別了不起的神經
3213-10-5,我有一條特別了不起的神經
3213-14-1,我有一條特別了不起的神經
3213-14-2,我有一條特別了不起的神經
3213-14-3,我有一條特別了不起的神經
3213-14-4,我有一條特別了不起的神經
3213-14-5,我有一條特別了不起的神經
3213-2-1,我有一條特別了不起的神經
3213-2-2,我有一條特別了不起的神經
3213-2-3,我有一條特別了不起的神經
3213-2-4,我有一條特別了不起的神經
3213-2-5,我有一條特別了不起的神經
3213-20-1,我有一條特別了不起的神經
3213-20-2,我有一條特別了不起的神經
3213-20-3,我有一條特別了不起的神經
3213-20-4,我有一條特別了不起的神經
3213-20-5,我有一條特別了不起的神經
3213-23-1,我有一條特別了不起的神經
3213-23-2,我有一條特別了不起的神經
3213-23-3,我有一條特別了不起的神經
3213-23-4,我有一條特別了不起的神經
3213-23-5,我有一條特別了不起的神經
3213-24-1,我有一條特別了不起的神經
3213-24-2,我有一條特別了不起的神經
3213-24-3,我有一條特別了不起的神經
3213-24-4,我有一條特別了不起的神經
3213-24-5,我有一條特別了不起的神經
3213-25-1,我有一條特別了不起的神經
3213-25-2,我有一條特別了不起的神經
3213-25-3,我有一條特別了不起的神經
3213-25-4,我有一條特別了不起的神經
3213-25-5,我有一條特別了不起的神經
3213-39-1,我有一條特別了不起的神經
3213-39-2,我有一條特別了不起的神經
3213-39-3,我有一條特別了不起的神經
3213-39-4,我有一條特別了不起的神經
3213-43-1,我有一條特別了不起的神經
3213-43-2,我有一條特別了不起的神經
3213-43-3,我有一條特別了不起的神經
3213-43-4,我有一條特別了不起的神經
3213-43-5,我有一條特別了不起的神經
3213-45-1,我有一條特別了不起的神經
3213-45-2,我有一條特別了不起的神經
3213-45-3,我有一條特別了不起的神經
3213-45-4,我有一條特別了不起的神經
3213-45-5,我有一條特別了不起的神經
3213-49-1,我有一條特別了不起的神經
3213-49-2,我有一條特別了不起的神經
3213-49-3,我有一條特別了不起的神經
3213-49-4,我有一條特別了不起的神經
3213-49-5,我有一條特別了不起的神經
3221-2-1,我有一條特別了不起的神經
3221-2-2,我有一條特別了不起的神經
3221-2-3,我有一條特別了不起的神經
3221-2-4,我有一條特別了不起的神經
3221-2-5,我有一條特別了不起的神經
3221-3-1,我有一條特別了不起的神經
3221-3-2,我有一條特別了不起的神經
3221-3-3,我有一條特別了不起的神經
3221-3-4,我有一條特別了不起的神經
3221-3-5,我有一條特別了不起的神經
3224-1-1,我有一條特別了不起的神經
3224-1-2,我有一條特別了不起的神經
3224-1-3,我有一條特別了不起的神經
3224-1-4,我有一條特別了不起的神經
3224-1-5,我有一條特別了不起的神經
3224-9-1,我有一條特別了不起的神經
3224-9-2,我有一條特別了不起的神經
3224-9-3,我有一條特別了不起的神經
3224-9-4,我有一條特別了不起的神經
3224-9-5,我有一條特別了不起的神經
3229-3-1,我有一條特別了不起的神經
3229-3-2,我有一條特別了不起的神經
3229-3-3,我有一條特別了不起的神經
3229-3-4,我有一條特別了不起的神經
3229-3-5,我有一條特別了不起的神經
3234-1-1,我有一條特別了不起的神經
3234-1-2,我有一條特別了不起的神經
3234-1-3,我有一條特別了不起的神經
3234-1-4,我有一條特別了不起的神經
3234-1-5,我有一條特別了不起的神經
3240-5-1,我有一條特別了不起的神經
3240-5-2,我有一條特別了不起的神經
3240-5-3,我有一條特別了不起的神經
3240-5-4,我有一條特別了不起的神經
3240-5-5,我有一條特別了不起的神經
3241-5-1,我有一條特別了不起的神經
3241-5-2,我有一條特別了不起的神經
3241-5-3,我有一條特別了不起的神經
3241-5-4,我有一條特別了不起的神經
3241-5-5,我有一條特別了不起的神經
3241-7-1,我有一條特別了不起的神經
3241-7-2,我有一條特別了不起的神經
3241-7-3,我有一條特別了不起的神經
3241-7-4,我有一條特別了不起的神經
3241-7-5,我有一條特別了不起的神經
3247-1-1,我有一條特別了不起的神經
3247-1-2,我有一條特別了不起的神經
3247-1-3,我有一條特別了不起的神經
3247-1-4,我有一條特別了不起的神經
3247-1-5,我有一條特別了不起的神經
3247-2-1,我有一條特別了不起的神經
3247-2-2,我有一條特別了不起的神經
3247-2-3,我有一條特別了不起的神經
3247-2-4,我有一條特別了不起的神經
3247-2-5,我有一條特別了不起的神經
3253-4-1,我有一條特別了不起的神經
3253-4-2,我有一條特別了不起的神經
3253-4-3,我有一條特別了不起的神經
3253-4-4,我有一條特別了不起的神經
3256-1-1,我有一條特別了不起的神經
3256-1-2,我有一條特別了不起的神經
3256-1-3,我有一條特別了不起的神經
3256-1-4,我有一條特別了不起的神經
3256-1-5,我有一條特別了不起的神經
3256-6-1,我有一條特別了不起的神經
3256-6-2,我有一條特別了不起的神經
3256-6-3,我有一條特別了不起的神經
3256-6-4,我有一條特別了不起的神經
3256-6-5,我有一條特別了不起的神經
3256-8-1,我有一條特別了不起的神經
3256-8-2,我有一條特別了不起的神經
3256-8-3,我有一條特別了不起的神經
3256-8-4,我有一條特別了不起的神經
3256-8-5,我有一條特別了不起的神經
3265-1-1,我有一條特別了不起的神經
3265-1-2,我有一條特別了不起的神經
3265-1-3,我有一條特別了不起的神經
3265-1-4,我有一條特別了不起的神經
3265-1-5,我有一條特別了不起的神經
3269-1-1,我有一條特別了不起的神經
3269-1-2,我有一條特別了不起的神經
3269-1-3,我有一條特別了不起的神經
3269-1-4,我有一條特別了不起的神經
3269-1-5,我有一條特別了不起的神經
3269-2-1,我有一條特別了不起的神經
3269-2-2,我有一條特別了不起的神經
3269-2-3,我有一條特別了不起的神經
3269-2-4,我有一條特別了不起的神經
3284-1-1,我有一條特別了不起的神經
3284-1-2,我有一條特別了不起的神經
3284-1-3,我有一條特別了不起的神經
3284-1-4,我有一條特別了不起的神經
3284-1-5,我有一條特別了不起的神經
3296-4-1,我有一條特別了不起的神經
3296-4-2,我有一條特別了不起的神經
3296-4-3,我有一條特別了不起的神經
3296-4-4,我有一條特別了不起的神經
3297-2-1,我有一條特別了不起的神經
3297-2-2,我有一條特別了不起的神經
3297-2-3,我有一條特別了不起的神經
3297-2-4,我有一條特別了不起的神經
3300-2-1,我有一條特別了不起的神經
3300-2-2,我有一條特別了不起的神經
3300-2-3,我有一條特別了不起的神經
3300-2-4,我有一條特別了不起的神經
3300-2-5,我有一條特別了不起的神經
3300-4-1,我有一條特別了不起的神經
3300-4-2,我有一條特別了不起的神經
3300-4-3,我有一條特別了不起的神經
3300-4-4,我有一條特別了不起的神經
3303-11-1,我有一條特別了不起的神經
3303-11-2,我有一條特別了不起的神經
3303-11-3,我有一條特別了不起的神經
3303-11-4,我有一條特別了不起的神經
3303-11-5,我有一條特別了不起的神經
3311-4-1,我有一條特別了不起的神經
3311-4-2,我有一條特別了不起的神經
3311-4-3,我有一條特別了不起的神經
3311-4-4,我有一條特別了不起的神經
3311-4-5,我有一條特別了不起的神經
3316-10-1,我有一條特別了不起的神經
3316-10-2,我有一條特別了不起的神經
3316-10-3,我有一條特別了不起的神經
3316-10-4,我有一條特別了不起的神經
3316-10-5,我有一條特別了不起的神經
3316-11-1,我有一條特別了不起的神經
3316-11-2,我有一條特別了不起的神經
3316-11-3,我有一條特別了不起的神經
3316-11-4,我有一條特別了不起的神經
3316-11-5,我有一條特別了不起的神經
3316-2-1,我有一條特別了不起的神經
3316-2-2,我有一條特別了不起的神經
3316-2-3,我有一條特別了不起的神經
3316-2-4,我有一條特別了不起的神經
3316-6-1,我有一條特別了不起的神經
3316-6-2,我有一條特別了不起的神經
3316-6-3,我有一條特別了不起的神經
3316-6-4,我有一條特別了不起的神經
3324-1-1,我有一條特別了不起的神經
3324-1-2,我有一條特別了不起的神經
3324-1-3,我有一條特別了不起的神經
3324-1-4,我有一條特別了不起的神經
3341-11-1,我有一條特別了不起的神經
3341-11-2,我有一條特別了不起的神經
3341-11-3,我有一條特別了不起的神經
3341-11-4,我有一條特別了不起的神經
3341-11-5,我有一條特別了不起的神經
3341-2-1,我有一條特別了不起的神經
3341-2-2,我有一條特別了不起的神經
3341-2-3,我有一條特別了不起的神經
3341-2-4,我有一條特別了不起的神經
3341-4-1,我有一條特別了不起的神經
3341-4-2,我有一條特別了不起的神經
3341-4-3,我有一條特別了不起的神經
3341-4-4,我有一條特別了不起的神經
3341-4-5,我有一條特別了不起的神經
3341-5-1,我有一條特別了不起的神經
3341-5-2,我有一條特別了不起的神經
3341-5-3,我有一條特別了不起的神經
3341-5-4,我有一條特別了不起的神經
3341-5-5,我有一條特別了不起的神經
3341-7-1,我有一條特別了不起的神經
3341-7-2,我有一條特別了不起的神經
3341-7-3,我有一條特別了不起的神經
3341-7-4,我有一條特別了不起的神經
3355-3-1,我有一條特別了不起的神經
3355-3-2,我有一條特別了不起的神經
3355-3-3,我有一條特別了不起的神經
3355-3-4,我有一條特別了不起的神經
3355-3-5,我有一條特別了不起的神經
3355-8-1,我有一條特別了不起的神經
3355-8-2,我有一條特別了不起的神經
3355-8-3,我有一條特別了不起的神經
3355-8-4,我有一條特別了不起的神經
3355-8-5,我有一條特別了不起的神經
3356-1-1,我有一條特別了不起的神經
3356-1-2,我有一條特別了不起的神經
3356-1-3,我有一條特別了不起的神經
3356-1-4,我有一條特別了不起的神經
3356-1-5,我有一條特別了不起的神經
3356-2-1,我有一條特別了不起的神經
3356-2-2,我有一條特別了不起的神經
3356-2-3,我有一條特別了不起的神經
3356-2-4,我有一條特別了不起的神經
3356-2-5,我有一條特別了不起的神經
3356-3-1,我有一條特別了不起的神經
3356-3-2,我有一條特別了不起的神經
3356-3-3,我有一條特別了不起的神經
3356-3-4,我有一條特別了不起的神經
3359-1-1,我有一條特別了不起的神經
3359-1-2,我有一條特別了不起的神經
3359-1-3,我有一條特別了不起的神經
3359-1-4,我有一條特別了不起的神經
3359-10-1,我有一條特別了不起的神經
3359-10-2,我有一條特別了不起的神經
3359-10-3,我有一條特別了不起的神經
3359-10-4,我有一條特別了不起的神經
3359-10-5,我有一條特別了不起的神經
3359-11-1,我有一條特別了不起的神經
3359-11-2,我有一條特別了不起的神經
3359-11-3,我有一條特別了不起的神經
3359-11-4,我有一條特別了不起的神經
3359-11-5,我有一條特別了不起的神經
3359-12-1,我有一條特別了不起的神經
3359-12-2,我有一條特別了不起的神經
3359-12-3,我有一條特別了不起的神經
3359-12-4,我有一條特別了不起的神經
3359-13-1,我有一條特別了不起的神經
3359-13-2,我有一條特別了不起的神經
3359-13-3,我有一條特別了不起的神經
3359-13-4,我有一條特別了不起的神經
3359-13-5,我有一條特別了不起的神經
3359-14-1,我有一條特別了不起的神經
3359-14-2,我有一條特別了不起的神經
3359-14-3,我有一條特別了不起的神經
3359-14-4,我有一條特別了不起的神經
3359-15-1,我有一條特別了不起的神經
3359-15-2,我有一條特別了不起的神經
3359-15-3,我有一條特別了不起的神經
3359-15-4,我有一條特別了不起的神經
3359-15-5,我有一條特別了不起的神經
3359-16-1,我有一條特別了不起的神經
3359-16-2,我有一條特別了不起的神經
3359-16-3,我有一條特別了不起的神經
3359-16-4,我有一條特別了不起的神經
3359-16-5,我有一條特別了不起的神經
3359-2-1,我有一條特別了不起的神經
3359-2-2,我有一條特別了不起的神經
3359-2-3,我有一條特別了不起的神經
3359-2-4,我有一條特別了不起的神經
3359-2-5,我有一條特別了不起的神經
3359-6-1,我有一條特別了不起的神經
3359-6-2,我有一條特別了不起的神經
3359-6-3,我有一條特別了不起的神經
3359-6-4,我有一條特別了不起的神經
3359-7-1,我有一條特別了不起的神經
3359-7-2,我有一條特別了不起的神經
3359-7-3,我有一條特別了不起的神經
3359-7-4,我有一條特別了不起的神經
3359-7-5,我有一條特別了不起的神經
3362-4-1,我有一條特別了不起的神經
3362-4-2,我有一條特別了不起的神經
3362-4-3,我有一條特別了不起的神經
3362-4-4,我有一條特別了不起的神經
3362-4-5,我有一條特別了不起的神經
3380-1-1,我有一條特別了不起的神經
3380-1-2,我有一條特別了不起的神經
3380-1-3,我有一條特別了不起的神經
3380-1-4,我有一條特別了不起的神經
3380-2-1,我有一條特別了不起的神經
3380-2-2,我有一條特別了不起的神經
3380-2-3,我有一條特別了不起的神經
3380-2-4,我有一條特別了不起的神經
3380-2-5,我有一條特別了不起的神經
3380-4-1,我有一條特別了不起的神經
3380-4-2,我有一條特別了不起的神經
3380-4-3,我有一條特別了不起的神經
3380-4-4,我有一條特別了不起的神經
3380-4-5,我有一條特別了不起的神經
3380-5-1,我有一條特別了不起的神經
3380-5-2,我有一條特別了不起的神經
3380-5-3,我有一條特別了不起的神經
3380-5-4,我有一條特別了不起的神經
3384-11-1,我有一條特別了不起的神經
3384-11-2,我有一條特別了不起的神經
3384-11-3,我有一條特別了不起的神經
3384-11-4,我有一條特別了不起的神經
3384-11-5,我有一條特別了不起的神經
3384-15-1,我有一條特別了不起的神經
3384-15-2,我有一條特別了不起的神經
3384-15-3,我有一條特別了不起的神經
3384-15-4,我有一條特別了不起的神經
3384-15-5,我有一條特別了不起的神經
3384-7-1,我有一條特別了不起的神經
3384-7-2,我有一條特別了不起的神經
3384-7-3,我有一條特別了不起的神經
3384-7-4,我有一條特別了不起的神經
3384-7-5,我有一條特別了不起的神經
3384-8-1,我有一條特別了不起的神經
3384-8-2,我有一條特別了不起的神經
3384-8-3,我有一條特別了不起的神經
3384-8-4,我有一條特別了不起的神經
3384-8-5,我有一條特別了不起的神經
3384-9-1,我有一條特別了不起的神經
3384-9-2,我有一條特別了不起的神經
3384-9-3,我有一條特別了不起的神經
3384-9-4,我有一條特別了不起的神經
3384-9-5,我有一條特別了不起的神經
3385-1-1,我有一條特別了不起的神經
3385-1-2,我有一條特別了不起的神經
3385-1-3,我有一條特別了不起的神經
3385-1-4,我有一條特別了不起的神經
3385-1-5,我有一條特別了不起的神經
3394-2-1,我有一條特別了不起的神經
3394-2-2,我有一條特別了不起的神經
3394-2-3,我有一條特別了不起的神經
3394-2-4,我有一條特別了不起的神經
3394-2-5,我有一條特別了不起的神經
3394-3-1,我有一條特別了不起的神經
3394-3-2,我有一條特別了不起的神經
3394-3-3,我有一條特別了不起的神經
3394-3-4,我有一條特別了不起的神經
3395-4-1,我有一條特別了不起的神經
3395-4-2,我有一條特別了不起的神經
3395-4-3,我有一條特別了不起的神經
3395-4-4,我有一條特別了不起的神經
3395-6-1,我有一條特別了不起的神經
3395-6-2,我有一條特別了不起的神經
3395-6-3,我有一條特別了不起的神經
3395-6-4,我有一條特別了不起的神經
3395-6-5,我有一條特別了不起的神經
3395-7-1,我有一條特別了不起的神經
3395-7-2,我有一條特別了不起的神經
3395-7-3,我有一條特別了不起的神經
3395-7-4,我有一條特別了不起的神經
3395-7-5,我有一條特別了不起的神經
3417-3-1,我有一條特別了不起的神經
3417-3-2,我有一條特別了不起的神經
3417-3-3,我有一條特別了不起的神經
3417-3-4,我有一條特別了不起的神經
3424-1-1,我有一條特別了不起的神經
3424-1-2,我有一條特別了不起的神經
3424-1-3,我有一條特別了不起的神經
3424-1-4,我有一條特別了不起的神經
3424-1-5,我有一條特別了不起的神經
3431-1-1,我有一條特別了不起的神經
3431-1-2,我有一條特別了不起的神經
3431-1-3,我有一條特別了不起的神經
3431-1-4,我有一條特別了不起的神經
3431-11-1,我有一條特別了不起的神經
3431-11-2,我有一條特別了不起的神經
3431-11-3,我有一條特別了不起的神經
3431-11-4,我有一條特別了不起的神經
3431-12-1,我有一條特別了不起的神經
3431-12-2,我有一條特別了不起的神經
3431-12-3,我有一條特別了不起的神經
3431-12-4,我有一條特別了不起的神經
3431-13-1,我有一條特別了不起的神經
3431-13-2,我有一條特別了不起的神經
3431-13-3,我有一條特別了不起的神經
3431-13-4,我有一條特別了不起的神經
3431-3-1,我有一條特別了不起的神經
3431-3-2,我有一條特別了不起的神經
3431-3-3,我有一條特別了不起的神經
3431-3-4,我有一條特別了不起的神經
3431-3-5,我有一條特別了不起的神經
3431-4-1,我有一條特別了不起的神經
3431-4-2,我有一條特別了不起的神經
3431-4-3,我有一條特別了不起的神經
3431-4-4,我有一條特別了不起的神經
3431-5-1,我有一條特別了不起的神經
3431-5-2,我有一條特別了不起的神經
3431-5-3,我有一條特別了不起的神經
3431-5-4,我有一條特別了不起的神經
3431-9-1,我有一條特別了不起的神經
3431-9-2,我有一條特別了不起的神經
3431-9-3,我有一條特別了不起的神經
3431-9-4,我有一條特別了不起的神經
3431-9-5,我有一條特別了不起的神經
3432-2-1,我有一條特別了不起的神經
3432-2-2,我有一條特別了不起的神經
3432-2-3,我有一條特別了不起的神經
3432-2-4,我有一條特別了不起的神經
3432-2-5,我有一條特別了不起的神經
3432-5-1,我有一條特別了不起的神經
3432-5-2,我有一條特別了不起的神經
3432-5-3,我有一條特別了不起的神經
3432-5-4,我有一條特別了不起的神經
3432-5-5,我有一條特別了不起的神經
3432-6-1,我有一條特別了不起的神經
3432-6-2,我有一條特別了不起的神經
3432-6-3,我有一條特別了不起的神經
3432-6-4,我有一條特別了不起的神經
3439-2-1,我有一條特別了不起的神經
3439-2-2,我有一條特別了不起的神經
3439-2-3,我有一條特別了不起的神經
3439-2-4,我有一條特別了不起的神經
3447-3-1,我有一條特別了不起的神經
3447-3-2,我有一條特別了不起的神經
3447-3-3,我有一條特別了不起的神經
3447-3-4,我有一條特別了不起的神經
3447-3-5,我有一條特別了不起的神經
3454-3-1,我有一條特別了不起的神經
3454-3-2,我有一條特別了不起的神經
3454-3-3,我有一條特別了不起的神經
3454-3-4,我有一條特別了不起的神經
3454-3-5,我有一條特別了不起的神經
3456-2-1,我有一條特別了不起的神經
3456-2-2,我有一條特別了不起的神經
3456-2-3,我有一條特別了不起的神經
3456-2-4,我有一條特別了不起的神經
3456-2-5,我有一條特別了不起的神經
3474-1-1,我有一條特別了不起的神經
3474-1-2,我有一條特別了不起的神經
3474-1-3,我有一條特別了不起的神經
3474-1-4,我有一條特別了不起的神經
3478-2-1,我有一條特別了不起的神經
3478-2-2,我有一條特別了不起的神經
3478-2-3,我有一條特別了不起的神經
3478-2-4,我有一條特別了不起的神經
3478-2-5,我有一條特別了不起的神經
3478-3-1,我有一條特別了不起的神經
3478-3-2,我有一條特別了不起的神經
3478-3-3,我有一條特別了不起的神經
3478-3-4,我有一條特別了不起的神經
3478-3-5,我有一條特別了不起的神經
3478-4-1,我有一條特別了不起的神經
3478-4-2,我有一條特別了不起的神經
3478-4-3,我有一條特別了不起的神經
3478-4-4,我有一條特別了不起的神經
3482-1-1,我有一條特別了不起的神經
3482-1-2,我有一條特別了不起的神經
3482-1-3,我有一條特別了不起的神經
3482-1-4,我有一條特別了不起的神經
3482-1-5,我有一條特別了不起的神經
3482-2-1,我有一條特別了不起的神經
3482-2-2,我有一條特別了不起的神經
3482-2-3,我有一條特別了不起的神經
3482-2-4,我有一條特別了不起的神經
3517-2-1,我有一條特別了不起的神經
3517-2-2,我有一條特別了不起的神經
3517-2-3,我有一條特別了不起的神經
3517-2-4,我有一條特別了不起的神經
3519-2-1,我有一條特別了不起的神經
3519-2-2,我有一條特別了不起的神經
3519-2-3,我有一條特別了不起的神經
3519-2-4,我有一條特別了不起的神經
3521-10-1,我有一條特別了不起的神經
3521-10-2,我有一條特別了不起的神經
3521-10-3,我有一條特別了不起的神經
3521-10-4,我有一條特別了不起的神經
3521-10-5,我有一條特別了不起的神經
3521-3-1,我有一條特別了不起的神經
3521-3-2,我有一條特別了不起的神經
3521-3-3,我有一條特別了不起的神經
3521-3-4,我有一條特別了不起的神經
3521-3-5,我有一條特別了不起的神經
3524-2-1,我有一條特別了不起的神經
3524-2-2,我有一條特別了不起的神經
3524-2-3,我有一條特別了不起的神經
3524-2-4,我有一條特別了不起的神經
3524-5-1,我有一條特別了不起的神經
3524-5-2,我有一條特別了不起的神經
3524-5-3,我有一條特別了不起的神經
3524-5-4,我有一條特別了不起的神經
3524-6-1,我有一條特別了不起的神經
3524-6-2,我有一條特別了不起的神經
3524-6-3,我有一條特別了不起的神經
3524-6-4,我有一條特別了不起的神經
3524-6-5,我有一條特別了不起的神經
3526-1-1,我有一條特別了不起的神經
3526-1-2,我有一條特別了不起的神經
3526-1-3,我有一條特別了不起的神經
3526-1-4,我有一條特別了不起的神經
3526-1-5,我有一條特別了不起的神經
3526-2-1,我有一條特別了不起的神經
3526-2-2,我有一條特別了不起的神經
3526-2-3,我有一條特別了不起的神經
3526-2-4,我有一條特別了不起的神經
3528-2-1,我有一條特別了不起的神經
3528-2-2,我有一條特別了不起的神經
3528-2-3,我有一條特別了不起的神經
3528-2-4,我有一條特別了不起的神經
3528-2-5,我有一條特別了不起的神經
3557-1-1,我有一條特別了不起的神經
3557-1-2,我有一條特別了不起的神經
3557-1-3,我有一條特別了不起的神經
3557-1-4,我有一條特別了不起的神經
3557-1-5,我有一條特別了不起的神經
3563-1-1,我有一條特別了不起的神經
3563-1-2,我有一條特別了不起的神經
3563-1-3,我有一條特別了不起的神經
3563-1-4,我有一條特別了不起的神經
3563-1-5,我有一條特別了不起的神經
3568-1-1,我有一條特別了不起的神經
3568-1-2,我有一條特別了不起的神經
3568-1-3,我有一條特別了不起的神經
3568-1-4,我有一條特別了不起的神經
3568-1-5,我有一條特別了不起的神經
3568-3-1,我有一條特別了不起的神經
3568-3-2,我有一條特別了不起的神經
3568-3-3,我有一條特別了不起的神經
3568-3-4,我有一條特別了不起的神經
3568-3-5,我有一條特別了不起的神經
3570-1-1,我有一條特別了不起的神經
3570-1-2,我有一條特別了不起的神經
3570-1-3,我有一條特別了不起的神經
3570-1-4,我有一條特別了不起的神經
3574-3-1,我有一條特別了不起的神經
3574-3-2,我有一條特別了不起的神經
3574-3-3,我有一條特別了不起的神經
3574-3-4,我有一條特別了不起的神經
3574-3-5,我有一條特別了不起的神經
3579-2-1,我有一條特別了不起的神經
3579-2-2,我有一條特別了不起的神經
3579-2-3,我有一條特別了不起的神經
3579-2-4,我有一條特別了不起的神經
3579-2-5,我有一條特別了不起的神經
3579-5-1,我有一條特別了不起的神經
3579-5-2,我有一條特別了不起的神經
3579-5-3,我有一條特別了不起的神經
3579-5-4,我有一條特別了不起的神經
3579-5-5,我有一條特別了不起的神經
4869-1-1,我有一條特別了不起的神經
4869-1-2,我有一條特別了不起的神經
4869-1-3,我有一條特別了不起的神經
4869-10-1,我有一條特別了不起的神經
4869-10-2,我有一條特別了不起的神經
4869-10-3,我有一條特別了不起的神經
4869-6-1,我有一條特別了不起的神經
4869-6-2,我有一條特別了不起的神經
4869-6-3,我有一條特別了不起的神經
4876-3-1,我有一條特別了不起的神經
4876-3-2,我有一條特別了不起的神經
4876-3-3,我有一條特別了不起的神經
4876-5-1,我有一條特別了不起的神經
4876-5-2,我有一條特別了不起的神經
4876-5-3,我有一條特別了不起的神經
4885-1-1,我有一條特別了不起的神經
4885-1-2,我有一條特別了不起的神經
4885-1-3,我有一條特別了不起的神經
4887-3-1,我有一條特別了不起的神經
4887-3-2,我有一條特別了不起的神經
4887-3-3,我有一條特別了不起的神經
4893-1-1,我有一條特別了不起的神經
4893-1-2,我有一條特別了不起的神經
4893-1-3,我有一條特別了不起的神經
4893-10-1,我有一條特別了不起的神經
4893-10-2,我有一條特別了不起的神經
4893-10-3,我有一條特別了不起的神經
4893-11-1,我有一條特別了不起的神經
4893-11-2,我有一條特別了不起的神經
4893-11-3,我有一條特別了不起的神經
4893-13-1,我有一條特別了不起的神經
4893-13-2,我有一條特別了不起的神經
4893-13-3,我有一條特別了不起的神經
4893-7-1,我有一條特別了不起的神經
4893-7-2,我有一條特別了不起的神經
4893-7-3,我有一條特別了不起的神經
4899-2-1,我有一條特別了不起的神經
4899-2-2,我有一條特別了不起的神經
4899-2-3,我有一條特別了不起的神經
4902-1-1,我有一條特別了不起的神經
4902-1-2,我有一條特別了不起的神經
4902-1-3,我有一條特別了不起的神經
4902-3-1,我有一條特別了不起的神經
4902-3-2,我有一條特別了不起的神經
4902-3-3,我有一條特別了不起的神經
4902-3-4,我有一條特別了不起的神經
4902-6-1,我有一條特別了不起的神經
4902-6-2,我有一條特別了不起的神經
4902-6-3,我有一條特別了不起的神經
4902-6-4,我有一條特別了不起的神經
4904-1-1,我有一條特別了不起的神經
4904-1-2,我有一條特別了不起的神經
4904-1-3,我有一條特別了不起的神經
4904-2-1,我有一條特別了不起的神經
4904-2-2,我有一條特別了不起的神經
4904-2-3,我有一條特別了不起的神經
4911-13-1,我有一條特別了不起的神經
4911-13-2,我有一條特別了不起的神經
4911-13-3,我有一條特別了不起的神經
4911-15-1,我有一條特別了不起的神經
4911-15-2,我有一條特別了不起的神經
4911-15-3,我有一條特別了不起的神經
4911-2-1,我有一條特別了不起的神經
4911-2-2,我有一條特別了不起的神經
4911-2-3,我有一條特別了不起的神經
4912-6-1,我有一條特別了不起的神經
4912-6-2,我有一條特別了不起的神經
4912-6-3,我有一條特別了不起的神經
4912-9-1,我有一條特別了不起的神經
4912-9-2,我有一條特別了不起的神經
4912-9-3,我有一條特別了不起的神經
4912-9-4,我有一條特別了不起的神經
4916-1-1,我有一條特別了不起的神經
4916-1-2,我有一條特別了不起的神經
4916-1-3,我有一條特別了不起的神經
4916-2-1,我有一條特別了不起的神經
4916-2-2,我有一條特別了不起的神經
4916-2-3,我有一條特別了不起的神經
4916-5-1,我有一條特別了不起的神經
4916-5-2,我有一條特別了不起的神經
4916-5-3,我有一條特別了不起的神經
4918-2-1,我有一條特別了不起的神經
4918-2-2,我有一條特別了不起的神經
4918-2-3,我有一條特別了不起的神經
4918-4-1,我有一條特別了不起的神經
4918-4-2,我有一條特別了不起的神經
4918-4-3,我有一條特別了不起的神經
4938-1-1,我有一條特別了不起的神經
4938-1-2,我有一條特別了不起的神經
4938-1-3,我有一條特別了不起的神經
4941-1-1,我有一條特別了不起的神經
4941-1-2,我有一條特別了不起的神經
4941-1-3,我有一條特別了不起的神經
4941-11-1,我有一條特別了不起的神經
4941-11-2,我有一條特別了不起的神經
4941-11-3,我有一條特別了不起的神經
4941-15-1,我有一條特別了不起的神經
4941-15-2,我有一條特別了不起的神經
4941-15-3,我有一條特別了不起的神經
4941-17-1,我有一條特別了不起的神經
4941-17-2,我有一條特別了不起的神經
4941-17-3,我有一條特別了不起的神經
4941-17-4,我有一條特別了不起的神經
4941-20-1,我有一條特別了不起的神經
4941-20-2,我有一條特別了不起的神經
4941-20-3,我有一條特別了不起的神經
4941-24-1,我有一條特別了不起的神經
4941-24-2,我有一條特別了不起的神經
4941-24-3,我有一條特別了不起的神經
4941-25-1,我有一條特別了不起的神經
4941-25-2,我有一條特別了不起的神經
4941-25-3,我有一條特別了不起的神經
4941-26-1,我有一條特別了不起的神經
4941-26-2,我有一條特別了不起的神經
4941-26-3,我有一條特別了不起的神經
4941-3-1,我有一條特別了不起的神經
4941-3-2,我有一條特別了不起的神經
4941-3-3,我有一條特別了不起的神經
4941-36-1,我有一條特別了不起的神經
4941-36-2,我有一條特別了不起的神經
4941-36-3,我有一條特別了不起的神經
4941-5-1,我有一條特別了不起的神經
4941-5-2,我有一條特別了不起的神經
4941-5-3,我有一條特別了不起的神經
4941-9-1,我有一條特別了不起的神經
4941-9-2,我有一條特別了不起的神經
4941-9-3,我有一條特別了不起的神經
4944-3-1,我有一條特別了不起的神經
4944-3-2,我有一條特別了不起的神經
4944-3-3,我有一條特別了不起的神經
4944-6-1,我有一條特別了不起的神經
4944-6-2,我有一條特別了不起的神經
4944-6-3,我有一條特別了不起的神經
4946-1-1,我有一條特別了不起的神經
4946-1-2,我有一條特別了不起的神經
4946-1-3,我有一條特別了不起的神經
4946-3-1,我有一條特別了不起的神經
4946-3-2,我有一條特別了不起的神經
4946-3-3,我有一條特別了不起的神經
4946-3-4,我有一條特別了不起的神經
4947-6-1,我有一條特別了不起的神經
4947-6-2,我有一條特別了不起的神經
4947-6-3,我有一條特別了不起的神經
4949-2-1,我有一條特別了不起的神經
4949-2-2,我有一條特別了不起的神經
4949-2-3,我有一條特別了不起的神經
4956-3-1,我有一條特別了不起的神經
4956-3-2,我有一條特別了不起的神經
4956-3-3,我有一條特別了不起的神經
4956-3-4,我有一條特別了不起的神經
4962-13-1,我有一條特別了不起的神經
4962-13-2,我有一條特別了不起的神經
4962-13-3,我有一條特別了不起的神經
4962-3-1,我有一條特別了不起的神經
4962-3-2,我有一條特別了不起的神經
4962-3-3,我有一條特別了不起的神經
4962-8-1,我有一條特別了不起的神經
4962-8-2,我有一條特別了不起的神經
4962-8-3,我有一條特別了不起的神經
4965-1-1,我有一條特別了不起的神經
4965-1-2,我有一條特別了不起的神經
4965-1-3,我有一條特別了不起的神經
4965-1-4,我有一條特別了不起的神經
4967-11-1,我有一條特別了不起的神經
4967-11-2,我有一條特別了不起的神經
4967-11-3,我有一條特別了不起的神經
4967-4-1,我有一條特別了不起的神經
4967-4-2,我有一條特別了不起的神經
4967-4-3,我有一條特別了不起的神經
4971-1-1,我有一條特別了不起的神經
4971-1-2,我有一條特別了不起的神經
4971-1-3,我有一條特別了不起的神經
4976-4-1,我有一條特別了不起的神經
4976-4-2,我有一條特別了不起的神經
4976-4-3,我有一條特別了不起的神經
4977-1-1,我有一條特別了不起的神經
4977-1-2,我有一條特別了不起的神經
4977-1-3,我有一條特別了不起的神經
4979-1-1,我有一條特別了不起的神經
4979-1-2,我有一條特別了不起的神經
4979-1-3,我有一條特別了不起的神經
4979-2-1,我有一條特別了不起的神經
4979-2-2,我有一條特別了不起的神經
4979-2-3,我有一條特別了不起的神經
4980-1-1,我有一條特別了不起的神經
4980-1-2,我有一條特別了不起的神經
4980-1-3,我有一條特別了不起的神經
4982-1-1,我有一條特別了不起的神經
4982-1-2,我有一條特別了不起的神經
4982-1-3,我有一條特別了不起的神經
4982-14-1,我有一條特別了不起的神經
4982-14-2,我有一條特別了不起的神經
4982-14-3,我有一條特別了不起的神經
4982-15-1,我有一條特別了不起的神經
4982-15-2,我有一條特別了不起的神經
4982-15-3,我有一條特別了不起的神經
4982-16-1,我有一條特別了不起的神經
4982-16-2,我有一條特別了不起的神經
4982-16-3,我有一條特別了不起的神經
4982-20-1,我有一條特別了不起的神經
4982-20-2,我有一條特別了不起的神經
4982-20-3,我有一條特別了不起的神經
4982-6-1,我有一條特別了不起的神經
4982-6-2,我有一條特別了不起的神經
4982-6-3,我有一條特別了不起的神經
4982-7-1,我有一條特別了不起的神經
4982-7-2,我有一條特別了不起的神經
4982-7-3,我有一條特別了不起的神經
4984-1-1,我有一條特別了不起的神經
4984-1-2,我有一條特別了不起的神經
4984-1-3,我有一條特別了不起的神經
4984-2-1,我有一條特別了不起的神經
4984-2-2,我有一條特別了不起的神經
4984-2-3,我有一條特別了不起的神經
4988-1-1,我有一條特別了不起的神經
4988-1-2,我有一條特別了不起的神經
4988-1-3,我有一條特別了不起的神經
4992-1-1,我有一條特別了不起的神經
4992-1-2,我有一條特別了不起的神經
4992-1-3,我有一條特別了不起的神經
4992-2-1,我有一條特別了不起的神經
4992-2-2,我有一條特別了不起的神經
4992-2-3,我有一條特別了不起的神經
4994-1-1,我有一條特別了不起的神經
4994-1-2,我有一條特別了不起的神經
4994-1-3,我有一條特別了不起的神經
4997-10-1,我有一條特別了不起的神經
4997-10-2,我有一條特別了不起的神經
4997-10-3,我有一條特別了不起的神經
4997-10-4,我有一條特別了不起的神經
4997-2-1,我有一條特別了不起的神經
4997-2-2,我有一條特別了不起的神經
4997-2-3,我有一條特別了不起的神經
4997-4-1,我有一條特別了不起的神經
4997-4-2,我有一條特別了不起的神經
4997-4-3,我有一條特別了不起的神經
4997-5-1,我有一條特別了不起的神經
4997-5-2,我有一條特別了不起的神經
4997-5-3,我有一條特別了不起的神經
4997-7-1,我有一條特別了不起的神經
4997-7-2,我有一條特別了不起的神經
4997-7-3,我有一條特別了不起的神經
4997-8-1,我有一條特別了不起的神經
4997-8-2,我有一條特別了不起的神經
4997-8-3,我有一條特別了不起的神經
4997-8-4,我有一條特別了不起的神經
4997-9-1,我有一條特別了不起的神經
4997-9-2,我有一條特別了不起的神經
4997-9-3,我有一條特別了不起的神經
4998-2-1,我有一條特別了不起的神經
4998-2-2,我有一條特別了不起的神經
4998-2-3,我有一條特別了不起的神經
5000-1-1,我有一條特別了不起的神經
5000-1-2,我有一條特別了不起的神經
5000-1-3,我有一條特別了不起的神經
5378-4-1,我有一條特別了不起的神經
5378-4-2,我有一條特別了不起的神經
5378-4-3,我有一條特別了不起的神經
5381-2-1,我有一條特別了不起的神經
5381-2-2,我有一條特別了不起的神經
5381-2-3,我有一條特別了不起的神經
5383-1-1,我有一條特別了不起的神經
5383-1-2,我有一條特別了不起的神經
5383-1-3,我有一條特別了不起的神經
5384-1-1,我有一條特別了不起的神經
5384-1-2,我有一條特別了不起的神經
5384-1-3,我有一條特別了不起的神經
5384-1-4,我有一條特別了不起的神經
5384-2-1,我有一條特別了不起的神經
5384-2-2,我有一條特別了不起的神經
5384-2-3,我有一條特別了不起的神經
5384-2-4,我有一條特別了不起的神經
5386-3-1,我有一條特別了不起的神經
5386-3-2,我有一條特別了不起的神經
5386-3-3,我有一條特別了不起的神經
5386-3-4,我有一條特別了不起的神經
5392-4-1,我有一條特別了不起的神經
5392-4-2,我有一條特別了不起的神經
5392-4-3,我有一條特別了不起的神經
5394-2-1,我有一條特別了不起的神經
5394-2-2,我有一條特別了不起的神經
5394-2-3,我有一條特別了不起的神經
5394-2-4,我有一條特別了不起的神經
5397-1-1,我有一條特別了不起的神經
5397-1-2,我有一條特別了不起的神經
5397-1-3,我有一條特別了不起的神經
5401-1-1,我有一條特別了不起的神經
5401-1-2,我有一條特別了不起的神經
5401-1-3,我有一條特別了不起的神經
5401-1-4,我有一條特別了不起的神經
5406-1-1,我有一條特別了不起的神經
5406-1-2,我有一條特別了不起的神經
5406-1-3,我有一條特別了不起的神經
5408-1-1,我有一條特別了不起的神經
5408-1-2,我有一條特別了不起的神經
5408-1-3,我有一條特別了不起的神經
5408-1-4,我有一條特別了不起的神經
5408-1-5,我有一條特別了不起的神經
5411-2-1,我有一條特別了不起的神經
5411-2-2,我有一條特別了不起的神經
5411-2-3,我有一條特別了不起的神經
5418-4-1,我有一條特別了不起的神經
5418-4-2,我有一條特別了不起的神經
5418-4-3,我有一條特別了不起的神經
5420-1-1,我有一條特別了不起的神經
5420-1-2,我有一條特別了不起的神經
5420-1-3,我有一條特別了不起的神經
5420-1-4,我有一條特別了不起的神經
5423-1-1,我有一條特別了不起的神經
5423-1-2,我有一條特別了不起的神經
5423-1-3,我有一條特別了不起的神經
5423-1-4,我有一條特別了不起的神經
5426-2-1,我有一條特別了不起的神經
5426-2-2,我有一條特別了不起的神經
5426-2-3,我有一條特別了不起的神經
5426-2-4,我有一條特別了不起的神經
5428-1-1,我有一條特別了不起的神經
5428-1-2,我有一條特別了不起的神經
5428-1-3,我有一條特別了不起的神經
5428-2-1,我有一條特別了不起的神經
5428-2-2,我有一條特別了不起的神經
5428-2-3,我有一條特別了不起的神經
5428-2-4,我有一條特別了不起的神經
5438-1-1,我有一條特別了不起的神經
5438-1-2,我有一條特別了不起的神經
5438-1-3,我有一條特別了不起的神經
5438-1-4,我有一條特別了不起的神經
5445-1-1,我有一條特別了不起的神經
5445-1-2,我有一條特別了不起的神經
5445-1-3,我有一條特別了不起的神經
5445-1-4,我有一條特別了不起的神經
5448-1-1,我有一條特別了不起的神經
5448-1-2,我有一條特別了不起的神經
5448-1-3,我有一條特別了不起的神經
5450-1-1,我有一條特別了不起的神經
5450-1-2,我有一條特別了不起的神經
5450-1-3,我有一條特別了不起的神經
5450-1-4,我有一條特別了不起的神經
5450-4-1,我有一條特別了不起的神經
5450-4-2,我有一條特別了不起的神經
5450-4-3,我有一條特別了不起的神經
5453-10-1,我有一條特別了不起的神經
5453-10-2,我有一條特別了不起的神經
5453-10-3,我有一條特別了不起的神經
5453-7-1,我有一條特別了不起的神經
5453-7-2,我有一條特別了不起的神經
5453-7-3,我有一條特別了不起的神經
5457-1-1,我有一條特別了不起的神經
5457-1-2,我有一條特別了不起的神經
5457-1-3,我有一條特別了不起的神經
5457-11-1,我有一條特別了不起的神經
5457-11-2,我有一條特別了不起的神經
5457-11-3,我有一條特別了不起的神經
5457-3-1,我有一條特別了不起的神經
5457-3-2,我有一條特別了不起的神經
5457-3-3,我有一條特別了不起的神經
5457-6-1,我有一條特別了不起的神經
5457-6-2,我有一條特別了不起的神經
5457-6-3,我有一條特別了不起的神經
5457-6-4,我有一條特別了不起的神經
5468-2-1,我有一條特別了不起的神經
5468-2-2,我有一條特別了不起的神經
5468-2-3,我有一條特別了不起的神經
5468-3-1,我有一條特別了不起的神經
5468-3-2,我有一條特別了不起的神經
5468-3-3,我有一條特別了不起的神經
5471-2-1,我有一條特別了不起的神經
5471-2-2,我有一條特別了不起的神經
5471-2-3,我有一條特別了不起的神經
5471-2-4,我有一條特別了不起的神經
5475-1-1,我有一條特別了不起的神經
5475-1-2,我有一條特別了不起的神經
5475-1-3,我有一條特別了不起的神經
5476-2-1,我有一條特別了不起的神經
5476-2-2,我有一條特別了不起的神經
5476-2-3,我有一條特別了不起的神經
5489-2-1,我有一條特別了不起的神經
5489-2-2,我有一條特別了不起的神經
5489-2-3,我有一條特別了不起的神經
5494-1-1,我有一條特別了不起的神經
5494-1-2,我有一條特別了不起的神經
5494-1-3,我有一條特別了不起的神經
5494-1-4,我有一條特別了不起的神經
5500-1-1,我有一條特別了不起的神經
5500-1-2,我有一條特別了不起的神經
5500-1-3,我有一條特別了不起的神經
5501-1-1,我有一條特別了不起的神經
5501-1-2,我有一條特別了不起的神經
5501-1-3,我有一條特別了不起的神經
5501-3-1,我有一條特別了不起的神經
5501-3-2,我有一條特別了不起的神經
5501-3-3,我有一條特別了不起的神經
5501-5-1,我有一條特別了不起的神經
5501-5-2,我有一條特別了不起的神經
5501-5-3,我有一條特別了不起的神經
5501-5-4,我有一條特別了不起的神經
5501-6-1,我有一條特別了不起的神經
5501-6-2,我有一條特別了不起的神經
5501-6-3,我有一條特別了不起的神經
5508-2-1,我有一條特別了不起的神經
5508-2-2,我有一條特別了不起的神經
5508-2-3,我有一條特別了不起的神經
5508-8-1,我有一條特別了不起的神經
5508-8-2,我有一條特別了不起的神經
5508-8-3,我有一條特別了不起的神經
5508-9-1,我有一條特別了不起的神經
5508-9-2,我有一條特別了不起的神經
5508-9-3,我有一條特別了不起的神經
5508-9-4,我有一條特別了不起的神經
5522-1-1,我有一條特別了不起的神經
5522-1-2,我有一條特別了不起的神經
5522-1-3,我有一條特別了不起的神經
5522-4-1,我有一條特別了不起的神經
5522-4-2,我有一條特別了不起的神經
5522-4-3,我有一條特別了不起的神經
5522-5-1,我有一條特別了不起的神經
5522-5-2,我有一條特別了不起的神經
5522-5-3,我有一條特別了不起的神經
5522-6-1,我有一條特別了不起的神經
5522-6-2,我有一條特別了不起的神經
5522-6-3,我有一條特別了不起的神經
5522-6-4,我有一條特別了不起的神經
5522-6-5,我有一條特別了不起的神經
5523-10-1,我有一條特別了不起的神經
5523-10-2,我有一條特別了不起的神經
5523-10-3,我有一條特別了不起的神經
5523-11-1,我有一條特別了不起的神經
5523-11-2,我有一條特別了不起的神經
5523-11-3,我有一條特別了不起的神經
5523-11-4,我有一條特別了不起的神經
5523-11-5,我有一條特別了不起的神經
5523-4-1,我有一條特別了不起的神經
5523-4-2,我有一條特別了不起的神經
5523-4-3,我有一條特別了不起的神經
5523-4-4,我有一條特別了不起的神經
5523-5-1,我有一條特別了不起的神經
5523-5-2,我有一條特別了不起的神經
5523-5-3,我有一條特別了不起的神經
5528-3-1,我有一條特別了不起的神經
5528-3-2,我有一條特別了不起的神經
5528-3-3,我有一條特別了不起的神經
5528-3-4,我有一條特別了不起的神經
5528-9-1,我有一條特別了不起的神經
5528-9-2,我有一條特別了不起的神經
5528-9-3,我有一條特別了不起的神經
5528-9-4,我有一條特別了不起的神經
5529-2-1,我有一條特別了不起的神經
5529-2-2,我有一條特別了不起的神經
5529-2-3,我有一條特別了不起的神經
5529-3-1,我有一條特別了不起的神經
5529-3-2,我有一條特別了不起的神經
5529-3-3,我有一條特別了不起的神經
5529-3-4,我有一條特別了不起的神經
5529-6-1,我有一條特別了不起的神經
5529-6-2,我有一條特別了不起的神經
5529-6-3,我有一條特別了不起的神經
5529-7-1,我有一條特別了不起的神經
5529-7-2,我有一條特別了不起的神經
5529-7-3,我有一條特別了不起的神經
5530-1-1,我有一條特別了不起的神經
5530-1-2,我有一條特別了不起的神經
5530-1-3,我有一條特別了不起的神經
5530-3-1,我有一條特別了不起的神經
5530-3-2,我有一條特別了不起的神經
5530-3-3,我有一條特別了不起的神經
5531-1-1,我有一條特別了不起的神經
5531-1-2,我有一條特別了不起的神經
5531-1-3,我有一條特別了不起的神經
5531-1-4,我有一條特別了不起的神經
5535-3-1,我有一條特別了不起的神經
5535-3-2,我有一條特別了不起的神經
5535-3-3,我有一條特別了不起的神經
5543-1-1,我有一條特別了不起的神經
5543-1-2,我有一條特別了不起的神經
5543-1-3,我有一條特別了不起的神經
5546-1-1,我有一條特別了不起的神經
5546-1-2,我有一條特別了不起的神經
5546-1-3,我有一條特別了不起的神經
5546-1-4,我有一條特別了不起的神經
5546-1-5,我有一條特別了不起的神經
5546-4-1,我有一條特別了不起的神經
5546-4-2,我有一條特別了不起的神經
5546-4-3,我有一條特別了不起的神經
5546-6-1,我有一條特別了不起的神經
5546-6-2,我有一條特別了不起的神經
5546-6-3,我有一條特別了不起的神經
5546-6-4,我有一條特別了不起的神經
5546-9-1,我有一條特別了不起的神經
5546-9-2,我有一條特別了不起的神經
5546-9-3,我有一條特別了不起的神經
5548-4-1,我有一條特別了不起的神經
5548-4-2,我有一條特別了不起的神經
5548-4-3,我有一條特別了不起的神經
5551-1-1,我有一條特別了不起的神經
5551-1-2,我有一條特別了不起的神經
5551-1-3,我有一條特別了不起的神經
5577-6-1,我有一條特別了不起的神經
5577-6-2,我有一條特別了不起的神經
5577-6-3,我有一條特別了不起的神經
5577-6-4,我有一條特別了不起的神經
5577-7-1,我有一條特別了不起的神經
5577-7-2,我有一條特別了不起的神經
5577-7-3,我有一條特別了不起的神經
5577-7-4,我有一條特別了不起的神經
5580-4-1,我有一條特別了不起的神經
5580-4-2,我有一條特別了不起的神經
5580-4-3,我有一條特別了不起的神經
5580-6-1,我有一條特別了不起的神經
5580-6-2,我有一條特別了不起的神經
5580-6-3,我有一條特別了不起的神經
5580-6-4,我有一條特別了不起的神經
5580-6-5,我有一條特別了不起的神經
5580-9-1,我有一條特別了不起的神經
5580-9-2,我有一條特別了不起的神經
5580-9-3,我有一條特別了不起的神經
5580-9-4,我有一條特別了不起的神經
5584-1-1,我有一條特別了不起的神經
5584-1-2,我有一條特別了不起的神經
5584-1-3,我有一條特別了不起的神經
5584-2-1,我有一條特別了不起的神經
5584-2-2,我有一條特別了不起的神經
5584-2-3,我有一條特別了不起的神經
5597-1-1,我有一條特別了不起的神經
5597-1-2,我有一條特別了不起的神經
5597-1-3,我有一條特別了不起的神經
5597-1-4,我有一條特別了不起的神經
5597-13-1,我有一條特別了不起的神經
5597-13-2,我有一條特別了不起的神經
5597-13-3,我有一條特別了不起的神經
5597-13-4,我有一條特別了不起的神經
5597-13-5,我有一條特別了不起的神經
5597-5-1,我有一條特別了不起的神經
5597-5-2,我有一條特別了不起的神經
5597-5-3,我有一條特別了不起的神經
5597-5-4,我有一條特別了不起的神經
5599-2-1,我有一條特別了不起的神經
5599-2-2,我有一條特別了不起的神經
5599-2-3,我有一條特別了不起的神經
5599-3-1,我有一條特別了不起的神經
5599-3-2,我有一條特別了不起的神經
5599-3-3,我有一條特別了不起的神經
5600-3-1,我有一條特別了不起的神經
5600-3-2,我有一條特別了不起的神經
5600-3-3,我有一條特別了不起的神經
5603-1-1,我有一條特別了不起的神經
5603-1-2,我有一條特別了不起的神經
5603-1-3,我有一條特別了不起的神經
5606-4-1,我有一條特別了不起的神經
5606-4-2,我有一條特別了不起的神經
5606-4-3,我有一條特別了不起的神經
5606-4-4,我有一條特別了不起的神經
5606-4-5,我有一條特別了不起的神經
5609-1-1,我有一條特別了不起的神經
5609-1-2,我有一條特別了不起的神經
5609-1-3,我有一條特別了不起的神經
5615-1-1,我有一條特別了不起的神經
5615-1-2,我有一條特別了不起的神經
5615-1-3,我有一條特別了不起的神經
5615-1-4,我有一條特別了不起的神經
5615-1-5,我有一條特別了不起的神經
5619-1-1,我有一條特別了不起的神經
5619-1-2,我有一條特別了不起的神經
5619-1-3,我有一條特別了不起的神經
5619-3-1,我有一條特別了不起的神經
5619-3-2,我有一條特別了不起的神經
5619-3-3,我有一條特別了不起的神經
5622-1-1,我有一條特別了不起的神經
5622-1-2,我有一條特別了不起的神經
5622-1-3,我有一條特別了不起的神經
5622-2-1,我有一條特別了不起的神經
5622-2-2,我有一條特別了不起的神經
5622-2-3,我有一條特別了不起的神經
5622-3-1,我有一條特別了不起的神經
5622-3-2,我有一條特別了不起的神經
5622-3-3,我有一條特別了不起的神經
5622-3-4,我有一條特別了不起的神經
5625-1-1,我有一條特別了不起的神經
5625-1-2,我有一條特別了不起的神經
5625-1-3,我有一條特別了不起的神經
5625-2-1,我有一條特別了不起的神經
5625-2-2,我有一條特別了不起的神經
5625-2-3,我有一條特別了不起的神經
5626-2-1,我有一條特別了不起的神經
5626-2-2,我有一條特別了不起的神經
5626-2-3,我有一條特別了不起的神經
5626-4-1,我有一條特別了不起的神經
5626-4-2,我有一條特別了不起的神經
5626-4-3,我有一條特別了不起的神經
5633-1-1,我有一條特別了不起的神經
5633-1-2,我有一條特別了不起的神經
5633-1-3,我有一條特別了不起的神經
5635-17-1,我有一條特別了不起的神經
5635-17-2,我有一條特別了不起的神經
5635-17-3,我有一條特別了不起的神經
5635-4-1,我有一條特別了不起的神經
5635-4-2,我有一條特別了不起的神經
5635-4-3,我有一條特別了不起的神經
5641-1-1,我有一條特別了不起的神經
5641-1-2,我有一條特別了不起的神經
5641-1-3,我有一條特別了不起的神經
5644-2-1,我有一條特別了不起的神經
5644-2-2,我有一條特別了不起的神經
5644-2-3,我有一條特別了不起的神經
5644-5-1,我有一條特別了不起的神經
5644-5-2,我有一條特別了不起的神經
5644-5-3,我有一條特別了不起的神經
5644-6-1,我有一條特別了不起的神經
5644-6-2,我有一條特別了不起的神經
5644-6-3,我有一條特別了不起的神經
5645-11-1,我有一條特別了不起的神經
5645-11-2,我有一條特別了不起的神經
5645-11-3,我有一條特別了不起的神經
5645-17-1,我有一條特別了不起的神經
5645-17-2,我有一條特別了不起的神經
5645-17-3,我有一條特別了不起的神經
5645-17-4,我有一條特別了不起的神經
5645-2-1,我有一條特別了不起的神經
5645-2-2,我有一條特別了不起的神經
5645-2-3,我有一條特別了不起的神經
5645-2-4,我有一條特別了不起的神經
5645-20-1,我有一條特別了不起的神經
5645-20-2,我有一條特別了不起的神經
5645-20-3,我有一條特別了不起的神經
5645-20-4,我有一條特別了不起的神經
5645-20-5,我有一條特別了不起的神經
5645-22-1,我有一條特別了不起的神經
5645-22-2,我有一條特別了不起的神經
5645-22-3,我有一條特別了不起的神經
5645-22-4,我有一條特別了不起的神經
5645-5-1,我有一條特別了不起的神經
5645-5-2,我有一條特別了不起的神經
5645-5-3,我有一條特別了不起的神經
5645-6-1,我有一條特別了不起的神經
5645-6-2,我有一條特別了不起的神經
5645-6-3,我有一條特別了不起的神經
5645-7-1,我有一條特別了不起的神經
5645-7-2,我有一條特別了不起的神經
5645-7-3,我有一條特別了不起的神經
5645-8-1,我有一條特別了不起的神經
5645-8-2,我有一條特別了不起的神經
5645-8-3,我有一條特別了不起的神經
5656-1-1,我有一條特別了不起的神經
5656-1-2,我有一條特別了不起的神經
5656-1-3,我有一條特別了不起的神經
5656-1-4,我有一條特別了不起的神經
5661-1-1,我有一條特別了不起的神經
5661-1-2,我有一條特別了不起的神經
5661-1-3,我有一條特別了不起的神經
5661-2-1,我有一條特別了不起的神經
5661-2-2,我有一條特別了不起的神經
5661-2-3,我有一條特別了不起的神經
5661-9-1,我有一條特別了不起的神經
5661-9-2,我有一條特別了不起的神經
5661-9-3,我有一條特別了不起的神經
5667-2-1,我有一條特別了不起的神經
5667-2-2,我有一條特別了不起的神經
5667-2-3,我有一條特別了不起的神經
5667-3-1,我有一條特別了不起的神經
5667-3-2,我有一條特別了不起的神經
5667-3-3,我有一條特別了不起的神經
5667-5-1,我有一條特別了不起的神經
5667-5-2,我有一條特別了不起的神經
5667-5-3,我有一條特別了不起的神經
5672-1-1,我有一條特別了不起的神經
5672-1-2,我有一條特別了不起的神經
5672-1-3,我有一條特別了不起的神經
5673-1-1,我有一條特別了不起的神經
5673-1-2,我有一條特別了不起的神經
5673-1-3,我有一條特別了不起的神經
5673-3-1,我有一條特別了不起的神經
5673-3-2,我有一條特別了不起的神經
5673-3-3,我有一條特別了不起的神經
5673-3-4,我有一條特別了不起的神經
5675-2-1,我有一條特別了不起的神經
5675-2-2,我有一條特別了不起的神經
5675-2-3,我有一條特別了不起的神經
5675-2-4,我有一條特別了不起的神經
5676-2-1,我有一條特別了不起的神經
5676-2-2,我有一條特別了不起的神經
5676-2-3,我有一條特別了不起的神經
5676-2-4,我有一條特別了不起的神經
5677-3-1,我有一條特別了不起的神經
5677-3-2,我有一條特別了不起的神經
5677-3-3,我有一條特別了不起的神經
5679-7-1,我有一條特別了不起的神經
5679-7-2,我有一條特別了不起的神經
5679-7-3,我有一條特別了不起的神經
5680-4-1,我有一條特別了不起的神經
5680-4-2,我有一條特別了不起的神經
5680-4-3,我有一條特別了不起的神經
5680-4-4,我有一條特別了不起的神經
5680-4-5,我有一條特別了不起的神經
5680-6-1,我有一條特別了不起的神經
5680-6-2,我有一條特別了不起的神經
5680-6-3,我有一條特別了不起的神經
5680-7-1,我有一條特別了不起的神經
5680-7-2,我有一條特別了不起的神經
5680-7-3,我有一條特別了不起的神經
5680-7-4,我有一條特別了不起的神經
5686-10-1,我有一條特別了不起的神經
5686-10-2,我有一條特別了不起的神經
5686-10-3,我有一條特別了不起的神經
5686-10-4,我有一條特別了不起的神經
5686-14-1,我有一條特別了不起的神經
5686-14-2,我有一條特別了不起的神經
5686-14-3,我有一條特別了不起的神經
5686-3-1,我有一條特別了不起的神經
5686-3-2,我有一條特別了不起的神經
5686-3-3,我有一條特別了不起的神經
5687-1-1,我有一條特別了不起的神經
5687-1-2,我有一條特別了不起的神經
5687-1-3,我有一條特別了不起的神經
5687-1-4,我有一條特別了不起的神經
5687-1-5,我有一條特別了不起的神經
5687-4-1,我有一條特別了不起的神經
5687-4-2,我有一條特別了不起的神經
5687-4-3,我有一條特別了不起的神經
5689-2-1,我有一條特別了不起的神經
5689-2-2,我有一條特別了不起的神經
5689-2-3,我有一條特別了不起的神經
5689-2-4,我有一條特別了不起的神經
5699-10-1,我有一條特別了不起的神經
5699-10-2,我有一條特別了不起的神經
5699-10-3,我有一條特別了不起的神經
5699-3-1,我有一條特別了不起的神經
5699-3-2,我有一條特別了不起的神經
5699-3-3,我有一條特別了不起的神經
5699-3-4,我有一條特別了不起的神經
5699-4-1,我有一條特別了不起的神經
5699-4-2,我有一條特別了不起的神經
5699-4-3,我有一條特別了不起的神經
5699-4-4,我有一條特別了不起的神經
5699-8-1,我有一條特別了不起的神經
5699-8-2,我有一條特別了不起的神經
5699-8-3,我有一條特別了不起的神經
5714-2-1,我有一條特別了不起的神經
5714-2-2,我有一條特別了不起的神經
5714-2-3,我有一條特別了不起的神經
5714-2-4,我有一條特別了不起的神經
5714-2-5,我有一條特別了不起的神經
5715-2-1,我有一條特別了不起的神經
5715-2-2,我有一條特別了不起的神經
5715-2-3,我有一條特別了不起的神經
5715-2-4,我有一條特別了不起的神經
5715-2-5,我有一條特別了不起的神經
5715-3-1,我有一條特別了不起的神經
5715-3-2,我有一條特別了不起的神經
5715-3-3,我有一條特別了不起的神經
5715-3-4,我有一條特別了不起的神經
5716-2-1,我有一條特別了不起的神經
5716-2-2,我有一條特別了不起的神經
5716-2-3,我有一條特別了不起的神經
5716-2-4,我有一條特別了不起的神經
5719-1-1,我有一條特別了不起的神經
5719-1-2,我有一條特別了不起的神經
5719-1-3,我有一條特別了不起的神經
5720-3-1,我有一條特別了不起的神經
5720-3-2,我有一條特別了不起的神經
5720-3-3,我有一條特別了不起的神經
5722-7-1,我有一條特別了不起的神經
5722-7-2,我有一條特別了不起的神經
5722-7-3,我有一條特別了不起的神經
5724-14-1,我有一條特別了不起的神經
5724-14-2,我有一條特別了不起的神經
5724-14-3,我有一條特別了不起的神經
5724-14-4,我有一條特別了不起的神經
5724-2-1,我有一條特別了不起的神經
5724-2-2,我有一條特別了不起的神經
5724-2-3,我有一條特別了不起的神經
5724-4-1,我有一條特別了不起的神經
5724-4-2,我有一條特別了不起的神經
5724-4-3,我有一條特別了不起的神經
5724-4-4,我有一條特別了不起的神經
5724-5-1,我有一條特別了不起的神經
5724-5-2,我有一條特別了不起的神經
5724-5-3,我有一條特別了不起的神經
5724-5-4,我有一條特別了不起的神經
5724-8-1,我有一條特別了不起的神經
5724-8-2,我有一條特別了不起的神經
5724-8-3,我有一條特別了不起的神經
5724-9-1,我有一條特別了不起的神經
5724-9-2,我有一條特別了不起的神經
5724-9-3,我有一條特別了不起的神經
5725-1-1,我有一條特別了不起的神經
5725-1-2,我有一條特別了不起的神經
5725-1-3,我有一條特別了不起的神經
5725-1-4,我有一條特別了不起的神經
5725-10-1,我有一條特別了不起的神經
5725-10-2,我有一條特別了不起的神經
5725-10-3,我有一條特別了不起的神經
5725-12-1,我有一條特別了不起的神經
5725-12-2,我有一條特別了不起的神經
5725-12-3,我有一條特別了不起的神經
5725-12-4,我有一條特別了不起的神經
5725-17-1,我有一條特別了不起的神經
5725-17-2,我有一條特別了不起的神經
5725-17-3,我有一條特別了不起的神經
5725-18-1,我有一條特別了不起的神經
5725-18-2,我有一條特別了不起的神經
5725-18-3,我有一條特別了不起的神經
5725-18-4,我有一條特別了不起的神經
5725-2-1,我有一條特別了不起的神經
5725-2-2,我有一條特別了不起的神經
5725-2-3,我有一條特別了不起的神經
5725-2-4,我有一條特別了不起的神經
5725-2-5,我有一條特別了不起的神經
5725-24-1,我有一條特別了不起的神經
5725-24-2,我有一條特別了不起的神經
5725-24-3,我有一條特別了不起的神經
5725-27-1,我有一條特別了不起的神經
5725-27-2,我有一條特別了不起的神經
5725-27-3,我有一條特別了不起的神經
5725-28-1,我有一條特別了不起的神經
5725-28-2,我有一條特別了不起的神經
5725-28-3,我有一條特別了不起的神經
5725-9-1,我有一條特別了不起的神經
5725-9-2,我有一條特別了不起的神經
5725-9-3,我有一條特別了不起的神經
5731-2-1,我有一條特別了不起的神經
5731-2-2,我有一條特別了不起的神經
5731-2-3,我有一條特別了不起的神經
5731-2-4,我有一條特別了不起的神經
5731-4-1,我有一條特別了不起的神經
5731-4-2,我有一條特別了不起的神經
5731-4-3,我有一條特別了不起的神經
5731-4-4,我有一條特別了不起的神經
5746-5-1,我有一條特別了不起的神經
5746-5-2,我有一條特別了不起的神經
5746-5-3,我有一條特別了不起的神經
5746-8-1,我有一條特別了不起的神經
5746-8-2,我有一條特別了不起的神經
5746-8-3,我有一條特別了不起的神經
5750-13-1,我有一條特別了不起的神經
5750-13-2,我有一條特別了不起的神經
5750-13-3,我有一條特別了不起的神經
5750-15-1,我有一條特別了不起的神經
5750-15-2,我有一條特別了不起的神經
5750-15-3,我有一條特別了不起的神經
5750-17-1,我有一條特別了不起的神經
5750-17-2,我有一條特別了不起的神經
5750-17-3,我有一條特別了不起的神經
5750-17-4,我有一條特別了不起的神經
5750-18-1,我有一條特別了不起的神經
5750-18-2,我有一條特別了不起的神經
5750-18-3,我有一條特別了不起的神經
5750-18-4,我有一條特別了不起的神經
5750-19-1,我有一條特別了不起的神經
5750-19-2,我有一條特別了不起的神經
5750-19-3,我有一條特別了不起的神經
5750-5-1,我有一條特別了不起的神經
5750-5-2,我有一條特別了不起的神經
5750-5-3,我有一條特別了不起的神經
5750-9-1,我有一條特別了不起的神經
5750-9-2,我有一條特別了不起的神經
5750-9-3,我有一條特別了不起的神經
5751-6-1,我有一條特別了不起的神經
5751-6-2,我有一條特別了不起的神經
5751-6-3,我有一條特別了不起的神經
5751-9-1,我有一條特別了不起的神經
5751-9-2,我有一條特別了不起的神經
5751-9-3,我有一條特別了不起的神經
5755-1-1,我有一條特別了不起的神經
5755-1-2,我有一條特別了不起的神經
5755-1-3,我有一條特別了不起的神經
5755-3-1,我有一條特別了不起的神經
5755-3-2,我有一條特別了不起的神經
5755-3-3,我有一條特別了不起的神經
5755-5-1,我有一條特別了不起的神經
5755-5-2,我有一條特別了不起的神經
5755-5-3,我有一條特別了不起的神經
5755-7-1,我有一條特別了不起的神經
5755-7-2,我有一條特別了不起的神經
5755-7-3,我有一條特別了不起的神經
5755-7-4,我有一條特別了不起的神經
5755-8-1,我有一條特別了不起的神經
5755-8-2,我有一條特別了不起的神經
5755-8-3,我有一條特別了不起的神經
5755-8-4,我有一條特別了不起的神經
5755-8-5,我有一條特別了不起的神經
5758-12-1,我有一條特別了不起的神經
5758-12-2,我有一條特別了不起的神經
5758-12-3,我有一條特別了不起的神經
5758-15-1,我有一條特別了不起的神經
5758-15-2,我有一條特別了不起的神經
5758-15-3,我有一條特別了不起的神經
5758-15-4,我有一條特別了不起的神經
5758-16-1,我有一條特別了不起的神經
5758-16-2,我有一條特別了不起的神經
5758-16-3,我有一條特別了不起的神經
5758-18-1,我有一條特別了不起的神經
5758-18-2,我有一條特別了不起的神經
5758-18-3,我有一條特別了不起的神經
5758-2-1,我有一條特別了不起的神經
5758-2-2,我有一條特別了不起的神經
5758-2-3,我有一條特別了不起的神經
5758-2-4,我有一條特別了不起的神經
5758-2-5,我有一條特別了不起的神經
5758-3-1,我有一條特別了不起的神經
5758-3-2,我有一條特別了不起的神經
5758-3-3,我有一條特別了不起的神經
5758-3-4,我有一條特別了不起的神經
5758-6-1,我有一條特別了不起的神經
5758-6-2,我有一條特別了不起的神經
5758-6-3,我有一條特別了不起的神經
5758-6-4,我有一條特別了不起的神經
5759-11-1,我有一條特別了不起的神經
5759-11-2,我有一條特別了不起的神經
5759-11-3,我有一條特別了不起的神經
5759-11-4,我有一條特別了不起的神經
5759-13-1,我有一條特別了不起的神經
5759-13-2,我有一條特別了不起的神經
5759-13-3,我有一條特別了不起的神經
5759-4-1,我有一條特別了不起的神經
5759-4-2,我有一條特別了不起的神經
5759-4-3,我有一條特別了不起的神經
5759-7-1,我有一條特別了不起的神經
5759-7-2,我有一條特別了不起的神經
5759-7-3,我有一條特別了不起的神經
5759-8-1,我有一條特別了不起的神經
5759-8-2,我有一條特別了不起的神經
5759-8-3,我有一條特別了不起的神經
5759-8-4,我有一條特別了不起的神經
5760-2-1,我有一條特別了不起的神經
5760-2-2,我有一條特別了不起的神經
5760-2-3,我有一條特別了不起的神經
5764-1-1,我有一條特別了不起的神經
5764-1-2,我有一條特別了不起的神經
5764-1-3,我有一條特別了不起的神經
5764-3-1,我有一條特別了不起的神經
5764-3-2,我有一條特別了不起的神經
5764-3-3,我有一條特別了不起的神經
5766-2-1,我有一條特別了不起的神經
5766-2-2,我有一條特別了不起的神經
5766-2-3,我有一條特別了不起的神經
5766-2-4,我有一條特別了不起的神經
5766-2-5,我有一條特別了不起的神經
5769-1-1,我有一條特別了不起的神經
5769-1-2,我有一條特別了不起的神經
5769-1-3,我有一條特別了不起的神經
5769-1-4,我有一條特別了不起的神經
5769-1-5,我有一條特別了不起的神經
5769-3-1,我有一條特別了不起的神經
5769-3-2,我有一條特別了不起的神經
5769-3-3,我有一條特別了不起的神經
5769-3-4,我有一條特別了不起的神經
5769-5-1,我有一條特別了不起的神經
5769-5-2,我有一條特別了不起的神經
5769-5-3,我有一條特別了不起的神經
5771-1-1,我有一條特別了不起的神經
5771-1-2,我有一條特別了不起的神經
5771-1-3,我有一條特別了不起的神經
5771-10-1,我有一條特別了不起的神經
5771-10-2,我有一條特別了不起的神經
5771-10-3,我有一條特別了不起的神經
5771-10-4,我有一條特別了不起的神經
5771-11-1,我有一條特別了不起的神經
5771-11-2,我有一條特別了不起的神經
5771-11-3,我有一條特別了不起的神經
5771-14-1,我有一條特別了不起的神經
5771-14-2,我有一條特別了不起的神經
5771-14-3,我有一條特別了不起的神經
5771-18-1,我有一條特別了不起的神經
5771-18-2,我有一條特別了不起的神經
5771-18-3,我有一條特別了不起的神經
5771-18-4,我有一條特別了不起的神經
5771-23-1,我有一條特別了不起的神經
5771-23-2,我有一條特別了不起的神經
5771-23-3,我有一條特別了不起的神經
5771-24-1,我有一條特別了不起的神經
5771-24-2,我有一條特別了不起的神經
5771-24-3,我有一條特別了不起的神經
5771-25-1,我有一條特別了不起的神經
5771-25-2,我有一條特別了不起的神經
5771-25-3,我有一條特別了不起的神經
5771-27-1,我有一條特別了不起的神經
5771-27-2,我有一條特別了不起的神經
5771-27-3,我有一條特別了不起的神經
5771-27-4,我有一條特別了不起的神經
5771-28-1,我有一條特別了不起的神經
5771-28-2,我有一條特別了不起的神經
5771-28-3,我有一條特別了不起的神經
5771-3-1,我有一條特別了不起的神經
5771-3-2,我有一條特別了不起的神經
5771-3-3,我有一條特別了不起的神經
5771-31-1,我有一條特別了不起的神經
5771-31-2,我有一條特別了不起的神經
5771-31-3,我有一條特別了不起的神經
5771-32-1,我有一條特別了不起的神經
5771-32-2,我有一條特別了不起的神經
5771-32-3,我有一條特別了不起的神經
5771-32-4,我有一條特別了不起的神經
5771-33-1,我有一條特別了不起的神經
5771-33-2,我有一條特別了不起的神經
5771-33-3,我有一條特別了不起的神經
5771-34-1,我有一條特別了不起的神經
5771-34-2,我有一條特別了不起的神經
5771-34-3,我有一條特別了不起的神經
5774-2-1,我有一條特別了不起的神經
5774-2-2,我有一條特別了不起的神經
5774-2-3,我有一條特別了不起的神經
5774-2-4,我有一條特別了不起的神經
5774-2-5,我有一條特別了不起的神經
5774-6-1,我有一條特別了不起的神經
5774-6-2,我有一條特別了不起的神經
5774-6-3,我有一條特別了不起的神經
5774-6-4,我有一條特別了不起的神經
5774-7-1,我有一條特別了不起的神經
5774-7-2,我有一條特別了不起的神經
5774-7-3,我有一條特別了不起的神經
5774-7-4,我有一條特別了不起的神經
5774-7-5,我有一條特別了不起的神經
5774-8-1,我有一條特別了不起的神經
5774-8-2,我有一條特別了不起的神經
5774-8-3,我有一條特別了不起的神經
5774-8-4,我有一條特別了不起的神經
5775-1-1,我有一條特別了不起的神經
5775-1-2,我有一條特別了不起的神經
5775-1-3,我有一條特別了不起的神經
5775-1-4,我有一條特別了不起的神經
5780-10-1,我有一條特別了不起的神經
5780-10-2,我有一條特別了不起的神經
5780-10-3,我有一條特別了不起的神經
5780-15-1,我有一條特別了不起的神經
5780-15-2,我有一條特別了不起的神經
5780-15-3,我有一條特別了不起的神經
5780-15-4,我有一條特別了不起的神經
5780-15-5,我有一條特別了不起的神經
5780-16-1,我有一條特別了不起的神經
5780-16-2,我有一條特別了不起的神經
5780-16-3,我有一條特別了不起的神經
5780-17-1,我有一條特別了不起的神經
5780-17-2,我有一條特別了不起的神經
5780-17-3,我有一條特別了不起的神經
5780-22-1,我有一條特別了不起的神經
5780-22-2,我有一條特別了不起的神經
5780-22-3,我有一條特別了不起的神經
5780-22-4,我有一條特別了不起的神經
5780-3-1,我有一條特別了不起的神經
5780-3-2,我有一條特別了不起的神經
5780-3-3,我有一條特別了不起的神經
5780-6-1,我有一條特別了不起的神經
5780-6-2,我有一條特別了不起的神經
5780-6-3,我有一條特別了不起的神經
6002-1-1,我有一條特別了不起的神經
6002-1-2,我有一條特別了不起的神經
6002-1-3,我有一條特別了不起的神經
6002-1-4,我有一條特別了不起的神經
6005-1-1,我有一條特別了不起的神經
6005-1-2,我有一條特別了不起的神經
6005-1-3,我有一條特別了不起的神經
6005-10-1,我有一條特別了不起的神經
6005-10-2,我有一條特別了不起的神經
6005-10-3,我有一條特別了不起的神經
6005-12-1,我有一條特別了不起的神經
6005-12-2,我有一條特別了不起的神經
6005-12-3,我有一條特別了不起的神經
6005-14-1,我有一條特別了不起的神經
6005-14-2,我有一條特別了不起的神經
6005-14-3,我有一條特別了不起的神經
6005-4-1,我有一條特別了不起的神經
6005-4-2,我有一條特別了不起的神經
6005-4-3,我有一條特別了不起的神經
6005-7-1,我有一條特別了不起的神經
6005-7-2,我有一條特別了不起的神經
6005-7-3,我有一條特別了不起的神經
6007-1-1,我有一條特別了不起的神經
6007-1-2,我有一條特別了不起的神經
6007-1-3,我有一條特別了不起的神經
6007-3-1,我有一條特別了不起的神經
6007-3-2,我有一條特別了不起的神經
6007-3-3,我有一條特別了不起的神經
6007-4-1,我有一條特別了不起的神經
6007-4-2,我有一條特別了不起的神經
6007-4-3,我有一條特別了不起的神經
6008-1-1,我有一條特別了不起的神經
6008-1-2,我有一條特別了不起的神經
6008-1-3,我有一條特別了不起的神經
6010-1-1,我有一條特別了不起的神經
6010-1-2,我有一條特別了不起的神經
6010-1-3,我有一條特別了不起的神經
6012-4-1,我有一條特別了不起的神經
6012-4-2,我有一條特別了不起的神經
6012-4-3,我有一條特別了不起的神經
6012-6-1,我有一條特別了不起的神經
6012-6-2,我有一條特別了不起的神經
6012-6-3,我有一條特別了不起的神經
6015-1-1,我有一條特別了不起的神經
6015-1-2,我有一條特別了不起的神經
6015-1-3,我有一條特別了不起的神經
6015-1-4,我有一條特別了不起的神經
6018-1-1,我有一條特別了不起的神經
6018-1-2,我有一條特別了不起的神經
6018-1-3,我有一條特別了不起的神經
6019-5-1,我有一條特別了不起的神經
6019-5-2,我有一條特別了不起的神經
6019-5-3,我有一條特別了不起的神經
6020-1-1,我有一條特別了不起的神經
6020-1-2,我有一條特別了不起的神經
6020-1-3,我有一條特別了不起的神經
6020-1-4,我有一條特別了不起的神經
6020-3-1,我有一條特別了不起的神經
6020-3-2,我有一條特別了不起的神經
6020-3-3,我有一條特別了不起的神經
6021-1-1,我有一條特別了不起的神經
6021-1-2,我有一條特別了不起的神經
6021-1-3,我有一條特別了不起的神經
6021-2-1,我有一條特別了不起的神經
6021-2-2,我有一條特別了不起的神經
6021-2-3,我有一條特別了不起的神經
6024-1-1,我有一條特別了不起的神經
6024-1-2,我有一條特別了不起的神經
6024-1-3,我有一條特別了不起的神經
6027-11-1,我有一條特別了不起的神經
6027-11-2,我有一條特別了不起的神經
6027-11-3,我有一條特別了不起的神經
6027-13-1,我有一條特別了不起的神經
6027-13-2,我有一條特別了不起的神經
6027-13-3,我有一條特別了不起的神經
6027-5-1,我有一條特別了不起的神經
6027-5-2,我有一條特別了不起的神經
6027-5-3,我有一條特別了不起的神經
6027-7-1,我有一條特別了不起的神經
6027-7-2,我有一條特別了不起的神經
6027-7-3,我有一條特別了不起的神經
6027-9-1,我有一條特別了不起的神經
6027-9-2,我有一條特別了不起的神經
6027-9-3,我有一條特別了不起的神經
6028-5-1,我有一條特別了不起的神經
6028-5-2,我有一條特別了不起的神經
6028-5-3,我有一條特別了不起的神經
6029-2-1,我有一條特別了不起的神經
6029-2-2,我有一條特別了不起的神經
6029-2-3,我有一條特別了不起的神經
6032-1-1,我有一條特別了不起的神經
6032-1-2,我有一條特別了不起的神經
6032-1-3,我有一條特別了不起的神經
6033-11-1,我有一條特別了不起的神經
6033-11-2,我有一條特別了不起的神經
6033-11-3,我有一條特別了不起的神經
6033-12-1,我有一條特別了不起的神經
6033-12-2,我有一條特別了不起的神經
6033-12-3,我有一條特別了不起的神經
6033-12-4,我有一條特別了不起的神經
6033-15-1,我有一條特別了不起的神經
6033-15-2,我有一條特別了不起的神經
6033-15-3,我有一條特別了不起的神經
6033-18-1,我有一條特別了不起的神經
6033-18-2,我有一條特別了不起的神經
6033-18-3,我有一條特別了不起的神經
6033-19-1,我有一條特別了不起的神經
6033-19-2,我有一條特別了不起的神經
6033-19-3,我有一條特別了不起的神經
6033-23-1,我有一條特別了不起的神經
6033-23-2,我有一條特別了不起的神經
6033-23-3,我有一條特別了不起的神經
6033-24-1,我有一條特別了不起的神經
6033-24-2,我有一條特別了不起的神經
6033-24-3,我有一條特別了不起的神經
6033-28-1,我有一條特別了不起的神經
6033-28-2,我有一條特別了不起的神經
6033-28-3,我有一條特別了不起的神經
6033-6-1,我有一條特別了不起的神經
6033-6-2,我有一條特別了不起的神經
6033-6-3,我有一條特別了不起的神經
6033-6-4,我有一條特別了不起的神經
6033-7-1,我有一條特別了不起的神經
6033-7-2,我有一條特別了不起的神經
6033-7-3,我有一條特別了不起的神經
6033-8-1,我有一條特別了不起的神經
6033-8-2,我有一條特別了不起的神經
6033-8-3,我有一條特別了不起的神經
6033-8-4,我有一條特別了不起的神經
6036-4-1,我有一條特別了不起的神經
6036-4-2,我有一條特別了不起的神經
6036-4-3,我有一條特別了不起的神經
6039-2-1,我有一條特別了不起的神經
6039-2-2,我有一條特別了不起的神經
6039-2-3,我有一條特別了不起的神經
6040-2-1,我有一條特別了不起的神經
6040-2-2,我有一條特別了不起的神經
6040-2-3,我有一條特別了不起的神經
6041-1-1,我有一條特別了不起的神經
6041-1-2,我有一條特別了不起的神經
6041-1-3,我有一條特別了不起的神經
6042-3-1,我有一條特別了不起的神經
6042-3-2,我有一條特別了不起的神經
6042-3-3,我有一條特別了不起的神經
6045-1-1,我有一條特別了不起的神經
6045-1-2,我有一條特別了不起的神經
6045-1-3,我有一條特別了不起的神經
6045-1-4,我有一條特別了不起的神經
6047-2-1,我有一條特別了不起的神經
6047-2-2,我有一條特別了不起的神經
6047-2-3,我有一條特別了不起的神經
6048-11-1,我有一條特別了不起的神經
6048-11-2,我有一條特別了不起的神經
6048-11-3,我有一條特別了不起的神經
6048-11-4,我有一條特別了不起的神經
6048-13-1,我有一條特別了不起的神經
6048-13-2,我有一條特別了不起的神經
6048-13-3,我有一條特別了不起的神經
6048-18-1,我有一條特別了不起的神經
6048-18-2,我有一條特別了不起的神經
6048-18-3,我有一條特別了不起的神經
6048-19-1,我有一條特別了不起的神經
6048-19-2,我有一條特別了不起的神經
6048-19-3,我有一條特別了不起的神經
6048-19-4,我有一條特別了不起的神經
6048-2-1,我有一條特別了不起的神經
6048-2-2,我有一條特別了不起的神經
6048-2-3,我有一條特別了不起的神經
6048-23-1,我有一條特別了不起的神經
6048-23-2,我有一條特別了不起的神經
6048-23-3,我有一條特別了不起的神經
6048-23-4,我有一條特別了不起的神經
6048-4-1,我有一條特別了不起的神經
6048-4-2,我有一條特別了不起的神經
6048-4-3,我有一條特別了不起的神經
6048-6-1,我有一條特別了不起的神經
6048-6-2,我有一條特別了不起的神經
6048-6-3,我有一條特別了不起的神經
6048-7-1,我有一條特別了不起的神經
6048-7-2,我有一條特別了不起的神經
6048-7-3,我有一條特別了不起的神經
6051-1-1,我有一條特別了不起的神經
6051-1-2,我有一條特別了不起的神經
6051-1-3,我有一條特別了不起的神經
6055-13-1,我有一條特別了不起的神經
6055-13-2,我有一條特別了不起的神經
6055-13-3,我有一條特別了不起的神經
6055-4-1,我有一條特別了不起的神經
6055-4-2,我有一條特別了不起的神經
6055-4-3,我有一條特別了不起的神經
6055-5-1,我有一條特別了不起的神經
6055-5-2,我有一條特別了不起的神經
6055-5-3,我有一條特別了不起的神經
6055-5-4,我有一條特別了不起的神經
6066-2-1,我有一條特別了不起的神經
6066-2-2,我有一條特別了不起的神經
6066-2-3,我有一條特別了不起的神經
6078-11-1,我有一條特別了不起的神經
6078-11-2,我有一條特別了不起的神經
6078-11-3,我有一條特別了不起的神經
6078-13-1,我有一條特別了不起的神經
6078-13-2,我有一條特別了不起的神經
6078-13-3,我有一條特別了不起的神經
6078-14-1,我有一條特別了不起的神經
6078-14-2,我有一條特別了不起的神經
6078-14-3,我有一條特別了不起的神經
6078-17-1,我有一條特別了不起的神經
6078-17-2,我有一條特別了不起的神經
6078-17-3,我有一條特別了不起的神經
6078-21-1,我有一條特別了不起的神經
6078-21-2,我有一條特別了不起的神經
6078-21-3,我有一條特別了不起的神經
6078-4-1,我有一條特別了不起的神經
6078-4-2,我有一條特別了不起的神經
6078-4-3,我有一條特別了不起的神經
6080-2-1,我有一條特別了不起的神經
6080-2-2,我有一條特別了不起的神經
6080-2-3,我有一條特別了不起的神經
6083-1-1,我有一條特別了不起的神經
6083-1-2,我有一條特別了不起的神經
6083-1-3,我有一條特別了不起的神經
6086-1-1,我有一條特別了不起的神經
6086-1-2,我有一條特別了不起的神經
6086-1-3,我有一條特別了不起的神經
6086-1-4,我有一條特別了不起的神經
6088-2-1,我有一條特別了不起的神經
6088-2-2,我有一條特別了不起的神經
6088-2-3,我有一條特別了不起的神經
6089-1-1,我有一條特別了不起的神經
6089-1-2,我有一條特別了不起的神經
6089-1-3,我有一條特別了不起的神經
6089-3-1,我有一條特別了不起的神經
6089-3-2,我有一條特別了不起的神經
6089-3-3,我有一條特別了不起的神經
6092-1-1,我有一條特別了不起的神經
6092-1-2,我有一條特別了不起的神經
6092-1-3,我有一條特別了不起的神經
6092-3-1,我有一條特別了不起的神經
6092-3-2,我有一條特別了不起的神經
6092-3-3,我有一條特別了不起的神經
6095-1-1,我有一條特別了不起的神經
6095-1-2,我有一條特別了不起的神經
6095-1-3,我有一條特別了不起的神經
6095-10-1,我有一條特別了不起的神經
6095-10-2,我有一條特別了不起的神經
6095-10-3,我有一條特別了不起的神經
6095-20-1,我有一條特別了不起的神經
6095-20-2,我有一條特別了不起的神經
6095-20-3,我有一條特別了不起的神經
6095-3-1,我有一條特別了不起的神經
6095-3-2,我有一條特別了不起的神經
6095-3-3,我有一條特別了不起的神經
6095-4-1,我有一條特別了不起的神經
6095-4-2,我有一條特別了不起的神經
6095-4-3,我有一條特別了不起的神經
6107-1-1,我有一條特別了不起的神經
6107-1-2,我有一條特別了不起的神經
6107-1-3,我有一條特別了不起的神經
6107-2-1,我有一條特別了不起的神經
6107-2-2,我有一條特別了不起的神經
6107-2-3,我有一條特別了不起的神經
6110-2-1,我有一條特別了不起的神經
6110-2-2,我有一條特別了不起的神經
6110-2-3,我有一條特別了不起的神經
6114-2-1,我有一條特別了不起的神經
6114-2-2,我有一條特別了不起的神經
6114-2-3,我有一條特別了不起的神經
6114-4-1,我有一條特別了不起的神經
6114-4-2,我有一條特別了不起的神經
6114-4-3,我有一條特別了不起的神經
6120-2-1,我有一條特別了不起的神經
6120-2-2,我有一條特別了不起的神經
6120-2-3,我有一條特別了不起的神經
6122-2-1,我有一條特別了不起的神經
6122-2-2,我有一條特別了不起的神經
6122-2-3,我有一條特別了不起的神經
6122-4-1,我有一條特別了不起的神經
6122-4-2,我有一條特別了不起的神經
6122-4-3,我有一條特別了不起的神經
6129-2-1,我有一條特別了不起的神經
6129-2-2,我有一條特別了不起的神經
6129-2-3,我有一條特別了不起的神經
6135-5-1,我有一條特別了不起的神經
6135-5-2,我有一條特別了不起的神經
6135-5-3,我有一條特別了不起的神經
6146-3-1,我有一條特別了不起的神經
6146-3-2,我有一條特別了不起的神經
6146-3-3,我有一條特別了不起的神經
6146-4-1,我有一條特別了不起的神經
6146-4-2,我有一條特別了不起的神經
6146-4-3,我有一條特別了不起的神經
6153-2-1,我有一條特別了不起的神經
6153-2-2,我有一條特別了不起的神經
6153-2-3,我有一條特別了不起的神經
6159-1-1,我有一條特別了不起的神經
6159-1-2,我有一條特別了不起的神經
6159-1-3,我有一條特別了不起的神經
6159-2-1,我有一條特別了不起的神經
6159-2-2,我有一條特別了不起的神經
6159-2-3,我有一條特別了不起的神經
6159-8-1,我有一條特別了不起的神經
6159-8-2,我有一條特別了不起的神經
6159-8-3,我有一條特別了不起的神經
6161-1-1,我有一條特別了不起的神經
6161-1-2,我有一條特別了不起的神經
6161-1-3,我有一條特別了不起的神經
6169-1-1,我有一條特別了不起的神經
6169-1-2,我有一條特別了不起的神經
6169-1-3,我有一條特別了不起的神經
6169-2-1,我有一條特別了不起的神經
6169-2-2,我有一條特別了不起的神經
6169-2-3,我有一條特別了不起的神經
6171-11-1,我有一條特別了不起的神經
6171-11-2,我有一條特別了不起的神經
6171-11-3,我有一條特別了不起的神經
6171-12-1,我有一條特別了不起的神經
6171-12-2,我有一條特別了不起的神經
6171-12-3,我有一條特別了不起的神經
6171-12-4,我有一條特別了不起的神經
6171-16-1,我有一條特別了不起的神經
6171-16-2,我有一條特別了不起的神經
6171-16-3,我有一條特別了不起的神經
6171-20-1,我有一條特別了不起的神經
6171-20-2,我有一條特別了不起的神經
6171-20-3,我有一條特別了不起的神經
6171-20-4,我有一條特別了不起的神經
6171-21-1,我有一條特別了不起的神經
6171-21-2,我有一條特別了不起的神經
6171-21-3,我有一條特別了不起的神經
6171-25-1,我有一條特別了不起的神經
6171-25-2,我有一條特別了不起的神經
6171-25-3,我有一條特別了不起的神經
6171-26-1,我有一條特別了不起的神經
6171-26-2,我有一條特別了不起的神經
6171-26-3,我有一條特別了不起的神經
6171-26-4,我有一條特別了不起的神經
6171-38-1,我有一條特別了不起的神經
6171-38-2,我有一條特別了不起的神經
6171-38-3,我有一條特別了不起的神經
6171-39-1,我有一條特別了不起的神經
6171-39-2,我有一條特別了不起的神經
6171-39-3,我有一條特別了不起的神經
6171-44-1,我有一條特別了不起的神經
6171-44-2,我有一條特別了不起的神經
6171-44-3,我有一條特別了不起的神經
6171-52-1,我有一條特別了不起的神經
6171-52-2,我有一條特別了不起的神經
6171-52-3,我有一條特別了不起的神經
6171-58-1,我有一條特別了不起的神經
6171-58-2,我有一條特別了不起的神經
6171-58-3,我有一條特別了不起的神經
6171-8-1,我有一條特別了不起的神經
6171-8-2,我有一條特別了不起的神經
6171-8-3,我有一條特別了不起的神經
6171-8-4,我有一條特別了不起的神經
6171-9-1,我有一條特別了不起的神經
6171-9-2,我有一條特別了不起的神經
6171-9-3,我有一條特別了不起的神經
6175-2-1,我有一條特別了不起的神經
6175-2-2,我有一條特別了不起的神經
6175-2-3,我有一條特別了不起的神經
6181-1-1,我有一條特別了不起的神經
6181-1-2,我有一條特別了不起的神經
6181-1-3,我有一條特別了不起的神經
6191-1-1,我有一條特別了不起的神經
6191-1-2,我有一條特別了不起的神經
6191-1-3,我有一條特別了不起的神經
6196-1-1,我有一條特別了不起的神經
6196-1-2,我有一條特別了不起的神經
6196-1-3,我有一條特別了不起的神經
6204-2-1,我有一條特別了不起的神經
6204-2-2,我有一條特別了不起的神經
6204-2-3,我有一條特別了不起的神經
6207-1-1,我有一條特別了不起的神經
6207-1-2,我有一條特別了不起的神經
6207-1-3,我有一條特別了不起的神經
6209-2-1,我有一條特別了不起的神經
6209-2-2,我有一條特別了不起的神經
6209-2-3,我有一條特別了不起的神經
6209-5-1,我有一條特別了不起的神經
6209-5-2,我有一條特別了不起的神經
6209-5-3,我有一條特別了不起的神經
6209-5-4,我有一條特別了不起的神經
6211-2-1,我有一條特別了不起的神經
6211-2-2,我有一條特別了不起的神經
6211-2-3,我有一條特別了不起的神經
6211-3-1,我有一條特別了不起的神經
6211-3-2,我有一條特別了不起的神經
6211-3-3,我有一條特別了不起的神經
6213-2-1,我有一條特別了不起的神經
6213-2-2,我有一條特別了不起的神經
6213-2-3,我有一條特別了不起的神經
6213-3-1,我有一條特別了不起的神經
6213-3-2,我有一條特別了不起的神經
6213-3-3,我有一條特別了不起的神經
6214-1-1,我有一條特別了不起的神經
6214-1-2,我有一條特別了不起的神經
6214-1-3,我有一條特別了不起的神經
6214-2-1,我有一條特別了不起的神經
6214-2-2,我有一條特別了不起的神經
6214-2-3,我有一條特別了不起的神經
6214-4-1,我有一條特別了不起的神經
6214-4-2,我有一條特別了不起的神經
6214-4-3,我有一條特別了不起的神經
6214-5-1,我有一條特別了不起的神經
6214-5-2,我有一條特別了不起的神經
6214-5-3,我有一條特別了不起的神經
6219-2-1,我有一條特別了不起的神經
6219-2-2,我有一條特別了不起的神經
6219-2-3,我有一條特別了不起的神經
6221-11-1,我有一條特別了不起的神經
6221-11-2,我有一條特別了不起的神經
6221-11-3,我有一條特別了不起的神經
6221-12-1,我有一條特別了不起的神經
6221-12-2,我有一條特別了不起的神經
6221-12-3,我有一條特別了不起的神經
6221-12-4,我有一條特別了不起的神經
6221-2-1,我有一條特別了不起的神經
6221-2-2,我有一條特別了不起的神經
6221-2-3,我有一條特別了不起的神經
6221-3-1,我有一條特別了不起的神經
6221-3-2,我有一條特別了不起的神經
6221-3-3,我有一條特別了不起的神經
6224-17-1,我有一條特別了不起的神經
6224-17-2,我有一條特別了不起的神經
6224-17-3,我有一條特別了不起的神經
6224-2-1,我有一條特別了不起的神經
6224-2-2,我有一條特別了不起的神經
6224-2-3,我有一條特別了不起的神經
6224-20-1,我有一條特別了不起的神經
6224-20-2,我有一條特別了不起的神經
6224-20-3,我有一條特別了不起的神經
6224-3-1,我有一條特別了不起的神經
6224-3-2,我有一條特別了不起的神經
6224-3-3,我有一條特別了不起的神經
6224-4-1,我有一條特別了不起的神經
6224-4-2,我有一條特別了不起的神經
6224-4-3,我有一條特別了不起的神經
6224-5-1,我有一條特別了不起的神經
6224-5-2,我有一條特別了不起的神經
6224-5-3,我有一條特別了不起的神經
6224-6-1,我有一條特別了不起的神經
6224-6-2,我有一條特別了不起的神經
6224-6-3,我有一條特別了不起的神經
6224-8-1,我有一條特別了不起的神經
6224-8-2,我有一條特別了不起的神經
6224-8-3,我有一條特別了不起的神經
6224-9-1,我有一條特別了不起的神經
6224-9-2,我有一條特別了不起的神經
6224-9-3,我有一條特別了不起的神經
6224-9-4,我有一條特別了不起的神經
6225-2-1,我有一條特別了不起的神經
6225-2-2,我有一條特別了不起的神經
6225-2-3,我有一條特別了不起的神經
6229-1-1,我有一條特別了不起的神經
6229-1-2,我有一條特別了不起的神經
6229-1-3,我有一條特別了不起的神經
6229-1-4,我有一條特別了不起的神經
6229-3-1,我有一條特別了不起的神經
6229-3-2,我有一條特別了不起的神經
6229-3-3,我有一條特別了不起的神經
6230-1-1,我有一條特別了不起的神經
6230-1-2,我有一條特別了不起的神經
6230-1-3,我有一條特別了不起的神經
6246-3-1,我有一條特別了不起的神經
6246-3-2,我有一條特別了不起的神經
6246-3-3,我有一條特別了不起的神經
6250-3-1,我有一條特別了不起的神經
6250-3-2,我有一條特別了不起的神經
6250-3-3,我有一條特別了不起的神經
6261-1-1,我有一條特別了不起的神經
6261-1-2,我有一條特別了不起的神經
6261-1-3,我有一條特別了不起的神經
6261-2-1,我有一條特別了不起的神經
6261-2-2,我有一條特別了不起的神經
6261-2-3,我有一條特別了不起的神經
6261-7-1,我有一條特別了不起的神經
6261-7-2,我有一條特別了不起的神經
6261-7-3,我有一條特別了不起的神經
6263-1-1,我有一條特別了不起的神經
6263-1-2,我有一條特別了不起的神經
6263-1-3,我有一條特別了不起的神經
6268-3-1,我有一條特別了不起的神經
6268-3-2,我有一條特別了不起的神經
6268-3-3,我有一條特別了不起的神經
6292-36-1,我有一條特別了不起的神經
6292-36-2,我有一條特別了不起的神經
6292-36-3,我有一條特別了不起的神經
6292-38-1,我有一條特別了不起的神經
6292-38-2,我有一條特別了不起的神經
6292-38-3,我有一條特別了不起的神經
6292-39-1,我有一條特別了不起的神經
6292-39-2,我有一條特別了不起的神經
6292-39-3,我有一條特別了不起的神經
6292-41-1,我有一條特別了不起的神經
6292-41-2,我有一條特別了不起的神經
6292-41-3,我有一條特別了不起的神經
6292-41-4,我有一條特別了不起的神經
6292-42-1,我有一條特別了不起的神經
6292-42-2,我有一條特別了不起的神經
6292-42-3,我有一條特別了不起的神經
6292-47-1,我有一條特別了不起的神經
6292-47-2,我有一條特別了不起的神經
6292-47-3,我有一條特別了不起的神經
6292-55-1,我有一條特別了不起的神經
6292-55-2,我有一條特別了不起的神經
6292-55-3,我有一條特別了不起的神經
6292-58-1,我有一條特別了不起的神經
6292-58-2,我有一條特別了不起的神經
6292-58-3,我有一條特別了不起的神經
6292-60-1,我有一條特別了不起的神經
6292-60-2,我有一條特別了不起的神經
6292-60-3,我有一條特別了不起的神經
6292-62-1,我有一條特別了不起的神經
6292-62-2,我有一條特別了不起的神經
6292-62-3,我有一條特別了不起的神經
6292-62-4,我有一條特別了不起的神經
6292-66-1,我有一條特別了不起的神經
6292-66-2,我有一條特別了不起的神經
6292-66-3,我有一條特別了不起的神經
6292-71-1,我有一條特別了不起的神經
6292-71-2,我有一條特別了不起的神經
6292-71-3,我有一條特別了不起的神經
6292-71-4,我有一條特別了不起的神經
6292-74-1,我有一條特別了不起的神經
6292-74-2,我有一條特別了不起的神經
6292-74-3,我有一條特別了不起的神經
6292-74-4,我有一條特別了不起的神經
6292-81-1,我有一條特別了不起的神經
6292-81-2,我有一條特別了不起的神經
6292-81-3,我有一條特別了不起的神經
6295-1-1,我有一條特別了不起的神經
6295-1-2,我有一條特別了不起的神經
6295-1-3,我有一條特別了不起的神經
6306-4-1,我有一條特別了不起的神經
6306-4-2,我有一條特別了不起的神經
6306-4-3,我有一條特別了不起的神經
6310-2-1,我有一條特別了不起的神經
6310-2-2,我有一條特別了不起的神經
6310-2-3,我有一條特別了不起的神經
6312-1-1,我有一條特別了不起的神經
6312-1-2,我有一條特別了不起的神經
6312-1-3,我有一條特別了不起的神經
6322-3-1,我有一條特別了不起的神經
6322-3-2,我有一條特別了不起的神經
6322-3-3,我有一條特別了不起的神經
6322-5-1,我有一條特別了不起的神經
6322-5-2,我有一條特別了不起的神經
6322-5-3,我有一條特別了不起的神經
6323-2-1,我有一條特別了不起的神經
6323-2-2,我有一條特別了不起的神經
6323-2-3,我有一條特別了不起的神經
6324-1-1,我有一條特別了不起的神經
6324-1-2,我有一條特別了不起的神經
6324-1-3,我有一條特別了不起的神經
6324-11-1,我有一條特別了不起的神經
6324-11-2,我有一條特別了不起的神經
6324-11-3,我有一條特別了不起的神經
6324-11-4,我有一條特別了不起的神經
6324-4-1,我有一條特別了不起的神經
6324-4-2,我有一條特別了不起的神經
6324-4-3,我有一條特別了不起的神經
6332-2-1,我有一條特別了不起的神經
6332-2-2,我有一條特別了不起的神經
6332-2-3,我有一條特別了不起的神經
6332-3-1,我有一條特別了不起的神經
6332-3-2,我有一條特別了不起的神經
6332-3-3,我有一條特別了不起的神經
6334-4-1,我有一條特別了不起的神經
6334-4-2,我有一條特別了不起的神經
6334-4-3,我有一條特別了不起的神經
6359-5-1,我有一條特別了不起的神經
6359-5-2,我有一條特別了不起的神經
6359-5-3,我有一條特別了不起的神經
6359-6-1,我有一條特別了不起的神經
6359-6-2,我有一條特別了不起的神經
6359-6-3,我有一條特別了不起的神經
6359-7-1,我有一條特別了不起的神經
6359-7-2,我有一條特別了不起的神經
6359-7-3,我有一條特別了不起的神經
6362-1-1,我有一條特別了不起的神經
6362-1-2,我有一條特別了不起的神經
6362-1-3,我有一條特別了不起的神經
6364-3-1,我有一條特別了不起的神經
6364-3-2,我有一條特別了不起的神經
6364-3-3,我有一條特別了不起的神經
6368-1-1,我有一條特別了不起的神經
6368-1-2,我有一條特別了不起的神經
6368-1-3,我有一條特別了不起的神經
6368-3-1,我有一條特別了不起的神經
6368-3-2,我有一條特別了不起的神經
6368-3-3,我有一條特別了不起的神經
6373-1-1,我有一條特別了不起的神經
6373-1-2,我有一條特別了不起的神經
6373-1-3,我有一條特別了不起的神經
6373-10-1,我有一條特別了不起的神經
6373-10-2,我有一條特別了不起的神經
6373-10-3,我有一條特別了不起的神經
6373-11-1,我有一條特別了不起的神經
6373-11-2,我有一條特別了不起的神經
6373-11-3,我有一條特別了不起的神經
6373-13-1,我有一條特別了不起的神經
6373-13-2,我有一條特別了不起的神經
6373-13-3,我有一條特別了不起的神經
6373-15-1,我有一條特別了不起的神經
6373-15-2,我有一條特別了不起的神經
6373-15-3,我有一條特別了不起的神經
6373-16-1,我有一條特別了不起的神經
6373-16-2,我有一條特別了不起的神經
6373-16-3,我有一條特別了不起的神經
6373-17-1,我有一條特別了不起的神經
6373-17-2,我有一條特別了不起的神經
6373-17-3,我有一條特別了不起的神經
6373-23-1,我有一條特別了不起的神經
6373-23-2,我有一條特別了不起的神經
6373-23-3,我有一條特別了不起的神經
6373-31-1,我有一條特別了不起的神經
6373-31-2,我有一條特別了不起的神經
6373-31-3,我有一條特別了不起的神經
6373-31-4,我有一條特別了不起的神經
6373-36-1,我有一條特別了不起的神經
6373-36-2,我有一條特別了不起的神經
6373-36-3,我有一條特別了不起的神經
6373-36-4,我有一條特別了不起的神經
6373-37-1,我有一條特別了不起的神經
6373-37-2,我有一條特別了不起的神經
6373-37-3,我有一條特別了不起的神經
6373-43-1,我有一條特別了不起的神經
6373-43-2,我有一條特別了不起的神經
6373-43-3,我有一條特別了不起的神經
6373-45-1,我有一條特別了不起的神經
6373-45-2,我有一條特別了不起的神經
6373-45-3,我有一條特別了不起的神經
6373-46-1,我有一條特別了不起的神經
6373-46-2,我有一條特別了不起的神經
6373-46-3,我有一條特別了不起的神經
6373-48-1,我有一條特別了不起的神經
6373-48-2,我有一條特別了不起的神經
6373-48-3,我有一條特別了不起的神經
6373-48-4,我有一條特別了不起的神經
6373-5-1,我有一條特別了不起的神經
6373-5-2,我有一條特別了不起的神經
6373-5-3,我有一條特別了不起的神經
6373-56-1,我有一條特別了不起的神經
6373-56-2,我有一條特別了不起的神經
6373-56-3,我有一條特別了不起的神經
6373-58-1,我有一條特別了不起的神經
6373-58-2,我有一條特別了不起的神經
6373-58-3,我有一條特別了不起的神經
6373-60-1,我有一條特別了不起的神經
6373-60-2,我有一條特別了不起的神經
6373-60-3,我有一條特別了不起的神經
6373-61-1,我有一條特別了不起的神經
6373-61-2,我有一條特別了不起的神經
6373-61-3,我有一條特別了不起的神經
6373-62-1,我有一條特別了不起的神經
6373-62-2,我有一條特別了不起的神經
6373-62-3,我有一條特別了不起的神經
6373-73-1,我有一條特別了不起的神經
6373-73-2,我有一條特別了不起的神經
6373-73-3,我有一條特別了不起的神經
6373-73-4,我有一條特別了不起的神經
6373-74-1,我有一條特別了不起的神經
6373-74-2,我有一條特別了不起的神經
6373-74-3,我有一條特別了不起的神經
6373-74-4,我有一條特別了不起的神經
6373-8-1,我有一條特別了不起的神經
6373-8-2,我有一條特別了不起的神經
6373-8-3,我有一條特別了不起的神經
6374-1-1,我有一條特別了不起的神經
6374-1-2,我有一條特別了不起的神經
6374-1-3,我有一條特別了不起的神經
6374-2-1,我有一條特別了不起的神經
6374-2-2,我有一條特別了不起的神經
6374-2-3,我有一條特別了不起的神經
6374-2-4,我有一條特別了不起的神經
6374-4-1,我有一條特別了不起的神經
6374-4-2,我有一條特別了不起的神經
6374-4-3,我有一條特別了不起的神經
6375-2-1,我有一條特別了不起的神經
6375-2-2,我有一條特別了不起的神經
6375-2-3,我有一條特別了不起的神經
6375-5-1,我有一條特別了不起的神經
6375-5-2,我有一條特別了不起的神經
6375-5-3,我有一條特別了不起的神經
6385-11-1,我有一條特別了不起的神經
6385-11-2,我有一條特別了不起的神經
6385-11-3,我有一條特別了不起的神經
6385-12-1,我有一條特別了不起的神經
6385-12-2,我有一條特別了不起的神經
6385-12-3,我有一條特別了不起的神經
6385-14-1,我有一條特別了不起的神經
6385-14-2,我有一條特別了不起的神經
6385-14-3,我有一條特別了不起的神經
6385-16-1,我有一條特別了不起的神經
6385-16-2,我有一條特別了不起的神經
6385-16-3,我有一條特別了不起的神經
6385-20-1,我有一條特別了不起的神經
6385-20-2,我有一條特別了不起的神經
6385-20-3,我有一條特別了不起的神經
6385-20-4,我有一條特別了不起的神經
6385-21-1,我有一條特別了不起的神經
6385-21-2,我有一條特別了不起的神經
6385-21-3,我有一條特別了不起的神經
6385-5-1,我有一條特別了不起的神經
6385-5-2,我有一條特別了不起的神經
6385-5-3,我有一條特別了不起的神經
6385-7-1,我有一條特別了不起的神經
6385-7-2,我有一條特別了不起的神經
6385-7-3,我有一條特別了不起的神經
6385-8-1,我有一條特別了不起的神經
6385-8-2,我有一條特別了不起的神經
6385-8-3,我有一條特別了不起的神經
6388-1-1,我有一條特別了不起的神經
6388-1-2,我有一條特別了不起的神經
6388-1-3,我有一條特別了不起的神經
6405-11-1,我有一條特別了不起的神經
6405-11-2,我有一條特別了不起的神經
6405-11-3,我有一條特別了不起的神經
6405-12-1,我有一條特別了不起的神經
6405-12-2,我有一條特別了不起的神經
6405-12-3,我有一條特別了不起的神經
6405-12-4,我有一條特別了不起的神經
6405-16-1,我有一條特別了不起的神經
6405-16-2,我有一條特別了不起的神經
6405-16-3,我有一條特別了不起的神經
6405-5-1,我有一條特別了不起的神經
6405-5-2,我有一條特別了不起的神經
6405-5-3,我有一條特別了不起的神經
6405-5-4,我有一條特別了不起的神經
6405-6-1,我有一條特別了不起的神經
6405-6-2,我有一條特別了不起的神經
6405-6-3,我有一條特別了不起的神經
6405-8-1,我有一條特別了不起的神經
6405-8-2,我有一條特別了不起的神經
6405-8-3,我有一條特別了不起的神經
6410-1-1,我有一條特別了不起的神經
6410-1-2,我有一條特別了不起的神經
6410-1-3,我有一條特別了不起的神經
6410-3-1,我有一條特別了不起的神經
6410-3-2,我有一條特別了不起的神經
6410-3-3,我有一條特別了不起的神經
6410-3-4,我有一條特別了不起的神經
6412-2-1,我有一條特別了不起的神經
6412-2-2,我有一條特別了不起的神經
6412-2-3,我有一條特別了不起的神經
6413-3-1,我有一條特別了不起的神經
6413-3-2,我有一條特別了不起的神經
6413-3-3,我有一條特別了不起的神經
6415-3-1,我有一條特別了不起的神經
6415-3-2,我有一條特別了不起的神經
6415-3-3,我有一條特別了不起的神經
6415-3-4,我有一條特別了不起的神經
6415-4-1,我有一條特別了不起的神經
6415-4-2,我有一條特別了不起的神經
6415-4-3,我有一條特別了不起的神經
6418-1-1,我有一條特別了不起的神經
6418-1-2,我有一條特別了不起的神經
6418-1-3,我有一條特別了不起的神經
6418-1-4,我有一條特別了不起的神經
6419-2-1,我有一條特別了不起的神經
6419-2-2,我有一條特別了不起的神經
6419-2-3,我有一條特別了不起的神經
6424-11-1,我有一條特別了不起的神經
6424-11-2,我有一條特別了不起的神經
6424-11-3,我有一條特別了不起的神經
6424-13-1,我有一條特別了不起的神經
6424-13-2,我有一條特別了不起的神經
6424-13-3,我有一條特別了不起的神經
6424-14-1,我有一條特別了不起的神經
6424-14-2,我有一條特別了不起的神經
6424-14-3,我有一條特別了不起的神經
6424-15-1,我有一條特別了不起的神經
6424-15-2,我有一條特別了不起的神經
6424-15-3,我有一條特別了不起的神經
6424-17-1,我有一條特別了不起的神經
6424-17-2,我有一條特別了不起的神經
6424-17-3,我有一條特別了不起的神經
6424-25-1,我有一條特別了不起的神經
6424-25-2,我有一條特別了不起的神經
6424-25-3,我有一條特別了不起的神經
6424-3-1,我有一條特別了不起的神經
6424-3-2,我有一條特別了不起的神經
6424-3-3,我有一條特別了不起的神經
6429-2-1,我有一條特別了不起的神經
6429-2-2,我有一條特別了不起的神經
6429-2-3,我有一條特別了不起的神經
6433-1-1,我有一條特別了不起的神經
6433-1-2,我有一條特別了不起的神經
6433-1-3,我有一條特別了不起的神經
6433-2-1,我有一條特別了不起的神經
6433-2-2,我有一條特別了不起的神經
6433-2-3,我有一條特別了不起的神經
6433-2-4,我有一條特別了不起的神經
6433-3-1,我有一條特別了不起的神經
6433-3-2,我有一條特別了不起的神經
6433-3-3,我有一條特別了不起的神經
6439-3-1,我有一條特別了不起的神經
6439-3-2,我有一條特別了不起的神經
6439-3-3,我有一條特別了不起的神經
6445-1-1,我有一條特別了不起的神經
6445-1-2,我有一條特別了不起的神經
6445-1-3,我有一條特別了不起的神經
6450-2-1,我有一條特別了不起的神經
6450-2-2,我有一條特別了不起的神經
6450-2-3,我有一條特別了不起的神經
6450-3-1,我有一條特別了不起的神經
6450-3-2,我有一條特別了不起的神經
6450-3-3,我有一條特別了不起的神經
6450-4-1,我有一條特別了不起的神經
6450-4-2,我有一條特別了不起的神經
6450-4-3,我有一條特別了不起的神經
6451-3-1,我有一條特別了不起的神經
6451-3-2,我有一條特別了不起的神經
6451-3-3,我有一條特別了不起的神經
6451-3-4,我有一條特別了不起的神經
6451-4-1,我有一條特別了不起的神經
6451-4-2,我有一條特別了不起的神經
6451-4-3,我有一條特別了不起的神經
6451-6-1,我有一條特別了不起的神經
6451-6-2,我有一條特別了不起的神經
6451-6-3,我有一條特別了不起的神經
6455-4-1,我有一條特別了不起的神經
6455-4-2,我有一條特別了不起的神經
6455-4-3,我有一條特別了不起的神經
6456-1-1,我有一條特別了不起的神經
6456-1-2,我有一條特別了不起的神經
6456-1-3,我有一條特別了不起的神經
6456-1-4,我有一條特別了不起的神經
6456-2-1,我有一條特別了不起的神經
6456-2-2,我有一條特別了不起的神經
6456-2-3,我有一條特別了不起的神經
6464-7-1,我有一條特別了不起的神經
6464-7-2,我有一條特別了不起的神經
6464-7-3,我有一條特別了不起的神經
6478-10-1,我有一條特別了不起的神經
6478-10-2,我有一條特別了不起的神經
6478-10-3,我有一條特別了不起的神經
6478-15-1,我有一條特別了不起的神經
6478-15-2,我有一條特別了不起的神經
6478-15-3,我有一條特別了不起的神經
6478-15-4,我有一條特別了不起的神經
6478-2-1,我有一條特別了不起的神經
6478-2-2,我有一條特別了不起的神經
6478-2-3,我有一條特別了不起的神經
6478-23-1,我有一條特別了不起的神經
6478-23-2,我有一條特別了不起的神經
6478-23-3,我有一條特別了不起的神經
6478-25-1,我有一條特別了不起的神經
6478-25-2,我有一條特別了不起的神經
6478-25-3,我有一條特別了不起的神經
6478-25-4,我有一條特別了不起的神經
6478-28-1,我有一條特別了不起的神經
6478-28-2,我有一條特別了不起的神經
6478-28-3,我有一條特別了不起的神經
6478-28-4,我有一條特別了不起的神經
6478-3-1,我有一條特別了不起的神經
6478-3-2,我有一條特別了不起的神經
6478-3-3,我有一條特別了不起的神經
6479-2-1,我有一條特別了不起的神經
6479-2-2,我有一條特別了不起的神經
6479-2-3,我有一條特別了不起的神經
6479-3-1,我有一條特別了不起的神經
6479-3-2,我有一條特別了不起的神經
6479-3-3,我有一條特別了不起的神經
6479-4-1,我有一條特別了不起的神經
6479-4-2,我有一條特別了不起的神經
6479-4-3,我有一條特別了不起的神經
6479-4-4,我有一條特別了不起的神經
6491-1-1,我有一條特別了不起的神經
6491-1-2,我有一條特別了不起的神經
6491-1-3,我有一條特別了不起的神經
6491-10-1,我有一條特別了不起的神經
6491-10-2,我有一條特別了不起的神經
6491-10-3,我有一條特別了不起的神經
6491-13-1,我有一條特別了不起的神經
6491-13-2,我有一條特別了不起的神經
6491-13-3,我有一條特別了不起的神經
6491-4-1,我有一條特別了不起的神經
6491-4-2,我有一條特別了不起的神經
6491-4-3,我有一條特別了不起的神經
6493-4-1,我有一條特別了不起的神經
6493-4-2,我有一條特別了不起的神經
6493-4-3,我有一條特別了不起的神經
6499-1-1,我有一條特別了不起的神經
6499-1-2,我有一條特別了不起的神經
6499-1-3,我有一條特別了不起的神經
6499-1-4,我有一條特別了不起的神經
6499-3-1,我有一條特別了不起的神經
6499-3-2,我有一條特別了不起的神經
6499-3-3,我有一條特別了不起的神經
6501-2-1,我有一條特別了不起的神經
6501-2-2,我有一條特別了不起的神經
6501-2-3,我有一條特別了不起的神經
6502-2-1,我有一條特別了不起的神經
6502-2-2,我有一條特別了不起的神經
6502-2-3,我有一條特別了不起的神經
6509-1-1,我有一條特別了不起的神經
6509-1-2,我有一條特別了不起的神經
6509-1-3,我有一條特別了不起的神經
6509-2-1,我有一條特別了不起的神經
6509-2-2,我有一條特別了不起的神經
6509-2-3,我有一條特別了不起的神經
6513-1-1,我有一條特別了不起的神經
6513-1-2,我有一條特別了不起的神經
6513-1-3,我有一條特別了不起的神經
6513-10-1,我有一條特別了不起的神經
6513-10-2,我有一條特別了不起的神經
6513-10-3,我有一條特別了不起的神經
6513-3-1,我有一條特別了不起的神經
6513-3-2,我有一條特別了不起的神經
6513-3-3,我有一條特別了不起的神經
6516-2-1,我有一條特別了不起的神經
6516-2-2,我有一條特別了不起的神經
6516-2-3,我有一條特別了不起的神經
6516-4-1,我有一條特別了不起的神經
6516-4-2,我有一條特別了不起的神經
6516-4-3,我有一條特別了不起的神經
6516-5-1,我有一條特別了不起的神經
6516-5-2,我有一條特別了不起的神經
6516-5-3,我有一條特別了不起的神經
6519-1-1,我有一條特別了不起的神經
6519-1-2,我有一條特別了不起的神經
6519-1-3,我有一條特別了不起的神經
